query,sop,score
发票金额和订单不一致怎么办,处理规则：退款完成后可能需要红冲已开具发票，完成后更新工单状态。,0.8
咨询一下领了优惠券结算时不生效怎么处理,SOP：当满减券不生效时，检查结算商品是否参与活动以及是否已达到最低使用门槛，必要时联系人工客服协助。,0.8
手机号换了收不到验证码怎么办,SOP：当系统提示密码错误时，引导用户确认账号信息后使用找回密码流程重置密码，完成后更新工单状态。,0.8
请教一下支付时优惠券失效了怎么办,标准流程：当满减券不生效时，检查结算商品是否参与活动以及是否已达到最低使用门槛，必要时联系人工客服协助。,0.8
我想知道手机号换了收不到验证码怎么办,标准流程：当登录需要二次验证时，校验绑定手机或邮箱验证码，验证通过后允许登录，必要时联系人工客服协助。,0.8
请问怎么申请发票怎么处理,处理规则：若开票金额与订单不一致，需先核对优惠、退款和实付金额后再处理，完成后更新工单状态。,0.8
请教一下登录时一直提示密码不对怎么办,当用户登录失败时，检查网络状态、客户端版本和缓存，再重新尝试登录,0.8
登录提示需要身份验证怎么处理,SOP：当账号存在安全风险时，需先完成安全验证，验证通过后才能继续登录,0.8
支付时优惠券失效了怎么办,建议处理：当支付时优惠券失效，可能因活动结束或库存变更导致，需重新刷新结算页确认可用优惠，完成后更新工单状态。,0.8
帮我看看发票金额和订单不一致怎么办,退款完成后可能需要红冲已开具发票,0.8
订单已发货还能拦截吗应该怎么弄,标准流程：当订单已发货但需拦截时，联系商家发起物流拦截申请，拦截成功后再安排退款或重发,0.8
我想知道电子发票在哪里下载,处理规则：退款完成后可能需要红冲已开具发票，并在系统中记录处理结果。,0.8
咨询一下电子发票在哪里下载该怎么办,SOP：若开票金额与订单不一致，需先核对优惠、退款和实付金额后再处理。,0.8
咨询一下商品坏了怎么走售后应该怎么弄,当退款迟迟未到账时，先核对退款状态和原支付渠道到账周期，超时后联系客服处理,0.8
帮我看看怎么申请发票怎么处理,标准流程：订单完成后可在发票中心提交开票信息，审核通过后生成电子发票并发送到预留邮箱,0.8
请问优惠券被回收了怎么办,建议处理：当新人券无法使用时，确认账号是否为新用户以及是否符合新人活动规则。,0.8
麻烦问一下订单已发货还能拦截吗应该怎么弄,当发货超时未出库时，提醒商家尽快发货，超出承诺时效可申请补偿或取消订单,0.8
登录提示需要身份验证怎么处理,SOP：当用户忘记密码时，点击忘记密码按钮并完成身份校验后重置密码，恢复账号访问，必要时联系人工客服协助。,0.8
咨询一下领了优惠券结算时不生效怎么处理,当满减券不生效时，检查结算商品是否参与活动以及是否已达到最低使用门槛。,0.8
帮我看看银行卡扣款了但订单没生成怎么办,若支付渠道维护中，可引导用户稍后重试或切换到其他支付方式，完成后更新工单状态。,0.8
我想知道手机号换了收不到验证码怎么办,标准流程：当账号因输错密码次数过多被锁定时，等待解锁时间结束或通过身份验证解锁后重新登录,0.8
为什么提示不满足优惠条件,当优惠券无法使用时，先核对有效期、适用商品范围和订单金额是否满足使用条件,0.8
商品坏了怎么走售后,处理规则：当退货物流信息填错时，及时修改正确单号并同步给商家以继续售后流程。,0.8
帮我看看登录提示需要身份验证怎么处理,当用户忘记密码时，点击忘记密码按钮并完成身份校验后重置密码，恢复账号访问，必要时联系人工客服协助。,0.8
电子发票在哪里下载有没有处理办法,建议处理：如发票下载链接失效，可在发票记录页重新生成下载链接，完成后更新工单状态。,0.8
订单已发货还能拦截吗,SOP：当包裹显示签收但用户未收到时，先联系派件员核实签收情况，必要时申请丢件调查或补发，完成后更新工单状态。,0.8
想问下手机号换了收不到验证码怎么办,当用户收不到短信验证码时，先检查手机号绑定状态，再切换邮箱验证或联系客服处理,0.8
我想知道包裹丢了怎么处理,当发货前发现地址填写错误时，可在商家发货前申请修改收货地址，必要时联系人工客服协助。,0.8
帮我看看发票金额和订单不一致怎么办,处理规则：退款完成后可能需要红冲已开具发票，完成后更新工单状态。,0.8
发货太慢怎么催,若用户急需商品，可优先与商家协商更换配送方式,0.8
支付时报错了怎么办,SOP：当支付被风控拦截时，需完成风险验证或更换支付账户后重新尝试付款，完成后更新工单状态。,0.8
包裹丢了怎么处理,处理规则：当发货前发现地址填写错误时，可在商家发货前申请修改收货地址，必要时联系人工客服协助。,0.8
咨询一下用户忘记密码登录不了怎么办,标准流程：当密码重置仍失败时，可提交人工审核工单，由客服核验身份后恢复账号访问,0.8
订单完成后怎么补开发票,如发票下载链接失效，可在发票记录页重新生成下载链接。,0.8
想问下为什么提示不满足优惠条件有没有处理办法,标准流程：当满减券不生效时，检查结算商品是否参与活动以及是否已达到最低使用门槛，并在系统中记录处理结果。,0.8
咨询一下快递停滞几天了怎么办,SOP：当包裹显示签收但用户未收到时，先联系派件员核实签收情况，必要时申请丢件调查或补发，完成后更新工单状态。,0.8
请问商品坏了怎么走售后要怎么解决,处理规则：当退货物流信息填错时，及时修改正确单号并同步给商家以继续售后流程，必要时联系人工客服协助。,0.8
请教一下支付时优惠券失效了怎么办,处理规则：店铺券和平台券能否叠加需以活动规则为准，不支持叠加时仅可选择其中一种使用。,0.8
我想知道新人券不能使用怎么处理,SOP：当优惠券无法使用时，先核对有效期、适用商品范围和订单金额是否满足使用条件,0.8
想问下发票金额和订单不一致怎么办,标准流程：若开票金额与订单不一致，需先核对优惠、退款和实付金额后再处理，必要时联系人工客服协助。,0.8
想问下支付成功但页面显示未支付怎么办,标准流程：若支付密码连续输错，可先重置支付密码后再尝试完成付款。,0.8
发票审核失败怎么办,建议处理：退款完成后可能需要红冲已开具发票,0.8
满减券不能用怎么办,处理规则：当新人券无法使用时，确认账号是否为新用户以及是否符合新人活动规则。,0.8
商品有问题怎么退货如何处理,处理规则：当退款迟迟未到账时，先核对退款状态和原支付渠道到账周期，超时后联系客服处理,0.8
账号被锁了怎么恢复登录,建议处理：当密码重置仍失败时，可提交人工审核工单，由客服核验身份后恢复账号访问,0.8
请问为什么提示不满足优惠条件,当优惠券无法使用时，先核对有效期、适用商品范围和订单金额是否满足使用条件，完成后更新工单状态。,0.8
订单完成后怎么补开发票,标准流程：订单完成后可在发票中心提交开票信息，审核通过后生成电子发票并发送到预留邮箱，必要时联系人工客服协助。,0.8
麻烦问一下微信支付后状态一直未更新怎么办,当支付被风控拦截时，需完成风险验证或更换支付账户后重新尝试付款,0.8
麻烦问一下退款一直没到账怎么处理,标准流程：当用户申请退款时，在订单详情页提交退款原因并等待商家审核，审核通过后原路退款，必要时联系人工客服协助。,0.8
请问支付时优惠券失效了怎么办,店铺券和平台券能否叠加需以活动规则为准，不支持叠加时仅可选择其中一种使用,0.8
请教一下优惠券过期了还能恢复吗如何处理,处理规则：店铺券和平台券能否叠加需以活动规则为准，不支持叠加时仅可选择其中一种使用,0.8
麻烦问一下电子发票在哪里下载,订单完成后可在发票中心提交开票信息，审核通过后生成电子发票并发送到预留邮箱,0.8
请问新人券不能使用怎么处理,建议处理：当满减券不生效时，检查结算商品是否参与活动以及是否已达到最低使用门槛。,0.8
想问下快递显示签收但我没收到怎么办,当物流长时间未更新时，先核对承运商节点信息，再联系物流公司或商家发起物流异常核查，完成后更新工单状态。,0.8
我想知道订单完成后怎么补开发票怎么处理,处理规则：当电子发票未收到时，先检查邮箱垃圾箱，再到订单详情页重新下载电子发票，必要时联系人工客服协助。,0.8
请问收到货不满意可以退吗应该怎么弄,标准流程：若退款原路失败，系统会提示用户补充退款账户信息,0.8
包裹丢了怎么处理,当发货前发现地址填写错误时，可在商家发货前申请修改收货地址，必要时联系人工客服协助。,0.8
想问下账号被锁了怎么恢复登录,当密码重置仍失败时，可提交人工审核工单，由客服核验身份后恢复账号访问,0.8
咨询一下手机号换了收不到验证码怎么办,当登录需要二次验证时，校验绑定手机或邮箱验证码，验证通过后允许登录,0.8
麻烦问一下快递显示签收但我没收到怎么办,当物流长时间未更新时，先核对承运商节点信息，再联系物流公司或商家发起物流异常核查,0.8
活动价和优惠券能叠加吗该怎么办,店铺券和平台券能否叠加需以活动规则为准，不支持叠加时仅可选择其中一种使用，并在系统中记录处理结果。,0.8
咨询一下企业发票怎么开,处理规则：企业发票需填写公司名称、税号等开票信息，审核通过后方可开具,0.8
请教一下收到货不满意可以退吗要怎么解决,建议处理：若退款原路失败，系统会提示用户补充退款账户信息,0.8
请问满减券不能用怎么办,建议处理：若优惠券被系统回收，可能与订单取消、退款或违规活动有关，完成后更新工单状态。,0.8
我想知道手机号换了收不到验证码怎么办,SOP：当系统提示密码错误时，引导用户确认账号信息后使用找回密码流程重置密码，必要时联系人工客服协助。,0.8
收到货不满意可以退吗,处理规则：平台介入后会根据聊天记录、物流记录和凭证材料综合判定。,0.8
请教一下登录时一直提示密码不对怎么办,当登录需要二次验证时，校验绑定手机或邮箱验证码，验证通过后允许登录,0.8
退货物流填错了怎么办,处理规则：商家审核通过后需在规定时间内寄回商品，否则退款申请可能关闭,0.8
退款审核要多久应该怎么弄,若退款原路失败，系统会提示用户补充退款账户信息，并在系统中记录处理结果。,0.8
请问订单支付失败怎么办,SOP：如支付成功但未收到通知，可在消息中心或订单列表中手动刷新状态，并在系统中记录处理结果。,0.8
咨询一下发票金额和订单不一致怎么办,处理规则：如发票下载链接失效，可在发票记录页重新生成下载链接,0.8
请问发货太慢怎么催怎么处理,若用户急需商品，可优先与商家协商更换配送方式,0.8
咨询一下手机号换了收不到验证码怎么办,SOP：当用户收不到短信验证码时，先检查手机号绑定状态，再切换邮箱验证或联系客服处理，完成后更新工单状态。,0.8
帮我看看优惠券过期了还能恢复吗怎么处理,当新人券无法使用时，确认账号是否为新用户以及是否符合新人活动规则,0.8
我想知道手机号换了收不到验证码怎么办,处理规则：当系统提示密码错误时，引导用户确认账号信息后使用找回密码流程重置密码。,0.8
麻烦问一下快递停滞几天了怎么办,当物流长时间未更新时，先核对承运商节点信息，再联系物流公司或商家发起物流异常核查,0.8
发货太慢怎么催该怎么办,当订单已发货但需拦截时，联系商家发起物流拦截申请，拦截成功后再安排退款或重发。,0.8
请教一下订单已发货还能拦截吗要怎么解决,SOP：当发货超时未出库时，提醒商家尽快发货，超出承诺时效可申请补偿或取消订单,0.8
帮我看看地址填错了还能改吗,SOP：当订单已发货但需拦截时，联系商家发起物流拦截申请，拦截成功后再安排退款或重发，必要时联系人工客服协助。,0.8
手机号换了收不到验证码怎么办,当用户收不到短信验证码时，先检查手机号绑定状态，再切换邮箱验证或联系客服处理,0.8
麻烦问一下什么时候发货该怎么办,处理规则：物流停滞受天气、节假日或中转异常影响时，可等待一到两天后再观察节点更新，必要时联系人工客服协助。,0.8
账号被锁了怎么恢复登录,处理规则：当用户收不到短信验证码时，先检查手机号绑定状态，再切换邮箱验证或联系客服处理。,0.8
请教一下用户无法登录系统怎么处理,标准流程：当账号存在安全风险时，需先完成安全验证，验证通过后才能继续登录,0.8
咨询一下什么时候发货要怎么解决,标准流程：物流停滞受天气、节假日或中转异常影响时，可等待一到两天后再观察节点更新，完成后更新工单状态。,0.8
请问用户忘记密码登录不了怎么办,SOP：当用户忘记密码时，点击忘记密码按钮并完成身份校验后重置密码，恢复账号访问，并在系统中记录处理结果。,0.8
帮我看看下单付款时提示风控拦截怎么办,当扣款成功但订单未更新为已支付时，查询支付回调记录并触发补单流程修正订单状态,0.8
请问订单已发货还能拦截吗如何处理,订单详情页可查看物流单号并跳转到承运商页面查询,0.8
请问地址填错了还能改吗,若用户急需商品，可优先与商家协商更换配送方式,0.8
麻烦问一下优惠券被回收了怎么办,店铺券和平台券能否叠加需以活动规则为准，不支持叠加时仅可选择其中一种使用,0.8
我想知道为什么提示不满足优惠条件如何处理,当优惠券无法使用时，先核对有效期、适用商品范围和订单金额是否满足使用条件，完成后更新工单状态。,0.8
请教一下发票一直没开出来怎么办,处理规则：发票审核失败通常与抬头、税号或邮箱格式错误有关，修改后可重新提交，完成后更新工单状态。,0.8
麻烦问一下登录提示需要身份验证怎么处理,当登录需要二次验证时，校验绑定手机或邮箱验证码，验证通过后允许登录,0.8
我想知道支付宝支付失败怎么办,处理规则：当页面显示未支付但支付已成功时，以支付流水为准进行订单状态校正，必要时联系人工客服协助。,0.8
想问下登录提示需要身份验证怎么处理,当用户忘记密码时，点击忘记密码按钮并完成身份校验后重置密码，恢复账号访问,0.8
请教一下发票抬头填错了怎么办,标准流程：如发票下载链接失效，可在发票记录页重新生成下载链接。,0.8
我想知道售后申请被拒绝怎么办,当退货物流信息填错时，及时修改正确单号并同步给商家以继续售后流程,0.8
用户无法登录系统怎么处理,当账号存在安全风险时，需先完成安全验证，验证通过后才能继续登录,0.8
退款审核要多久,若退款原路失败，系统会提示用户补充退款账户信息，并在系统中记录处理结果。,0.8
想问下发票抬头填错了怎么办,处理规则：订单完成后可在发票中心提交开票信息，审核通过后生成电子发票并发送到预留邮箱，完成后更新工单状态。,0.8
麻烦问一下满减券不能用怎么办,当支付时优惠券失效，可能因活动结束或库存变更导致，需重新刷新结算页确认可用优惠，完成后更新工单状态。,0.8
请教一下退款一直没到账怎么处理,若退款原路失败，系统会提示用户补充退款账户信息,0.8
请教一下退款一直没到账怎么处理,SOP：若退款原路失败，系统会提示用户补充退款账户信息，完成后更新工单状态。,0.8
快递停滞几天了怎么办,当物流长时间未更新时，先核对承运商节点信息，再联系物流公司或商家发起物流异常核查，完成后更新工单状态。,0.8
请问快递异常怎么处理,建议处理：物流停滞受天气、节假日或中转异常影响时，可等待一到两天后再观察节点更新，并在系统中记录处理结果。,0.8
订单已发货还能拦截吗要怎么解决,当发货超时未出库时，提醒商家尽快发货，超出承诺时效可申请补偿或取消订单,0.8
请教一下快递停滞几天了怎么办,当物流长时间未更新时，先核对承运商节点信息，再联系物流公司或商家发起物流异常核查，并在系统中记录处理结果。,0.8
满减券不能用怎么办,当支付时优惠券失效，可能因活动结束或库存变更导致，需重新刷新结算页确认可用优惠,0.8
请教一下订单重复扣款怎么退款要怎么解决,当支付被风控拦截时，需完成风险验证或更换支付账户后重新尝试付款，完成后更新工单状态。,0.8
我想知道退货物流填错了怎么办,签收后七天内可申请无理由退货，超出时限需按商品规则处理,0.8
登录提示需要身份验证怎么处理,当用户忘记密码时，点击忘记密码按钮并完成身份校验后重置密码，恢复账号访问,0.8
帮我看看退款一直没到账怎么处理,建议处理：若退款原路失败，系统会提示用户补充退款账户信息,0.8
我想知道支付时报错了怎么办,SOP：当支付被风控拦截时，需完成风险验证或更换支付账户后重新尝试付款,0.8
下单付款时提示风控拦截怎么办,处理规则：当扣款成功但订单未更新为已支付时，查询支付回调记录并触发补单流程修正订单状态，并在系统中记录处理结果。,0.8
麻烦问一下商品坏了怎么走售后该怎么办,当退款迟迟未到账时，先核对退款状态和原支付渠道到账周期，超时后联系客服处理,0.8
想问下付款后订单一直没成功怎么处理,标准流程：当支付页面长时间无响应时，建议刷新页面或重新进入订单详情页查看最新支付状态，完成后更新工单状态。,0.8
退款后发票怎么处理,退款完成后可能需要红冲已开具发票,0.8
麻烦问一下地址填错了还能改吗,处理规则：对于国际物流，清关阶段可能导致物流更新较慢，完成后更新工单状态。,0.8
麻烦问一下商品坏了怎么走售后该怎么办,处理规则：当退款迟迟未到账时，先核对退款状态和原支付渠道到账周期，超时后联系客服处理。,0.8
退款审核要多久怎么处理,若退款原路失败，系统会提示用户补充退款账户信息。,0.8
请问怎么申请发票,当电子发票未收到时，先检查邮箱垃圾箱，再到订单详情页重新下载电子发票,0.8
请教一下登录提示需要身份验证怎么处理,当用户收不到短信验证码时，先检查手机号绑定状态，再切换邮箱验证或联系客服处理,0.8
请问满减券不能用怎么办,若优惠券被系统回收，可能与订单取消、退款或违规活动有关,0.8
麻烦问一下支付时优惠券失效了怎么办,当新人券无法使用时，确认账号是否为新用户以及是否符合新人活动规则,0.8
请问发票一直没开出来怎么办,处理规则：当退款发生后，如已开具发票需按规则申请红字发票或作废处理,0.8
想问下手机号换了收不到验证码怎么办,标准流程：当登录需要二次验证时，校验绑定手机或邮箱验证码，验证通过后允许登录，必要时联系人工客服协助。,0.8
收到货不满意可以退吗如何处理,处理规则：平台介入后会根据聊天记录、物流记录和凭证材料综合判定，必要时联系人工客服协助。,0.8
优惠券为什么用不了有没有处理办法,当支付时优惠券失效，可能因活动结束或库存变更导致，需重新刷新结算页确认可用优惠，并在系统中记录处理结果。,0.8
支付时优惠券失效了怎么办,建议处理：当支付时优惠券失效，可能因活动结束或库存变更导致，需重新刷新结算页确认可用优惠，并在系统中记录处理结果。,0.8
订单支付失败怎么办,SOP：当支付被风控拦截时，需完成风险验证或更换支付账户后重新尝试付款,0.8
咨询一下商家拒绝退款怎么办,处理规则：当商品存在质量问题时，上传问题图片后发起退货退款申请，并按要求寄回商品，并在系统中记录处理结果。,0.8
麻烦问一下电子发票在哪里下载,如发票下载链接失效，可在发票记录页重新生成下载链接,0.8
手机号换了收不到验证码怎么办,处理规则：当系统提示密码错误时，引导用户确认账号信息后使用找回密码流程重置密码。,0.8
我想知道快递异常怎么处理,如快递异常退回仓库，需确认是否重新发货或直接退款,0.8
帮我看看企业发票怎么开该怎么办,处理规则：企业发票需填写公司名称、税号等开票信息，审核通过后方可开具,0.8
帮我看看活动价和优惠券能叠加吗,部分优惠券仅限特定类目、商家或支付方式使用，需查看券面说明,0.8
想问下登录提示需要身份验证怎么处理,当登录需要二次验证时，校验绑定手机或邮箱验证码，验证通过后允许登录,0.8
发票审核失败怎么办,企业发票需填写公司名称、税号等开票信息，审核通过后方可开具,0.8
咨询一下银行卡扣款了但订单没生成怎么办,建议处理：当支付被风控拦截时，需完成风险验证或更换支付账户后重新尝试付款,0.8
咨询一下支付时报错了怎么办,标准流程：当扣款成功但订单未更新为已支付时，查询支付回调记录并触发补单流程修正订单状态，并在系统中记录处理结果。,0.8
咨询一下发票审核失败怎么办,当退款发生后，如已开具发票需按规则申请红字发票或作废处理,0.8
请问支付宝支付失败怎么办,当页面显示未支付但支付已成功时，以支付流水为准进行订单状态校正,0.8
想问下退货物流填错了怎么办,建议处理：签收后七天内可申请无理由退货，超出时限需按商品规则处理，完成后更新工单状态。,0.8
想问下手机号换了收不到验证码怎么办,标准流程：当登录需要二次验证时，校验绑定手机或邮箱验证码，验证通过后允许登录，并在系统中记录处理结果。,0.8
请问优惠券被回收了怎么办,当新人券无法使用时，确认账号是否为新用户以及是否符合新人活动规则,0.8
订单想退款怎么操作,SOP：签收后七天内可申请无理由退货，超出时限需按商品规则处理，并在系统中记录处理结果。,0.8
想问下发票一直没开出来怎么办,SOP：退款完成后可能需要红冲已开具发票。,0.8
帮我看看企业发票怎么开该怎么办,标准流程：企业发票需填写公司名称、税号等开票信息，审核通过后方可开具。,0.8
我想知道为什么提示不满足优惠条件,处理规则：当满减券不生效时，检查结算商品是否参与活动以及是否已达到最低使用门槛，并在系统中记录处理结果。,0.8
请问订单完成后怎么补开发票如何处理,建议处理：如发票下载链接失效，可在发票记录页重新生成下载链接，完成后更新工单状态。,0.8
请问怎么申请发票怎么处理,若开票金额与订单不一致，需先核对优惠、退款和实付金额后再处理,0.8
我想知道退款一直没到账怎么处理,当用户申请退款时，在订单详情页提交退款原因并等待商家审核，审核通过后原路退款,0.8
领了优惠券结算时不生效,当新人券无法使用时，确认账号是否为新用户以及是否符合新人活动规则。,0.8
请教一下支付时优惠券失效了怎么办,建议处理：当满减券不生效时，检查结算商品是否参与活动以及是否已达到最低使用门槛，必要时联系人工客服协助。,0.8
退货物流填错了怎么办,SOP：商家审核通过后需在规定时间内寄回商品，否则退款申请可能关闭，完成后更新工单状态。,0.8
怎么申请退款,SOP：当售后被拒绝时，可根据拒绝原因补充凭证后再次提交或申请平台介入，完成后更新工单状态。,0.8
帮我看看用户忘记密码登录不了怎么办,SOP：当用户忘记密码时，点击忘记密码按钮并完成身份校验后重置密码，恢复账号访问，并在系统中记录处理结果。,0.8
地址填错了还能改吗,处理规则：对于国际物流，清关阶段可能导致物流更新较慢，完成后更新工单状态。,0.8
想问下账号被锁了怎么恢复登录,SOP：当密码重置仍失败时，可提交人工审核工单，由客服核验身份后恢复账号访问。,0.8
我想知道支付时优惠券失效了怎么办,建议处理：当支付时优惠券失效，可能因活动结束或库存变更导致，需重新刷新结算页确认可用优惠，完成后更新工单状态。,0.8
想问下优惠券被回收了怎么办,标准流程：店铺券和平台券能否叠加需以活动规则为准，不支持叠加时仅可选择其中一种使用,0.8
我想知道店铺券和平台券怎么一起用如何处理,标准流程：若购物车内含不参与活动商品，可能导致整单无法使用指定优惠券，并在系统中记录处理结果。,0.8
麻烦问一下发货太慢怎么催要怎么解决,当物流长时间未更新时，先核对承运商节点信息，再联系物流公司或商家发起物流异常核查，必要时联系人工客服协助。,0.8
我想知道领了优惠券结算时不生效有没有处理办法,SOP：当满减券不生效时，检查结算商品是否参与活动以及是否已达到最低使用门槛，必要时联系人工客服协助。,0.8
想问下优惠券过期了还能恢复吗有没有处理办法,标准流程：店铺券和平台券能否叠加需以活动规则为准，不支持叠加时仅可选择其中一种使用，并在系统中记录处理结果。,0.8
我想知道新人券不能使用怎么处理,当满减券不生效时，检查结算商品是否参与活动以及是否已达到最低使用门槛,0.8
帮我看看银行卡扣款了但订单没生成怎么办,标准流程：当出现重复扣款时，核对支付流水后发起原路退款，仅保留一笔有效订单,0.8
退款审核要多久,若退款原路失败，系统会提示用户补充退款账户信息,0.8
我想知道包裹丢了怎么处理,标准流程：当发货前发现地址填写错误时，可在商家发货前申请修改收货地址，完成后更新工单状态。,0.8
请教一下领了优惠券结算时不生效有没有处理办法,SOP：当满减券不生效时，检查结算商品是否参与活动以及是否已达到最低使用门槛，必要时联系人工客服协助。,0.8
商品有问题怎么退货,标准流程：当退款迟迟未到账时，先核对退款状态和原支付渠道到账周期，超时后联系客服处理，并在系统中记录处理结果。,0.8
请问发票邮箱填错了怎么改要怎么解决,企业发票需填写公司名称、税号等开票信息，审核通过后方可开具，必要时联系人工客服协助。,0.8
请问发票邮箱填错了怎么改要怎么解决,企业发票需填写公司名称、税号等开票信息，审核通过后方可开具,0.8
下单付款时提示风控拦截怎么办,当扣款成功但订单未更新为已支付时，查询支付回调记录并触发补单流程修正订单状态，必要时联系人工客服协助。,0.8
麻烦问一下微信支付后状态一直未更新怎么办,建议处理：当支付被风控拦截时，需完成风险验证或更换支付账户后重新尝试付款,0.8
请教一下发票邮箱填错了怎么改应该怎么弄,企业发票需填写公司名称、税号等开票信息，审核通过后方可开具,0.8
请问登录时一直提示密码不对怎么办,标准流程：当用户登录失败时，检查网络状态、客户端版本和缓存，再重新尝试登录。,0.8
手机号换了收不到验证码怎么办,标准流程：当用户收不到短信验证码时，先检查手机号绑定状态，再切换邮箱验证或联系客服处理,0.8
想问下用户忘记密码登录不了怎么办,标准流程：当密码重置仍失败时，可提交人工审核工单，由客服核验身份后恢复账号访问,0.8
咨询一下什么时候发货如何处理,标准流程：物流停滞受天气、节假日或中转异常影响时，可等待一到两天后再观察节点更新，完成后更新工单状态。,0.8
我想知道付款后订单一直没成功怎么处理,建议处理：当页面显示未支付但支付已成功时，以支付流水为准进行订单状态校正，并在系统中记录处理结果。,0.8
我想知道登录提示需要身份验证怎么处理,当用户收不到短信验证码时，先检查手机号绑定状态，再切换邮箱验证或联系客服处理,0.8
帮我看看下单付款时提示风控拦截怎么办,处理规则：当扣款成功但订单未更新为已支付时，查询支付回调记录并触发补单流程修正订单状态，并在系统中记录处理结果。,0.8
想问下地址填错了还能改吗,处理规则：当发货前发现地址填写错误时，可在商家发货前申请修改收货地址，并在系统中记录处理结果。,0.8
订单支付失败怎么办,SOP：当出现重复扣款时，核对支付流水后发起原路退款，仅保留一笔有效订单。,0.8
帮我看看订单完成后怎么补开发票如何处理,处理规则：当电子发票未收到时，先检查邮箱垃圾箱，再到订单详情页重新下载电子发票，必要时联系人工客服协助。,0.8
想问下快递停滞几天了怎么办,建议处理：当包裹显示签收但用户未收到时，先联系派件员核实签收情况，必要时申请丢件调查或补发，并在系统中记录处理结果。,0.8
我想知道企业发票怎么开要怎么解决,企业发票需填写公司名称、税号等开票信息，审核通过后方可开具,0.8
电子发票在哪里下载,标准流程：发票审核失败通常与抬头、税号或邮箱格式错误有关，修改后可重新提交，完成后更新工单状态。,0.8
麻烦问一下怎么申请发票应该怎么弄,订单完成后可在发票中心提交开票信息，审核通过后生成电子发票并发送到预留邮箱,0.8
咨询一下满减券不能用怎么办,处理规则：若优惠券被系统回收，可能与订单取消、退款或违规活动有关，完成后更新工单状态。,0.8
请问登录时一直提示密码不对怎么办,当登录需要二次验证时，校验绑定手机或邮箱验证码，验证通过后允许登录,0.8
咨询一下地址填错了还能改吗,SOP：当订单已发货但需拦截时，联系商家发起物流拦截申请，拦截成功后再安排退款或重发,0.8
请问支付时优惠券失效了怎么办,处理规则：店铺券和平台券能否叠加需以活动规则为准，不支持叠加时仅可选择其中一种使用，完成后更新工单状态。,0.8
请教一下账号被锁了怎么恢复登录,如绑定手机号已失效，可走账户资料核验流程重新绑定新手机号,0.8
请问快递异常怎么处理,标准流程：物流停滞受天气、节假日或中转异常影响时，可等待一到两天后再观察节点更新。,0.8
请教一下新人券不能使用怎么处理,建议处理：当满减券不生效时，检查结算商品是否参与活动以及是否已达到最低使用门槛。,0.8
帮我看看退款一直没到账怎么处理,建议处理：若退款原路失败，系统会提示用户补充退款账户信息，完成后更新工单状态。,0.8
麻烦问一下满减券不能用怎么办,当支付时优惠券失效，可能因活动结束或库存变更导致，需重新刷新结算页确认可用优惠,0.8
帮我看看支付时优惠券失效了怎么办,标准流程：当满减券不生效时，检查结算商品是否参与活动以及是否已达到最低使用门槛，必要时联系人工客服协助。,0.8
我想知道为什么提示不满足优惠条件如何处理,当优惠券无法使用时，先核对有效期、适用商品范围和订单金额是否满足使用条件,0.8
帮我看看支付时优惠券失效了怎么办,当满减券不生效时，检查结算商品是否参与活动以及是否已达到最低使用门槛,0.8
咨询一下发票审核失败怎么办,建议处理：当退款发生后，如已开具发票需按规则申请红字发票或作废处理，完成后更新工单状态。,0.8
想问下订单想退款怎么操作,签收后七天内可申请无理由退货，超出时限需按商品规则处理,0.8
咨询一下企业发票怎么开,企业发票需填写公司名称、税号等开票信息，审核通过后方可开具,0.8
请教一下售后申请被拒绝怎么办,标准流程：当退款迟迟未到账时，先核对退款状态和原支付渠道到账周期，超时后联系客服处理，完成后更新工单状态。,0.8
咨询一下什么时候发货如何处理,处理规则：物流停滞受天气、节假日或中转异常影响时，可等待一到两天后再观察节点更新，必要时联系人工客服协助。,0.8
请教一下活动价和优惠券能叠加吗如何处理,店铺券和平台券能否叠加需以活动规则为准，不支持叠加时仅可选择其中一种使用，并在系统中记录处理结果。,0.8
手机号换了收不到验证码怎么办,处理规则：当账号因输错密码次数过多被锁定时，等待解锁时间结束或通过身份验证解锁后重新登录，并在系统中记录处理结果。,0.8
请教一下新人券不能使用怎么处理,标准流程：活动价格和优惠券是否可叠加需按具体促销规则判断,0.8
快递显示签收但我没收到怎么办,当物流长时间未更新时，先核对承运商节点信息，再联系物流公司或商家发起物流异常核查,0.8
商品坏了怎么走售后,SOP：当退款迟迟未到账时，先核对退款状态和原支付渠道到账周期，超时后联系客服处理,0.8
帮我看看退货物流填错了怎么办,商家审核通过后需在规定时间内寄回商品，否则退款申请可能关闭,0.8
请问怎么查物流如何处理,当订单已发货但需拦截时，联系商家发起物流拦截申请，拦截成功后再安排退款或重发，必要时联系人工客服协助。,0.8
付款后订单一直没成功怎么处理,当出现重复扣款时，核对支付流水后发起原路退款，仅保留一笔有效订单。,0.8
麻烦问一下电子发票在哪里下载要怎么解决,处理规则：订单完成后可在发票中心提交开票信息，审核通过后生成电子发票并发送到预留邮箱。,0.8
想问下用户忘记密码登录不了怎么办,标准流程：当系统提示密码错误时，引导用户确认账号信息后使用找回密码流程重置密码，完成后更新工单状态。,0.8
我想知道怎么申请退款该怎么办,当商品存在质量问题时，上传问题图片后发起退货退款申请，并按要求寄回商品，并在系统中记录处理结果。,0.8
付款后订单一直没成功怎么处理,建议处理：当扣款成功但订单未更新为已支付时，查询支付回调记录并触发补单流程修正订单状态，并在系统中记录处理结果。,0.8
想问下新人券不能使用怎么处理,当优惠券无法使用时，先核对有效期、适用商品范围和订单金额是否满足使用条件。,0.8
支付时优惠券失效了怎么办,SOP：当新人券无法使用时，确认账号是否为新用户以及是否符合新人活动规则,0.8
想问下支付时报错了怎么办,当扣款成功但订单未更新为已支付时，查询支付回调记录并触发补单流程修正订单状态,0.8
登录提示需要身份验证怎么处理,标准流程：当账号存在安全风险时，需先完成安全验证，验证通过后才能继续登录，必要时联系人工客服协助。,0.8
请教一下下单付款时提示风控拦截怎么办,当扣款成功但订单未更新为已支付时，查询支付回调记录并触发补单流程修正订单状态,0.8
帮我看看地址填错了还能改吗,当订单已发货但需拦截时，联系商家发起物流拦截申请，拦截成功后再安排退款或重发,0.8
电子发票在哪里下载,建议处理：发票审核失败通常与抬头、税号或邮箱格式错误有关，修改后可重新提交，必要时联系人工客服协助。,0.8
麻烦问一下发货太慢怎么催,SOP：订单详情页可查看物流单号并跳转到承运商页面查询，必要时联系人工客服协助。,0.8
快递显示签收但我没收到怎么办,建议处理：当发货前发现地址填写错误时，可在商家发货前申请修改收货地址，完成后更新工单状态。,0.8
帮我看看怎么申请退款要怎么解决,若商品已使用或影响二次销售，平台可能不支持无理由退货,0.8
请教一下满减券不能用怎么办,处理规则：当新人券无法使用时，确认账号是否为新用户以及是否符合新人活动规则。,0.8
麻烦问一下退款一直没到账怎么处理,建议处理：若退款原路失败，系统会提示用户补充退款账户信息,0.8
咨询一下银行卡扣款了但订单没生成怎么办,若支付渠道维护中，可引导用户稍后重试或切换到其他支付方式。,0.8
咨询一下支付时报错了怎么办,当扣款成功但订单未更新为已支付时，查询支付回调记录并触发补单流程修正订单状态，完成后更新工单状态。,0.8
帮我看看登录提示需要身份验证怎么处理,当账号存在安全风险时，需先完成安全验证，验证通过后才能继续登录,0.8
账号被锁了怎么恢复登录,处理规则：当账号因输错密码次数过多被锁定时，等待解锁时间结束或通过身份验证解锁后重新登录，并在系统中记录处理结果。,0.8
咨询一下快递异常怎么处理,建议处理：物流停滞受天气、节假日或中转异常影响时，可等待一到两天后再观察节点更新，完成后更新工单状态。,0.8
企业发票怎么开,标准流程：若开票金额与订单不一致，需先核对优惠、退款和实付金额后再处理，必要时联系人工客服协助。,0.8
想问下订单已发货还能拦截吗该怎么办,物流停滞受天气、节假日或中转异常影响时，可等待一到两天后再观察节点更新，完成后更新工单状态。,0.8
我想知道订单已发货还能拦截吗怎么处理,标准流程：如快递异常退回仓库，需确认是否重新发货或直接退款，并在系统中记录处理结果。,0.8
请教一下支付时优惠券失效了怎么办,店铺券和平台券能否叠加需以活动规则为准，不支持叠加时仅可选择其中一种使用，必要时联系人工客服协助。,0.8
咨询一下发票金额和订单不一致怎么办,标准流程：若开票金额与订单不一致，需先核对优惠、退款和实付金额后再处理，必要时联系人工客服协助。,0.8
支付成功但页面显示未支付怎么办,标准流程：若支付密码连续输错，可先重置支付密码后再尝试完成付款。,0.8
满减券不能用怎么办,标准流程：当新人券无法使用时，确认账号是否为新用户以及是否符合新人活动规则,0.8
支付成功但页面显示未支付怎么办,SOP：若支付密码连续输错，可先重置支付密码后再尝试完成付款，必要时联系人工客服协助。,0.8
想问下店铺券和平台券怎么一起用该怎么办,若购物车内含不参与活动商品，可能导致整单无法使用指定优惠券,0.8
帮我看看满减券不能用怎么办,处理规则：活动价格和优惠券是否可叠加需按具体促销规则判断，完成后更新工单状态。,0.8
想问下退款一直没到账怎么处理,标准流程：当用户申请退款时，在订单详情页提交退款原因并等待商家审核，审核通过后原路退款，必要时联系人工客服协助。,0.8
麻烦问一下用户无法登录系统怎么处理,当用户收不到短信验证码时，先检查手机号绑定状态，再切换邮箱验证或联系客服处理，并在系统中记录处理结果。,0.8
帮我看看退货物流填错了怎么办,标准流程：商家审核通过后需在规定时间内寄回商品，否则退款申请可能关闭,0.8
我想知道电子发票在哪里下载,退款完成后可能需要红冲已开具发票,0.8
请教一下售后申请被拒绝怎么办,建议处理：当退款迟迟未到账时，先核对退款状态和原支付渠道到账周期，超时后联系客服处理,0.8
咨询一下发票审核失败怎么办,退款完成后可能需要红冲已开具发票,0.8
请教一下发票一直没开出来怎么办,标准流程：退款完成后可能需要红冲已开具发票，必要时联系人工客服协助。,0.8
帮我看看商家拒绝退款怎么办,当商品存在质量问题时，上传问题图片后发起退货退款申请，并按要求寄回商品,0.8
咨询一下新人券不能使用怎么处理,标准流程：活动价格和优惠券是否可叠加需按具体促销规则判断，并在系统中记录处理结果。,0.8
麻烦问一下发票抬头填错了怎么办,建议处理：当退款发生后，如已开具发票需按规则申请红字发票或作废处理，必要时联系人工客服协助。,0.8
请教一下地址填错了还能改吗,标准流程：若用户急需商品，可优先与商家协商更换配送方式。,0.8
怎么查物流应该怎么弄,当订单已发货但需拦截时，联系商家发起物流拦截申请，拦截成功后再安排退款或重发,0.8
麻烦问一下电子发票在哪里下载应该怎么弄,若开票金额与订单不一致，需先核对优惠、退款和实付金额后再处理,0.8
用户忘记密码登录不了怎么办,标准流程：当登录需要二次验证时，校验绑定手机或邮箱验证码，验证通过后允许登录,0.8
咨询一下手机号换了收不到验证码怎么办,SOP：当用户收不到短信验证码时，先检查手机号绑定状态，再切换邮箱验证或联系客服处理。,0.8
我想知道地址填错了还能改吗,当发货前发现地址填写错误时，可在商家发货前申请修改收货地址，完成后更新工单状态。,0.8
我想知道快递显示签收但我没收到怎么办,SOP：当发货前发现地址填写错误时，可在商家发货前申请修改收货地址，必要时联系人工客服协助。,0.8
想问下地址填错了还能改吗,标准流程：若用户急需商品，可优先与商家协商更换配送方式。,0.8
优惠券为什么用不了有没有处理办法,标准流程：当支付时优惠券失效，可能因活动结束或库存变更导致，需重新刷新结算页确认可用优惠。,0.8
密码不记得了怎么登录该怎么办,建议处理：如绑定手机号已失效，可走账户资料核验流程重新绑定新手机号，并在系统中记录处理结果。,0.8
咨询一下快递显示签收但我没收到怎么办,当发货前发现地址填写错误时，可在商家发货前申请修改收货地址。,0.8
付款后订单一直没成功怎么处理,标准流程：当支付页面长时间无响应时，建议刷新页面或重新进入订单详情页查看最新支付状态，完成后更新工单状态。,0.8
咨询一下什么时候发货要怎么解决,处理规则：物流停滞受天气、节假日或中转异常影响时，可等待一到两天后再观察节点更新，必要时联系人工客服协助。,0.8
我想知道发货太慢怎么催有没有处理办法,处理规则：订单详情页可查看物流单号并跳转到承运商页面查询，必要时联系人工客服协助。,0.8
帮我看看订单已发货还能拦截吗该怎么办,SOP：订单详情页可查看物流单号并跳转到承运商页面查询，并在系统中记录处理结果。,0.8
想问下用户无法登录系统怎么处理,当用户收不到短信验证码时，先检查手机号绑定状态，再切换邮箱验证或联系客服处理，完成后更新工单状态。,0.8
想问下支付宝支付失败怎么办,建议处理：当支付失败时，先确认支付渠道余额和限额，再更换支付方式重新付款，并在系统中记录处理结果。,0.8
想问下优惠券被回收了怎么办,店铺券和平台券能否叠加需以活动规则为准，不支持叠加时仅可选择其中一种使用,0.8
领了优惠券结算时不生效如何处理,SOP：当新人券无法使用时，确认账号是否为新用户以及是否符合新人活动规则，必要时联系人工客服协助。,0.8
咨询一下手机号换了收不到验证码怎么办,标准流程：当登录需要二次验证时，校验绑定手机或邮箱验证码，验证通过后允许登录，必要时联系人工客服协助。,0.8
订单已发货还能拦截吗该怎么办,SOP：当包裹显示签收但用户未收到时，先联系派件员核实签收情况，必要时申请丢件调查或补发,0.8
我想知道订单支付失败怎么办,SOP：当支付被风控拦截时，需完成风险验证或更换支付账户后重新尝试付款，必要时联系人工客服协助。,0.8
咨询一下活动价和优惠券能叠加吗该怎么办,处理规则：部分优惠券仅限特定类目、商家或支付方式使用，需查看券面说明，并在系统中记录处理结果。,0.8
想问下退货物流填错了怎么办,签收后七天内可申请无理由退货，超出时限需按商品规则处理,0.8
请问用户忘记密码登录不了怎么办,处理规则：当密码重置仍失败时，可提交人工审核工单，由客服核验身份后恢复账号访问，并在系统中记录处理结果。,0.8
请教一下登录提示需要身份验证怎么处理,处理规则：当用户收不到短信验证码时，先检查手机号绑定状态，再切换邮箱验证或联系客服处理,0.8
咨询一下发票一直没开出来怎么办,处理规则：发票审核失败通常与抬头、税号或邮箱格式错误有关，修改后可重新提交，完成后更新工单状态。,0.8
请教一下手机号换了收不到验证码怎么办,标准流程：当系统提示密码错误时，引导用户确认账号信息后使用找回密码流程重置密码，必要时联系人工客服协助。,0.8
帮我看看用户忘记密码登录不了怎么办,当系统提示密码错误时，引导用户确认账号信息后使用找回密码流程重置密码。,0.8
想问下微信支付后状态一直未更新怎么办,建议处理：若支付渠道维护中，可引导用户稍后重试或切换到其他支付方式,0.8
麻烦问一下用户无法登录系统怎么处理,当用户收不到短信验证码时，先检查手机号绑定状态，再切换邮箱验证或联系客服处理,0.8
快递显示签收但我没收到怎么办,SOP：当发货前发现地址填写错误时，可在商家发货前申请修改收货地址，必要时联系人工客服协助。,0.8
想问下用户忘记密码登录不了怎么办,当密码重置仍失败时，可提交人工审核工单，由客服核验身份后恢复账号访问,0.8
请教一下订单已发货还能拦截吗应该怎么弄,SOP：订单详情页可查看物流单号并跳转到承运商页面查询，并在系统中记录处理结果。,0.8
请教一下付款后订单一直没成功怎么处理,处理规则：当出现重复扣款时，核对支付流水后发起原路退款，仅保留一笔有效订单，必要时联系人工客服协助。,0.8
想问下手机号换了收不到验证码怎么办,当用户收不到短信验证码时，先检查手机号绑定状态，再切换邮箱验证或联系客服处理，必要时联系人工客服协助。,0.8
我想知道发票一直没开出来怎么办,当退款发生后，如已开具发票需按规则申请红字发票或作废处理,0.8
想问下店铺券和平台券怎么一起用该怎么办,若购物车内含不参与活动商品，可能导致整单无法使用指定优惠券，完成后更新工单状态。,0.8
用户忘记密码登录不了怎么办,当系统提示密码错误时，引导用户确认账号信息后使用找回密码流程重置密码,0.8
请教一下优惠券过期了还能恢复吗怎么处理,处理规则：店铺券和平台券能否叠加需以活动规则为准，不支持叠加时仅可选择其中一种使用,0.8
麻烦问一下发票金额和订单不一致怎么办,SOP：若开票金额与订单不一致，需先核对优惠、退款和实付金额后再处理，并在系统中记录处理结果。,0.8
想问下优惠券为什么用不了怎么处理,标准流程：当支付时优惠券失效，可能因活动结束或库存变更导致，需重新刷新结算页确认可用优惠。,0.8
我想知道商品有问题怎么退货应该怎么弄,处理规则：当退款迟迟未到账时，先核对退款状态和原支付渠道到账周期，超时后联系客服处理,0.8
发票审核失败怎么办,标准流程：当电子发票未收到时，先检查邮箱垃圾箱，再到订单详情页重新下载电子发票，必要时联系人工客服协助。,0.8
想问下发票一直没开出来怎么办,标准流程：退款完成后可能需要红冲已开具发票，必要时联系人工客服协助。,0.8
请教一下发票抬头填错了怎么办,SOP：订单完成后可在发票中心提交开票信息，审核通过后生成电子发票并发送到预留邮箱,0.8
咨询一下账号被锁了怎么恢复登录,如绑定手机号已失效，可走账户资料核验流程重新绑定新手机号。,0.8
请问订单已发货还能拦截吗如何处理,建议处理：订单详情页可查看物流单号并跳转到承运商页面查询，完成后更新工单状态。,0.8
咨询一下付款后订单一直没成功怎么处理,当扣款成功但订单未更新为已支付时，查询支付回调记录并触发补单流程修正订单状态，完成后更新工单状态。,0.8
咨询一下支付成功但页面显示未支付怎么办,处理规则：当扣款成功但订单未更新为已支付时，查询支付回调记录并触发补单流程修正订单状态，并在系统中记录处理结果。,0.8
请教一下发票抬头填错了怎么办,处理规则：订单完成后可在发票中心提交开票信息，审核通过后生成电子发票并发送到预留邮箱，完成后更新工单状态。,0.8
帮我看看售后申请被拒绝怎么办,处理规则：当退货物流信息填错时，及时修改正确单号并同步给商家以继续售后流程。,0.8
麻烦问一下怎么申请退款怎么处理,处理规则：当商品存在质量问题时，上传问题图片后发起退货退款申请，并按要求寄回商品。,0.8
麻烦问一下发货太慢怎么催要怎么解决,处理规则：当物流长时间未更新时，先核对承运商节点信息，再联系物流公司或商家发起物流异常核查,0.8
我想知道企业发票怎么开要怎么解决,标准流程：企业发票需填写公司名称、税号等开票信息，审核通过后方可开具。,0.8
订单完成后怎么补开发票,当电子发票未收到时，先检查邮箱垃圾箱，再到订单详情页重新下载电子发票，必要时联系人工客服协助。,0.8
请教一下优惠券过期了还能恢复吗怎么处理,店铺券和平台券能否叠加需以活动规则为准，不支持叠加时仅可选择其中一种使用,0.8
麻烦问一下电子发票在哪里下载应该怎么弄,标准流程：若开票金额与订单不一致，需先核对优惠、退款和实付金额后再处理,0.8
登录提示需要身份验证怎么处理,当登录需要二次验证时，校验绑定手机或邮箱验证码，验证通过后允许登录，并在系统中记录处理结果。,0.8
咨询一下发票抬头填错了怎么办,处理规则：如发票下载链接失效，可在发票记录页重新生成下载链接，并在系统中记录处理结果。,0.8
满减券不能用怎么办,当支付时优惠券失效，可能因活动结束或库存变更导致，需重新刷新结算页确认可用优惠，完成后更新工单状态。,0.8
麻烦问一下付款后订单一直没成功怎么处理,当出现重复扣款时，核对支付流水后发起原路退款，仅保留一笔有效订单。,0.8
帮我看看订单已发货还能拦截吗该怎么办,处理规则：订单详情页可查看物流单号并跳转到承运商页面查询，必要时联系人工客服协助。,0.8
咨询一下快递停滞几天了怎么办,当包裹显示签收但用户未收到时，先联系派件员核实签收情况，必要时申请丢件调查或补发,0.8
请教一下发票审核失败怎么办,企业发票需填写公司名称、税号等开票信息，审核通过后方可开具，必要时联系人工客服协助。,0.8
帮我看看订单已发货还能拦截吗怎么处理,物流停滞受天气、节假日或中转异常影响时，可等待一到两天后再观察节点更新,0.8
用户无法登录系统怎么处理,处理规则：当账号存在安全风险时，需先完成安全验证，验证通过后才能继续登录，并在系统中记录处理结果。,0.8
快递异常怎么处理,标准流程：物流停滞受天气、节假日或中转异常影响时，可等待一到两天后再观察节点更新。,0.8
请教一下密码不记得了怎么登录有没有处理办法,建议处理：如绑定手机号已失效，可走账户资料核验流程重新绑定新手机号，并在系统中记录处理结果。,0.8
咨询一下电子发票在哪里下载该怎么办,建议处理：发票审核失败通常与抬头、税号或邮箱格式错误有关，修改后可重新提交,0.8
请问订单支付失败怎么办,标准流程：如支付成功但未收到通知，可在消息中心或订单列表中手动刷新状态，必要时联系人工客服协助。,0.8
我想知道活动价和优惠券能叠加吗怎么处理,部分优惠券仅限特定类目、商家或支付方式使用，需查看券面说明，完成后更新工单状态。,0.8
发票审核失败怎么办,处理规则：企业发票需填写公司名称、税号等开票信息，审核通过后方可开具,0.8
发票审核失败怎么办,退款完成后可能需要红冲已开具发票。,0.8
请教一下新人券不能使用怎么处理,SOP：当新人券无法使用时，确认账号是否为新用户以及是否符合新人活动规则，完成后更新工单状态。,0.8
请教一下发票邮箱填错了怎么改应该怎么弄,企业发票需填写公司名称、税号等开票信息，审核通过后方可开具，必要时联系人工客服协助。,0.8
请教一下发票审核失败怎么办,处理规则：企业发票需填写公司名称、税号等开票信息，审核通过后方可开具,0.8
发票一直没开出来怎么办,处理规则：退款完成后可能需要红冲已开具发票，并在系统中记录处理结果。,0.8
麻烦问一下怎么申请退款怎么处理,若商品已使用或影响二次销售，平台可能不支持无理由退货，必要时联系人工客服协助。,0.8
我想知道付款后订单一直没成功怎么处理,标准流程：当支付页面长时间无响应时，建议刷新页面或重新进入订单详情页查看最新支付状态，并在系统中记录处理结果。,0.8
请教一下微信支付后状态一直未更新怎么办,标准流程：若支付渠道维护中，可引导用户稍后重试或切换到其他支付方式。,0.8
我想知道为什么提示不满足优惠条件,建议处理：当满减券不生效时，检查结算商品是否参与活动以及是否已达到最低使用门槛，必要时联系人工客服协助。,0.8
麻烦问一下电子发票在哪里下载,处理规则：订单完成后可在发票中心提交开票信息，审核通过后生成电子发票并发送到预留邮箱。,0.8
想问下退款后发票怎么处理,退款完成后可能需要红冲已开具发票，完成后更新工单状态。,0.8
请问快递异常怎么处理,SOP：如快递异常退回仓库，需确认是否重新发货或直接退款，并在系统中记录处理结果。,0.8
发票审核失败怎么办,处理规则：当退款发生后，如已开具发票需按规则申请红字发票或作废处理。,0.8
我想知道退款后发票怎么处理,处理规则：退款完成后可能需要红冲已开具发票，完成后更新工单状态。,0.8
支付宝支付失败怎么办,当页面显示未支付但支付已成功时，以支付流水为准进行订单状态校正,0.8
咨询一下支付成功但页面显示未支付怎么办,标准流程：当扣款成功但订单未更新为已支付时，查询支付回调记录并触发补单流程修正订单状态，完成后更新工单状态。,0.8
请教一下订单完成后怎么补开发票该怎么办,如发票下载链接失效，可在发票记录页重新生成下载链接。,0.8
登录提示需要身份验证怎么处理,处理规则：当登录需要二次验证时，校验绑定手机或邮箱验证码，验证通过后允许登录,0.8
登录时一直提示密码不对怎么办,SOP：当用户登录失败时，检查网络状态、客户端版本和缓存，再重新尝试登录。,0.8
想问下支付时报错了怎么办,建议处理：当扣款成功但订单未更新为已支付时，查询支付回调记录并触发补单流程修正订单状态，并在系统中记录处理结果。,0.8
请教一下怎么申请退款怎么处理,处理规则：当售后被拒绝时，可根据拒绝原因补充凭证后再次提交或申请平台介入，必要时联系人工客服协助。,0.8
请问发票抬头填错了怎么办,建议处理：当退款发生后，如已开具发票需按规则申请红字发票或作废处理，必要时联系人工客服协助。,0.8
支付时报错了怎么办,建议处理：当扣款成功但订单未更新为已支付时，查询支付回调记录并触发补单流程修正订单状态，并在系统中记录处理结果。,0.8
发货太慢怎么催该怎么办,建议处理：当订单已发货但需拦截时，联系商家发起物流拦截申请，拦截成功后再安排退款或重发，必要时联系人工客服协助。,0.8
发货太慢怎么催,建议处理：当订单已发货但需拦截时，联系商家发起物流拦截申请，拦截成功后再安排退款或重发，必要时联系人工客服协助。,0.8
咨询一下电子发票在哪里下载该怎么办,标准流程：若开票金额与订单不一致，需先核对优惠、退款和实付金额后再处理,0.8
我想知道快递异常怎么处理,SOP：如快递异常退回仓库，需确认是否重新发货或直接退款，并在系统中记录处理结果。,0.8
咨询一下发票抬头填错了怎么办,标准流程：如发票下载链接失效，可在发票记录页重新生成下载链接，完成后更新工单状态。,0.8
麻烦问一下怎么申请退款怎么处理,若商品已使用或影响二次销售，平台可能不支持无理由退货,0.8
麻烦问一下快递停滞几天了怎么办,标准流程：当物流长时间未更新时，先核对承运商节点信息，再联系物流公司或商家发起物流异常核查,0.8
请问商品坏了怎么走售后要怎么解决,处理规则：当退货物流信息填错时，及时修改正确单号并同步给商家以继续售后流程，完成后更新工单状态。,0.8
咨询一下怎么申请退款如何处理,处理规则：当售后被拒绝时，可根据拒绝原因补充凭证后再次提交或申请平台介入，并在系统中记录处理结果。,0.8
为什么提示不满足优惠条件,SOP：当优惠券无法使用时，先核对有效期、适用商品范围和订单金额是否满足使用条件，必要时联系人工客服协助。,0.8
订单支付失败怎么办,处理规则：当出现重复扣款时，核对支付流水后发起原路退款，仅保留一笔有效订单。,0.8
请教一下领了优惠券结算时不生效有没有处理办法,当满减券不生效时，检查结算商品是否参与活动以及是否已达到最低使用门槛，必要时联系人工客服协助。,0.8
我想知道怎么申请退款如何处理,标准流程：当商品存在质量问题时，上传问题图片后发起退货退款申请，并按要求寄回商品,0.8
新人券不能使用怎么处理,标准流程：活动价格和优惠券是否可叠加需按具体促销规则判断,0.8
想问下微信支付后状态一直未更新怎么办,若支付渠道维护中，可引导用户稍后重试或切换到其他支付方式,0.8
想问下优惠券为什么用不了怎么处理,当支付时优惠券失效，可能因活动结束或库存变更导致，需重新刷新结算页确认可用优惠,0.8
支付时优惠券失效了怎么办,建议处理：当新人券无法使用时，确认账号是否为新用户以及是否符合新人活动规则，必要时联系人工客服协助。,0.8
帮我看看发票一直没开出来怎么办,发票审核失败通常与抬头、税号或邮箱格式错误有关，修改后可重新提交，并在系统中记录处理结果。,0.8
支付时报错了怎么办,标准流程：当扣款成功但订单未更新为已支付时，查询支付回调记录并触发补单流程修正订单状态，并在系统中记录处理结果。,0.8
企业发票怎么开,若开票金额与订单不一致，需先核对优惠、退款和实付金额后再处理,0.8
请教一下支付宝支付失败怎么办,建议处理：当支付失败时，先确认支付渠道余额和限额，再更换支付方式重新付款，并在系统中记录处理结果。,0.8
请教一下发票抬头填错了怎么办,标准流程：如发票下载链接失效，可在发票记录页重新生成下载链接，完成后更新工单状态。,0.8
麻烦问一下怎么申请发票该怎么办,处理规则：若开票金额与订单不一致，需先核对优惠、退款和实付金额后再处理，完成后更新工单状态。,0.8
麻烦问一下账号被锁了怎么恢复登录,标准流程：当登录需要二次验证时，校验绑定手机或邮箱验证码，验证通过后允许登录。,0.8
请问订单重复扣款怎么退款有没有处理办法,当支付被风控拦截时，需完成风险验证或更换支付账户后重新尝试付款，并在系统中记录处理结果。,0.8
想问下银行卡扣款了但订单没生成怎么办,当支付被风控拦截时，需完成风险验证或更换支付账户后重新尝试付款。,0.8
请教一下登录时一直提示密码不对怎么办,建议处理：当登录需要二次验证时，校验绑定手机或邮箱验证码，验证通过后允许登录，完成后更新工单状态。,0.8
请问发票金额和订单不一致怎么办,如发票下载链接失效，可在发票记录页重新生成下载链接,0.8
发票审核失败怎么办,标准流程：当电子发票未收到时，先检查邮箱垃圾箱，再到订单详情页重新下载电子发票，并在系统中记录处理结果。,0.8
想问下订单已发货还能拦截吗该怎么办,SOP：物流停滞受天气、节假日或中转异常影响时，可等待一到两天后再观察节点更新，并在系统中记录处理结果。,0.8
请教一下收到货不满意可以退吗要怎么解决,建议处理：若退款原路失败，系统会提示用户补充退款账户信息。,0.8
我想知道新人券不能使用怎么处理,当优惠券无法使用时，先核对有效期、适用商品范围和订单金额是否满足使用条件。,0.8
订单想退款怎么操作,签收后七天内可申请无理由退货，超出时限需按商品规则处理,0.8
请问地址填错了还能改吗,若用户急需商品，可优先与商家协商更换配送方式，完成后更新工单状态。,0.8
想问下发票抬头填错了怎么办,订单完成后可在发票中心提交开票信息，审核通过后生成电子发票并发送到预留邮箱,0.8
账号被锁了怎么恢复登录,处理规则：当用户收不到短信验证码时，先检查手机号绑定状态，再切换邮箱验证或联系客服处理,0.8
帮我看看领了优惠券结算时不生效要怎么解决,当新人券无法使用时，确认账号是否为新用户以及是否符合新人活动规则。,0.8
银行卡扣款了但订单没生成怎么办,若支付渠道维护中，可引导用户稍后重试或切换到其他支付方式,0.8
想问下新人券不能使用怎么处理,SOP：当新人券无法使用时，确认账号是否为新用户以及是否符合新人活动规则，完成后更新工单状态。,0.8
咨询一下付款后订单一直没成功怎么处理,SOP：当页面显示未支付但支付已成功时，以支付流水为准进行订单状态校正，必要时联系人工客服协助。,0.8
订单已发货还能拦截吗,物流停滞受天气、节假日或中转异常影响时，可等待一到两天后再观察节点更新,0.8
我想知道满减券不能用怎么办,处理规则：活动价格和优惠券是否可叠加需按具体促销规则判断，完成后更新工单状态。,0.8
麻烦问一下发票金额和订单不一致怎么办,处理规则：退款完成后可能需要红冲已开具发票。,0.8
请教一下电子发票在哪里下载,标准流程：若开票金额与订单不一致，需先核对优惠、退款和实付金额后再处理,0.8
请教一下发货太慢怎么催该怎么办,订单详情页可查看物流单号并跳转到承运商页面查询，并在系统中记录处理结果。,0.8
请教一下新人券不能使用怎么处理,处理规则：活动价格和优惠券是否可叠加需按具体促销规则判断，必要时联系人工客服协助。,0.8
订单已发货还能拦截吗,建议处理：物流停滞受天气、节假日或中转异常影响时，可等待一到两天后再观察节点更新。,0.8
发票审核失败怎么办,SOP：纸质发票如需邮寄，请确认邮寄地址和联系人信息无误。,0.8
商品坏了怎么走售后,当退款迟迟未到账时，先核对退款状态和原支付渠道到账周期，超时后联系客服处理,0.8
密码不记得了怎么登录该怎么办,如绑定手机号已失效，可走账户资料核验流程重新绑定新手机号,0.8
我想知道发货太慢怎么催有没有处理办法,SOP：订单详情页可查看物流单号并跳转到承运商页面查询，必要时联系人工客服协助。,0.8
咨询一下订单想退款怎么操作,SOP：签收后七天内可申请无理由退货，超出时限需按商品规则处理，并在系统中记录处理结果。,0.8
优惠券过期了还能恢复吗,处理规则：当新人券无法使用时，确认账号是否为新用户以及是否符合新人活动规则，必要时联系人工客服协助。,0.8
麻烦问一下退款一直没到账怎么处理,SOP：若退款原路失败，系统会提示用户补充退款账户信息，完成后更新工单状态。,0.8
地址填错了还能改吗,当订单已发货但需拦截时，联系商家发起物流拦截申请，拦截成功后再安排退款或重发,0.8
麻烦问一下快递显示签收但我没收到怎么办,当物流长时间未更新时，先核对承运商节点信息，再联系物流公司或商家发起物流异常核查，完成后更新工单状态。,0.8
我想知道怎么申请退款该怎么办,处理规则：当商品存在质量问题时，上传问题图片后发起退货退款申请，并按要求寄回商品。,0.8
请问订单重复扣款怎么退款有没有处理办法,当支付被风控拦截时，需完成风险验证或更换支付账户后重新尝试付款，完成后更新工单状态。,0.8
麻烦问一下账号被锁了怎么恢复登录,SOP：当密码重置仍失败时，可提交人工审核工单，由客服核验身份后恢复账号访问。,0.8
请问发货太慢怎么催要怎么解决,SOP：当物流长时间未更新时，先核对承运商节点信息，再联系物流公司或商家发起物流异常核查，并在系统中记录处理结果。,0.8
登录时一直提示密码不对怎么办,标准流程：当用户登录失败时，检查网络状态、客户端版本和缓存，再重新尝试登录。,0.8
请教一下发货太慢怎么催该怎么办,标准流程：订单详情页可查看物流单号并跳转到承运商页面查询，完成后更新工单状态。,0.8
请教一下账号被锁了怎么恢复登录,标准流程：当登录需要二次验证时，校验绑定手机或邮箱验证码，验证通过后允许登录。,0.8
帮我看看售后申请被拒绝怎么办,建议处理：当退款迟迟未到账时，先核对退款状态和原支付渠道到账周期，超时后联系客服处理,0.8
请问订单完成后怎么补开发票要怎么解决,订单完成后可在发票中心提交开票信息，审核通过后生成电子发票并发送到预留邮箱,0.8
咨询一下账号被锁了怎么恢复登录,处理规则：当账号因输错密码次数过多被锁定时，等待解锁时间结束或通过身份验证解锁后重新登录，并在系统中记录处理结果。,0.8
我想知道电子发票在哪里下载如何处理,处理规则：退款完成后可能需要红冲已开具发票，并在系统中记录处理结果。,0.8
请教一下发票一直没开出来怎么办,SOP：发票审核失败通常与抬头、税号或邮箱格式错误有关，修改后可重新提交，完成后更新工单状态。,0.8
咨询一下新人券不能使用怎么处理,建议处理：当新人券无法使用时，确认账号是否为新用户以及是否符合新人活动规则,0.8
订单重复扣款怎么退款该怎么办,标准流程：当支付被风控拦截时，需完成风险验证或更换支付账户后重新尝试付款，完成后更新工单状态。,0.8
请教一下活动价和优惠券能叠加吗如何处理,店铺券和平台券能否叠加需以活动规则为准，不支持叠加时仅可选择其中一种使用，必要时联系人工客服协助。,0.8
请教一下支付时优惠券失效了怎么办,当支付时优惠券失效，可能因活动结束或库存变更导致，需重新刷新结算页确认可用优惠,0.8
想问下发票一直没开出来怎么办,处理规则：当退款发生后，如已开具发票需按规则申请红字发票或作废处理,0.8
请教一下怎么申请发票怎么处理,处理规则：若开票金额与订单不一致，需先核对优惠、退款和实付金额后再处理，必要时联系人工客服协助。,0.8
发票抬头填错了怎么办,SOP：订单完成后可在发票中心提交开票信息，审核通过后生成电子发票并发送到预留邮箱,0.8
帮我看看账号被锁了怎么恢复登录,建议处理：当用户收不到短信验证码时，先检查手机号绑定状态，再切换邮箱验证或联系客服处理,0.8
麻烦问一下怎么申请发票应该怎么弄,标准流程：订单完成后可在发票中心提交开票信息，审核通过后生成电子发票并发送到预留邮箱，必要时联系人工客服协助。,0.8
麻烦问一下发票抬头填错了怎么办,标准流程：当退款发生后，如已开具发票需按规则申请红字发票或作废处理,0.8
想问下快递停滞几天了怎么办,当包裹显示签收但用户未收到时，先联系派件员核实签收情况，必要时申请丢件调查或补发,0.8
帮我看看领了优惠券结算时不生效要怎么解决,当新人券无法使用时，确认账号是否为新用户以及是否符合新人活动规则,0.8
退款审核要多久应该怎么弄,标准流程：若退款原路失败，系统会提示用户补充退款账户信息。,0.8
付款后订单一直没成功怎么处理,当出现重复扣款时，核对支付流水后发起原路退款，仅保留一笔有效订单,0.8
支付时报错了怎么办,建议处理：当支付被风控拦截时，需完成风险验证或更换支付账户后重新尝试付款,0.8
我想知道退款一直没到账怎么处理,建议处理：当用户申请退款时，在订单详情页提交退款原因并等待商家审核，审核通过后原路退款，完成后更新工单状态。,0.8
帮我看看怎么申请发票应该怎么弄,处理规则：当电子发票未收到时，先检查邮箱垃圾箱，再到订单详情页重新下载电子发票,0.8
帮我看看发票审核失败怎么办,建议处理：退款完成后可能需要红冲已开具发票,0.8
咨询一下发票一直没开出来怎么办,发票审核失败通常与抬头、税号或邮箱格式错误有关，修改后可重新提交,0.8
想问下银行卡扣款了但订单没生成怎么办,当支付被风控拦截时，需完成风险验证或更换支付账户后重新尝试付款,0.8
咨询一下订单支付失败怎么办,处理规则：当出现重复扣款时，核对支付流水后发起原路退款，仅保留一笔有效订单。,0.8
咨询一下优惠券被回收了怎么办,建议处理：当新人券无法使用时，确认账号是否为新用户以及是否符合新人活动规则。,0.8
订单已发货还能拦截吗要怎么解决,当订单已发货但需拦截时，联系商家发起物流拦截申请，拦截成功后再安排退款或重发,0.8
订单已发货还能拦截吗,如快递异常退回仓库，需确认是否重新发货或直接退款，并在系统中记录处理结果。,0.8
支付时优惠券失效了怎么办,处理规则：店铺券和平台券能否叠加需以活动规则为准，不支持叠加时仅可选择其中一种使用。,0.8
请教一下账号被锁了怎么恢复登录,如绑定手机号已失效，可走账户资料核验流程重新绑定新手机号。,0.8
请问用户忘记密码登录不了怎么办,当用户忘记密码时，点击忘记密码按钮并完成身份校验后重置密码，恢复账号访问,0.8
想问下用户忘记密码登录不了怎么办,标准流程：当登录需要二次验证时，校验绑定手机或邮箱验证码，验证通过后允许登录，完成后更新工单状态。,0.8
想问下支付时优惠券失效了怎么办,当满减券不生效时，检查结算商品是否参与活动以及是否已达到最低使用门槛，必要时联系人工客服协助。,0.8
麻烦问一下支付时优惠券失效了怎么办,SOP：当新人券无法使用时，确认账号是否为新用户以及是否符合新人活动规则,0.8
我想知道商家拒绝退款怎么办,SOP：当商品存在质量问题时，上传问题图片后发起退货退款申请，并按要求寄回商品，必要时联系人工客服协助。,0.8
售后申请被拒绝怎么办,当退款迟迟未到账时，先核对退款状态和原支付渠道到账周期，超时后联系客服处理,0.8
想问下商品坏了怎么走售后要怎么解决,建议处理：当退货物流信息填错时，及时修改正确单号并同步给商家以继续售后流程。,0.8
请问发票金额和订单不一致怎么办,处理规则：如发票下载链接失效，可在发票记录页重新生成下载链接,0.8
账号被锁了怎么恢复登录,如绑定手机号已失效，可走账户资料核验流程重新绑定新手机号,0.8
想问下电子发票在哪里下载,标准流程：订单完成后可在发票中心提交开票信息，审核通过后生成电子发票并发送到预留邮箱，并在系统中记录处理结果。,0.8
请教一下电子发票在哪里下载,SOP：若开票金额与订单不一致，需先核对优惠、退款和实付金额后再处理,0.8
付款后订单一直没成功怎么处理,当页面显示未支付但支付已成功时，以支付流水为准进行订单状态校正。,0.8
订单完成后怎么补开发票,当电子发票未收到时，先检查邮箱垃圾箱，再到订单详情页重新下载电子发票,0.8
订单支付失败怎么办,SOP：当支付被风控拦截时，需完成风险验证或更换支付账户后重新尝试付款，必要时联系人工客服协助。,0.8
请教一下登录提示需要身份验证怎么处理,SOP：当账号存在安全风险时，需先完成安全验证，验证通过后才能继续登录,0.8
发货太慢怎么催,当物流长时间未更新时，先核对承运商节点信息，再联系物流公司或商家发起物流异常核查，必要时联系人工客服协助。,0.8
想问下发票金额和订单不一致怎么办,SOP：若开票金额与订单不一致，需先核对优惠、退款和实付金额后再处理，并在系统中记录处理结果。,0.8
微信支付后状态一直未更新怎么办,建议处理：当支付被风控拦截时，需完成风险验证或更换支付账户后重新尝试付款,0.8
麻烦问一下订单支付失败怎么办,SOP：当支付被风控拦截时，需完成风险验证或更换支付账户后重新尝试付款。,0.8
想问下手机号换了收不到验证码怎么办,标准流程：当账号因输错密码次数过多被锁定时，等待解锁时间结束或通过身份验证解锁后重新登录,0.8
支付宝支付失败怎么办,标准流程：当页面显示未支付但支付已成功时，以支付流水为准进行订单状态校正。,0.8
我想知道售后申请被拒绝怎么办,标准流程：当退货物流信息填错时，及时修改正确单号并同步给商家以继续售后流程，并在系统中记录处理结果。,0.8
请问新人券不能使用怎么处理,处理规则：当满减券不生效时，检查结算商品是否参与活动以及是否已达到最低使用门槛,0.8
想问下地址填错了还能改吗,标准流程：若用户急需商品，可优先与商家协商更换配送方式，完成后更新工单状态。,0.8
订单支付失败怎么办,标准流程：如支付成功但未收到通知，可在消息中心或订单列表中手动刷新状态，必要时联系人工客服协助。,0.8
我想知道满减券不能用怎么办,活动价格和优惠券是否可叠加需按具体促销规则判断,0.8
我想知道收到货不满意可以退吗要怎么解决,若退款原路失败，系统会提示用户补充退款账户信息,0.8
请问发票审核失败怎么办,建议处理：当退款发生后，如已开具发票需按规则申请红字发票或作废处理，完成后更新工单状态。,0.8
请问退货物流填错了怎么办,签收后七天内可申请无理由退货，超出时限需按商品规则处理，完成后更新工单状态。,0.8
咨询一下发票金额和订单不一致怎么办,若开票金额与订单不一致，需先核对优惠、退款和实付金额后再处理,0.8
咨询一下满减券不能用怎么办,若优惠券被系统回收，可能与订单取消、退款或违规活动有关,0.8
订单已发货还能拦截吗该怎么办,SOP：当包裹显示签收但用户未收到时，先联系派件员核实签收情况，必要时申请丢件调查或补发，必要时联系人工客服协助。,0.8
请教一下发票审核失败怎么办,建议处理：纸质发票如需邮寄，请确认邮寄地址和联系人信息无误，并在系统中记录处理结果。,0.8
麻烦问一下怎么申请退款怎么处理,当商品存在质量问题时，上传问题图片后发起退货退款申请，并按要求寄回商品,0.8
麻烦问一下账号被锁了怎么恢复登录,建议处理：当密码重置仍失败时，可提交人工审核工单，由客服核验身份后恢复账号访问,0.8
咨询一下收到货不满意可以退吗要怎么解决,标准流程：平台介入后会根据聊天记录、物流记录和凭证材料综合判定，完成后更新工单状态。,0.8
帮我看看电子发票在哪里下载怎么处理,发票审核失败通常与抬头、税号或邮箱格式错误有关，修改后可重新提交,0.8
我想知道发票邮箱填错了怎么改,企业发票需填写公司名称、税号等开票信息，审核通过后方可开具,0.8
快递异常怎么处理,如快递异常退回仓库，需确认是否重新发货或直接退款，完成后更新工单状态。,0.8
订单完成后怎么补开发票,如发票下载链接失效，可在发票记录页重新生成下载链接,0.8
请教一下企业发票怎么开怎么处理,标准流程：若开票金额与订单不一致，需先核对优惠、退款和实付金额后再处理，并在系统中记录处理结果。,0.8
麻烦问一下发票金额和订单不一致怎么办,标准流程：退款完成后可能需要红冲已开具发票，并在系统中记录处理结果。,0.8
我想知道发票一直没开出来怎么办,当退款发生后，如已开具发票需按规则申请红字发票或作废处理，并在系统中记录处理结果。,0.8
帮我看看登录提示需要身份验证怎么处理,标准流程：当账号存在安全风险时，需先完成安全验证，验证通过后才能继续登录。,0.8
我想知道支付宝支付失败怎么办,当支付失败时，先确认支付渠道余额和限额，再更换支付方式重新付款,0.8
请教一下企业发票怎么开怎么处理,建议处理：若开票金额与订单不一致，需先核对优惠、退款和实付金额后再处理，完成后更新工单状态。,0.8
快递异常怎么处理,SOP：如快递异常退回仓库，需确认是否重新发货或直接退款，并在系统中记录处理结果。,0.8
咨询一下发票金额和订单不一致怎么办,如发票下载链接失效，可在发票记录页重新生成下载链接,0.8
我想知道退货物流填错了怎么办,签收后七天内可申请无理由退货，超出时限需按商品规则处理。,0.8
商品有问题怎么退货,标准流程：当退款迟迟未到账时，先核对退款状态和原支付渠道到账周期，超时后联系客服处理,0.8
咨询一下订单已发货还能拦截吗如何处理,标准流程：如快递异常退回仓库，需确认是否重新发货或直接退款，并在系统中记录处理结果。,0.8
请教一下订单完成后怎么补开发票该怎么办,如发票下载链接失效，可在发票记录页重新生成下载链接,0.8
我想知道收到货不满意可以退吗要怎么解决,SOP：若退款原路失败，系统会提示用户补充退款账户信息。,0.8
帮我看看活动价和优惠券能叠加吗,处理规则：部分优惠券仅限特定类目、商家或支付方式使用，需查看券面说明，并在系统中记录处理结果。,0.8
地址填错了还能改吗,对于国际物流，清关阶段可能导致物流更新较慢，必要时联系人工客服协助。,0.8
帮我看看怎么申请退款要怎么解决,SOP：若商品已使用或影响二次销售，平台可能不支持无理由退货，并在系统中记录处理结果。,0.8
咨询一下地址填错了还能改吗,当订单已发货但需拦截时，联系商家发起物流拦截申请，拦截成功后再安排退款或重发,0.8
请教一下包裹丢了怎么处理,处理规则：当发货前发现地址填写错误时，可在商家发货前申请修改收货地址，必要时联系人工客服协助。,0.8
帮我看看发票抬头填错了怎么办,建议处理：当退款发生后，如已开具发票需按规则申请红字发票或作废处理，必要时联系人工客服协助。,0.8
请教一下银行卡扣款了但订单没生成怎么办,当支付被风控拦截时，需完成风险验证或更换支付账户后重新尝试付款。,0.8
请教一下发票一直没开出来怎么办,处理规则：退款完成后可能需要红冲已开具发票,0.8
咨询一下发票审核失败怎么办,建议处理：退款完成后可能需要红冲已开具发票,0.8
咨询一下优惠券被回收了怎么办,店铺券和平台券能否叠加需以活动规则为准，不支持叠加时仅可选择其中一种使用,0.8
用户忘记密码登录不了怎么办,标准流程：当登录需要二次验证时，校验绑定手机或邮箱验证码，验证通过后允许登录，完成后更新工单状态。,0.8
想问下为什么提示不满足优惠条件有没有处理办法,处理规则：当满减券不生效时，检查结算商品是否参与活动以及是否已达到最低使用门槛，并在系统中记录处理结果。,0.8
订单已发货还能拦截吗要怎么解决,建议处理：当发货超时未出库时，提醒商家尽快发货，超出承诺时效可申请补偿或取消订单，完成后更新工单状态。,0.8
咨询一下用户忘记密码登录不了怎么办,SOP：当用户忘记密码时，点击忘记密码按钮并完成身份校验后重置密码，恢复账号访问，并在系统中记录处理结果。,0.8
请教一下新人券不能使用怎么处理,SOP：当满减券不生效时，检查结算商品是否参与活动以及是否已达到最低使用门槛,0.8
快递显示签收但我没收到怎么办,SOP：当物流长时间未更新时，先核对承运商节点信息，再联系物流公司或商家发起物流异常核查,0.8
麻烦问一下店铺券和平台券怎么一起用该怎么办,若购物车内含不参与活动商品，可能导致整单无法使用指定优惠券，完成后更新工单状态。,0.8
请教一下地址填错了还能改吗,若用户急需商品，可优先与商家协商更换配送方式，完成后更新工单状态。,0.8
请教一下订单已发货还能拦截吗应该怎么弄,订单详情页可查看物流单号并跳转到承运商页面查询,0.8
麻烦问一下订单已发货还能拦截吗应该怎么弄,SOP：当发货超时未出库时，提醒商家尽快发货，超出承诺时效可申请补偿或取消订单，完成后更新工单状态。,0.8
付款后订单一直没成功怎么处理,标准流程：当支付页面长时间无响应时，建议刷新页面或重新进入订单详情页查看最新支付状态，并在系统中记录处理结果。,0.8
我想知道领了优惠券结算时不生效有没有处理办法,当满减券不生效时，检查结算商品是否参与活动以及是否已达到最低使用门槛,0.8
咨询一下快递显示签收但我没收到怎么办,建议处理：当发货前发现地址填写错误时，可在商家发货前申请修改收货地址，完成后更新工单状态。,0.8
帮我看看满减券不能用怎么办,标准流程：当支付时优惠券失效，可能因活动结束或库存变更导致，需重新刷新结算页确认可用优惠。,0.8
请问订单已发货还能拦截吗该怎么办,处理规则：当订单已发货但需拦截时，联系商家发起物流拦截申请，拦截成功后再安排退款或重发,0.8
咨询一下用户忘记密码登录不了怎么办,建议处理：当密码重置仍失败时，可提交人工审核工单，由客服核验身份后恢复账号访问，完成后更新工单状态。,0.8
咨询一下订单想退款怎么操作,处理规则：签收后七天内可申请无理由退货，超出时限需按商品规则处理，并在系统中记录处理结果。,0.8
请教一下怎么申请发票如何处理,建议处理：当电子发票未收到时，先检查邮箱垃圾箱，再到订单详情页重新下载电子发票，完成后更新工单状态。,0.8
麻烦问一下订单支付失败怎么办,标准流程：当支付被风控拦截时，需完成风险验证或更换支付账户后重新尝试付款,0.8
帮我看看账号被锁了怎么恢复登录,当账号因输错密码次数过多被锁定时，等待解锁时间结束或通过身份验证解锁后重新登录,0.8
我想知道店铺券和平台券怎么一起用如何处理,若购物车内含不参与活动商品，可能导致整单无法使用指定优惠券，完成后更新工单状态。,0.8
帮我看看为什么提示不满足优惠条件有没有处理办法,当满减券不生效时，检查结算商品是否参与活动以及是否已达到最低使用门槛,0.8
请教一下用户无法登录系统怎么处理,SOP：当账号存在安全风险时，需先完成安全验证，验证通过后才能继续登录，必要时联系人工客服协助。,0.8
活动价和优惠券能叠加吗该怎么办,SOP：店铺券和平台券能否叠加需以活动规则为准，不支持叠加时仅可选择其中一种使用。,0.8
售后申请被拒绝怎么办,处理规则：当退款迟迟未到账时，先核对退款状态和原支付渠道到账周期，超时后联系客服处理，完成后更新工单状态。,0.8
帮我看看优惠券为什么用不了有没有处理办法,当支付时优惠券失效，可能因活动结束或库存变更导致，需重新刷新结算页确认可用优惠，并在系统中记录处理结果。,0.8
麻烦问一下订单支付失败怎么办,处理规则：当出现重复扣款时，核对支付流水后发起原路退款，仅保留一笔有效订单，必要时联系人工客服协助。,0.8
想问下退款一直没到账怎么处理,SOP：当用户申请退款时，在订单详情页提交退款原因并等待商家审核，审核通过后原路退款，并在系统中记录处理结果。,0.8
麻烦问一下怎么申请发票该怎么办,若开票金额与订单不一致，需先核对优惠、退款和实付金额后再处理,0.8
发票审核失败怎么办,SOP：纸质发票如需邮寄，请确认邮寄地址和联系人信息无误，必要时联系人工客服协助。,0.8
我想知道付款后订单一直没成功怎么处理,标准流程：当支付页面长时间无响应时，建议刷新页面或重新进入订单详情页查看最新支付状态，完成后更新工单状态。,0.8
请问退货物流填错了怎么办,SOP：签收后七天内可申请无理由退货，超出时限需按商品规则处理。,0.8
麻烦问一下发票审核失败怎么办,企业发票需填写公司名称、税号等开票信息，审核通过后方可开具，必要时联系人工客服协助。,0.8
帮我看看商家拒绝退款怎么办,处理规则：当商品存在质量问题时，上传问题图片后发起退货退款申请，并按要求寄回商品，必要时联系人工客服协助。,0.8
用户无法登录系统怎么处理,当用户收不到短信验证码时，先检查手机号绑定状态，再切换邮箱验证或联系客服处理，并在系统中记录处理结果。,0.8
请教一下发货太慢怎么催要怎么解决,当订单已发货但需拦截时，联系商家发起物流拦截申请，拦截成功后再安排退款或重发,0.8
我想知道支付成功但页面显示未支付怎么办,标准流程：当扣款成功但订单未更新为已支付时，查询支付回调记录并触发补单流程修正订单状态，完成后更新工单状态。,0.8
请教一下登录时一直提示密码不对怎么办,标准流程：当用户登录失败时，检查网络状态、客户端版本和缓存，再重新尝试登录。,0.8
包裹丢了怎么处理,若用户急需商品，可优先与商家协商更换配送方式。,0.8
订单完成后怎么补开发票,SOP：订单完成后可在发票中心提交开票信息，审核通过后生成电子发票并发送到预留邮箱，完成后更新工单状态。,0.8
我想知道支付宝支付失败怎么办,SOP：当支付失败时，先确认支付渠道余额和限额，再更换支付方式重新付款，完成后更新工单状态。,0.8
请问新人券不能使用怎么处理,SOP：当优惠券无法使用时，先核对有效期、适用商品范围和订单金额是否满足使用条件,0.8
我想知道新人券不能使用怎么处理,处理规则：当满减券不生效时，检查结算商品是否参与活动以及是否已达到最低使用门槛,0.8
请教一下密码不记得了怎么登录有没有处理办法,SOP：如绑定手机号已失效，可走账户资料核验流程重新绑定新手机号。,0.8
咨询一下快递异常怎么处理,处理规则：物流停滞受天气、节假日或中转异常影响时，可等待一到两天后再观察节点更新，必要时联系人工客服协助。,0.8
售后申请被拒绝怎么办,处理规则：当退货物流信息填错时，及时修改正确单号并同步给商家以继续售后流程。,0.8
地址填错了还能改吗,当订单已发货但需拦截时，联系商家发起物流拦截申请，拦截成功后再安排退款或重发，并在系统中记录处理结果。,0.8
请问发货太慢怎么催要怎么解决,若用户急需商品，可优先与商家协商更换配送方式,0.8
用户无法登录系统怎么处理,建议处理：当用户收不到短信验证码时，先检查手机号绑定状态，再切换邮箱验证或联系客服处理,0.8
请问发票抬头填错了怎么办,当退款发生后，如已开具发票需按规则申请红字发票或作废处理。,0.8
麻烦问一下地址填错了还能改吗,标准流程：对于国际物流，清关阶段可能导致物流更新较慢，并在系统中记录处理结果。,0.8
账号被锁了怎么恢复登录,处理规则：如绑定手机号已失效，可走账户资料核验流程重新绑定新手机号，并在系统中记录处理结果。,0.8
订单重复扣款怎么退款该怎么办,当支付被风控拦截时，需完成风险验证或更换支付账户后重新尝试付款，并在系统中记录处理结果。,0.8
帮我看看微信支付后状态一直未更新怎么办,当支付被风控拦截时，需完成风险验证或更换支付账户后重新尝试付款，必要时联系人工客服协助。,0.8
优惠券过期了还能恢复吗,当新人券无法使用时，确认账号是否为新用户以及是否符合新人活动规则,0.8
快递停滞几天了怎么办,当物流长时间未更新时，先核对承运商节点信息，再联系物流公司或商家发起物流异常核查,0.8
订单已发货还能拦截吗,标准流程：如快递异常退回仓库，需确认是否重新发货或直接退款，完成后更新工单状态。,0.8
请问怎么申请发票,处理规则：当电子发票未收到时，先检查邮箱垃圾箱，再到订单详情页重新下载电子发票,0.8
想问下手机号换了收不到验证码怎么办,处理规则：当账号因输错密码次数过多被锁定时，等待解锁时间结束或通过身份验证解锁后重新登录，并在系统中记录处理结果。,0.8
请教一下付款后订单一直没成功怎么处理,当扣款成功但订单未更新为已支付时，查询支付回调记录并触发补单流程修正订单状态，完成后更新工单状态。,0.8
请教一下发票审核失败怎么办,纸质发票如需邮寄，请确认邮寄地址和联系人信息无误,0.8
发票金额和订单不一致怎么办,标准流程：退款完成后可能需要红冲已开具发票，并在系统中记录处理结果。,0.8
银行卡扣款了但订单没生成怎么办,当出现重复扣款时，核对支付流水后发起原路退款，仅保留一笔有效订单,0.8
我想知道付款后订单一直没成功怎么处理,当页面显示未支付但支付已成功时，以支付流水为准进行订单状态校正,0.8
帮我看看优惠券过期了还能恢复吗有没有处理办法,当新人券无法使用时，确认账号是否为新用户以及是否符合新人活动规则，并在系统中记录处理结果。,0.8
请问支付宝支付失败怎么办,处理规则：当页面显示未支付但支付已成功时，以支付流水为准进行订单状态校正，并在系统中记录处理结果。,0.8
帮我看看支付成功但页面显示未支付怎么办,标准流程：若支付密码连续输错，可先重置支付密码后再尝试完成付款。,0.8
请问收到货不满意可以退吗应该怎么弄,SOP：若退款原路失败，系统会提示用户补充退款账户信息。,0.8
请问发货太慢怎么催怎么处理,建议处理：若用户急需商品，可优先与商家协商更换配送方式，完成后更新工单状态。,0.8
咨询一下用户忘记密码登录不了怎么办,SOP：当用户忘记密码时，点击忘记密码按钮并完成身份校验后重置密码，恢复账号访问，完成后更新工单状态。,0.8
想问下用户无法登录系统怎么处理,当用户收不到短信验证码时，先检查手机号绑定状态，再切换邮箱验证或联系客服处理，并在系统中记录处理结果。,0.8
我想知道手机号换了收不到验证码怎么办,处理规则：当账号因输错密码次数过多被锁定时，等待解锁时间结束或通过身份验证解锁后重新登录，并在系统中记录处理结果。,0.8
微信支付后状态一直未更新怎么办,当支付被风控拦截时，需完成风险验证或更换支付账户后重新尝试付款，必要时联系人工客服协助。,0.8
电子发票在哪里下载,如发票下载链接失效，可在发票记录页重新生成下载链接,0.8
请教一下订单重复扣款怎么退款要怎么解决,当支付被风控拦截时，需完成风险验证或更换支付账户后重新尝试付款,0.8
账号被锁了怎么恢复登录,标准流程：当登录需要二次验证时，校验绑定手机或邮箱验证码，验证通过后允许登录。,0.8
帮我看看发票审核失败怎么办,SOP：纸质发票如需邮寄，请确认邮寄地址和联系人信息无误，必要时联系人工客服协助。,0.8
想问下发票审核失败怎么办,标准流程：当电子发票未收到时，先检查邮箱垃圾箱，再到订单详情页重新下载电子发票，必要时联系人工客服协助。,0.8
新人券不能使用怎么处理,标准流程：活动价格和优惠券是否可叠加需按具体促销规则判断，并在系统中记录处理结果。,0.8
请问订单完成后怎么补开发票如何处理,如发票下载链接失效，可在发票记录页重新生成下载链接。,0.8
订单已发货还能拦截吗要怎么解决,标准流程：当订单已发货但需拦截时，联系商家发起物流拦截申请，拦截成功后再安排退款或重发,0.8
咨询一下商品坏了怎么走售后应该怎么弄,处理规则：当退款迟迟未到账时，先核对退款状态和原支付渠道到账周期，超时后联系客服处理。,0.8
帮我看看订单已发货还能拦截吗怎么处理,建议处理：物流停滞受天气、节假日或中转异常影响时，可等待一到两天后再观察节点更新。,0.8
咨询一下账号被锁了怎么恢复登录,标准流程：当账号因输错密码次数过多被锁定时，等待解锁时间结束或通过身份验证解锁后重新登录,0.8
麻烦问一下发货太慢怎么催,订单详情页可查看物流单号并跳转到承运商页面查询，并在系统中记录处理结果。,0.8
手机号换了收不到验证码怎么办,当账号因输错密码次数过多被锁定时，等待解锁时间结束或通过身份验证解锁后重新登录,0.8
退款审核要多久怎么处理,标准流程：若退款原路失败，系统会提示用户补充退款账户信息。,0.8
我想知道电子发票在哪里下载如何处理,建议处理：退款完成后可能需要红冲已开具发票。,0.8
商品有问题怎么退货如何处理,标准流程：当退款迟迟未到账时，先核对退款状态和原支付渠道到账周期，超时后联系客服处理，并在系统中记录处理结果。,0.8
想问下商品坏了怎么走售后要怎么解决,处理规则：当退货物流信息填错时，及时修改正确单号并同步给商家以继续售后流程，必要时联系人工客服协助。,0.8
麻烦问一下登录提示需要身份验证怎么处理,处理规则：当登录需要二次验证时，校验绑定手机或邮箱验证码，验证通过后允许登录,0.8
想问下退货物流填错了怎么办,标准流程：商家审核通过后需在规定时间内寄回商品，否则退款申请可能关闭,0.8
商品坏了怎么走售后,处理规则：当退货物流信息填错时，及时修改正确单号并同步给商家以继续售后流程，必要时联系人工客服协助。,0.8
请问快递异常怎么处理,如快递异常退回仓库，需确认是否重新发货或直接退款，完成后更新工单状态。,0.8
帮我看看优惠券过期了还能恢复吗有没有处理办法,处理规则：当新人券无法使用时，确认账号是否为新用户以及是否符合新人活动规则，必要时联系人工客服协助。,0.8
用户忘记密码登录不了怎么办,标准流程：当系统提示密码错误时，引导用户确认账号信息后使用找回密码流程重置密码，完成后更新工单状态。,0.8
想问下发票审核失败怎么办,建议处理：当电子发票未收到时，先检查邮箱垃圾箱，再到订单详情页重新下载电子发票。,0.8
付款后订单一直没成功怎么处理,处理规则：当扣款成功但订单未更新为已支付时，查询支付回调记录并触发补单流程修正订单状态，并在系统中记录处理结果。,0.8
请问发票一直没开出来怎么办,当退款发生后，如已开具发票需按规则申请红字发票或作废处理,0.8
麻烦问一下企业发票怎么开怎么处理,标准流程：若开票金额与订单不一致，需先核对优惠、退款和实付金额后再处理，并在系统中记录处理结果。,0.8
麻烦问一下发票审核失败怎么办,建议处理：当电子发票未收到时，先检查邮箱垃圾箱，再到订单详情页重新下载电子发票。,0.8
咨询一下账号被锁了怎么恢复登录,处理规则：如绑定手机号已失效，可走账户资料核验流程重新绑定新手机号，并在系统中记录处理结果。,0.8
领了优惠券结算时不生效,SOP：当新人券无法使用时，确认账号是否为新用户以及是否符合新人活动规则，必要时联系人工客服协助。,0.8
请教一下怎么申请发票如何处理,处理规则：当电子发票未收到时，先检查邮箱垃圾箱，再到订单详情页重新下载电子发票,0.8
售后申请被拒绝怎么办,建议处理：当退货物流信息填错时，及时修改正确单号并同步给商家以继续售后流程，完成后更新工单状态。,0.8
电子发票在哪里下载,SOP：退款完成后可能需要红冲已开具发票,0.8
咨询一下订单支付失败怎么办,当出现重复扣款时，核对支付流水后发起原路退款，仅保留一笔有效订单,0.8
帮我看看售后申请被拒绝怎么办,标准流程：当退货物流信息填错时，及时修改正确单号并同步给商家以继续售后流程，并在系统中记录处理结果。,0.8
咨询一下收到货不满意可以退吗要怎么解决,建议处理：平台介入后会根据聊天记录、物流记录和凭证材料综合判定，完成后更新工单状态。,0.8
发票抬头填错了怎么办,处理规则：如发票下载链接失效，可在发票记录页重新生成下载链接，并在系统中记录处理结果。,0.8
麻烦问一下支付时报错了怎么办,建议处理：当支付被风控拦截时，需完成风险验证或更换支付账户后重新尝试付款,0.8
微信支付后状态一直未更新怎么办,标准流程：若支付渠道维护中，可引导用户稍后重试或切换到其他支付方式。,0.8
咨询一下银行卡扣款了但订单没生成怎么办,当支付被风控拦截时，需完成风险验证或更换支付账户后重新尝试付款,0.8
请问发票审核失败怎么办,处理规则：当退款发生后，如已开具发票需按规则申请红字发票或作废处理。,0.8
请问订单已发货还能拦截吗应该怎么弄,当包裹显示签收但用户未收到时，先联系派件员核实签收情况，必要时申请丢件调查或补发,0.8
麻烦问一下账号被锁了怎么恢复登录,当登录需要二次验证时，校验绑定手机或邮箱验证码，验证通过后允许登录,0.8
帮我看看用户忘记密码登录不了怎么办,SOP：当用户忘记密码时，点击忘记密码按钮并完成身份校验后重置密码，恢复账号访问，完成后更新工单状态。,0.8
想问下新人券不能使用怎么处理,当新人券无法使用时，确认账号是否为新用户以及是否符合新人活动规则。,0.8
怎么申请退款,处理规则：当售后被拒绝时，可根据拒绝原因补充凭证后再次提交或申请平台介入，并在系统中记录处理结果。,0.8
我想知道登录提示需要身份验证怎么处理,当用户收不到短信验证码时，先检查手机号绑定状态，再切换邮箱验证或联系客服处理，必要时联系人工客服协助。,0.8
我想知道发票邮箱填错了怎么改,企业发票需填写公司名称、税号等开票信息，审核通过后方可开具，并在系统中记录处理结果。,0.8
请问用户忘记密码登录不了怎么办,建议处理：当密码重置仍失败时，可提交人工审核工单，由客服核验身份后恢复账号访问，完成后更新工单状态。,0.8
帮我看看银行卡扣款了但订单没生成怎么办,处理规则：当出现重复扣款时，核对支付流水后发起原路退款，仅保留一笔有效订单，必要时联系人工客服协助。,0.8
咨询一下新人券不能使用怎么处理,SOP：当新人券无法使用时，确认账号是否为新用户以及是否符合新人活动规则，完成后更新工单状态。,0.8
请教一下支付成功但页面显示未支付怎么办,建议处理：当扣款成功但订单未更新为已支付时，查询支付回调记录并触发补单流程修正订单状态。,0.8
麻烦问一下订单支付失败怎么办,SOP：当出现重复扣款时，核对支付流水后发起原路退款，仅保留一笔有效订单。,0.8
请问登录时一直提示密码不对怎么办,当登录需要二次验证时，校验绑定手机或邮箱验证码，验证通过后允许登录，完成后更新工单状态。,0.8
咨询一下订单支付失败怎么办,SOP：如支付成功但未收到通知，可在消息中心或订单列表中手动刷新状态，并在系统中记录处理结果。,0.8
帮我看看满减券不能用怎么办,处理规则：活动价格和优惠券是否可叠加需按具体促销规则判断，必要时联系人工客服协助。,0.8
我想知道商家拒绝退款怎么办,当商品存在质量问题时，上传问题图片后发起退货退款申请，并按要求寄回商品,0.8
想问下电子发票在哪里下载,处理规则：订单完成后可在发票中心提交开票信息，审核通过后生成电子发票并发送到预留邮箱。,0.8
请问支付时优惠券失效了怎么办,建议处理：当新人券无法使用时，确认账号是否为新用户以及是否符合新人活动规则，必要时联系人工客服协助。,0.8
请教一下微信支付后状态一直未更新怎么办,建议处理：若支付渠道维护中，可引导用户稍后重试或切换到其他支付方式。,0.8
请教一下付款后订单一直没成功怎么处理,建议处理：当出现重复扣款时，核对支付流水后发起原路退款，仅保留一笔有效订单。,0.8
咨询一下活动价和优惠券能叠加吗该怎么办,标准流程：部分优惠券仅限特定类目、商家或支付方式使用，需查看券面说明，必要时联系人工客服协助。,0.8
帮我看看发票审核失败怎么办,建议处理：纸质发票如需邮寄，请确认邮寄地址和联系人信息无误，并在系统中记录处理结果。,0.8
我想知道支付成功但页面显示未支付怎么办,处理规则：当扣款成功但订单未更新为已支付时，查询支付回调记录并触发补单流程修正订单状态，并在系统中记录处理结果。,0.8
怎么查物流,当订单已发货但需拦截时，联系商家发起物流拦截申请，拦截成功后再安排退款或重发,0.8
订单已发货还能拦截吗应该怎么弄,建议处理：当订单已发货但需拦截时，联系商家发起物流拦截申请，拦截成功后再安排退款或重发。,0.8
想问下付款后订单一直没成功怎么处理,当支付页面长时间无响应时，建议刷新页面或重新进入订单详情页查看最新支付状态,0.8
我想知道怎么申请退款,SOP：若商品已使用或影响二次销售，平台可能不支持无理由退货，并在系统中记录处理结果。,0.8
麻烦问一下银行卡扣款了但订单没生成怎么办,标准流程：当出现重复扣款时，核对支付流水后发起原路退款，仅保留一笔有效订单,0.8
请教一下满减券不能用怎么办,标准流程：活动价格和优惠券是否可叠加需按具体促销规则判断，完成后更新工单状态。,0.8
发票金额和订单不一致怎么办,建议处理：如发票下载链接失效，可在发票记录页重新生成下载链接,0.8
发票审核失败怎么办,当退款发生后，如已开具发票需按规则申请红字发票或作废处理,0.8
发货太慢怎么催,SOP：当订单已发货但需拦截时，联系商家发起物流拦截申请，拦截成功后再安排退款或重发，完成后更新工单状态。,0.8
快递停滞几天了怎么办,处理规则：当包裹显示签收但用户未收到时，先联系派件员核实签收情况，必要时申请丢件调查或补发，必要时联系人工客服协助。,0.8
发货太慢怎么催,处理规则：若用户急需商品，可优先与商家协商更换配送方式，必要时联系人工客服协助。,0.8
想问下退款后发票怎么处理,建议处理：退款完成后可能需要红冲已开具发票，并在系统中记录处理结果。,0.8
请教一下支付成功但页面显示未支付怎么办,当扣款成功但订单未更新为已支付时，查询支付回调记录并触发补单流程修正订单状态,0.8
想问下退货物流填错了怎么办,处理规则：商家审核通过后需在规定时间内寄回商品，否则退款申请可能关闭，并在系统中记录处理结果。,0.8
发票一直没开出来怎么办,处理规则：退款完成后可能需要红冲已开具发票,0.8
请教一下订单完成后怎么补开发票有没有处理办法,标准流程：订单完成后可在发票中心提交开票信息，审核通过后生成电子发票并发送到预留邮箱，必要时联系人工客服协助。,0.8
我想知道退款后发票怎么处理,退款完成后可能需要红冲已开具发票，完成后更新工单状态。,0.8
帮我看看用户无法登录系统怎么处理,标准流程：当账号存在安全风险时，需先完成安全验证，验证通过后才能继续登录,0.8
我想知道怎么申请退款,若商品已使用或影响二次销售，平台可能不支持无理由退货,0.8
帮我看看售后申请被拒绝怎么办,标准流程：当退款迟迟未到账时，先核对退款状态和原支付渠道到账周期，超时后联系客服处理，完成后更新工单状态。,0.8
想问下地址填错了还能改吗,当发货前发现地址填写错误时，可在商家发货前申请修改收货地址，完成后更新工单状态。,0.8
我想知道订单完成后怎么补开发票怎么处理,标准流程：当电子发票未收到时，先检查邮箱垃圾箱，再到订单详情页重新下载电子发票，完成后更新工单状态。,0.8
请教一下支付宝支付失败怎么办,SOP：当支付失败时，先确认支付渠道余额和限额，再更换支付方式重新付款，完成后更新工单状态。,0.8
我想知道订单支付失败怎么办,标准流程：当支付被风控拦截时，需完成风险验证或更换支付账户后重新尝试付款,0.8
请问新人券不能使用怎么处理,当优惠券无法使用时，先核对有效期、适用商品范围和订单金额是否满足使用条件。,0.8
我想知道支付宝支付失败怎么办,处理规则：当页面显示未支付但支付已成功时，以支付流水为准进行订单状态校正，并在系统中记录处理结果。,0.8
快递异常怎么处理,处理规则：物流停滞受天气、节假日或中转异常影响时，可等待一到两天后再观察节点更新，必要时联系人工客服协助。,0.8
咨询一下新人券不能使用怎么处理,处理规则：活动价格和优惠券是否可叠加需按具体促销规则判断，必要时联系人工客服协助。,0.8
麻烦问一下发票审核失败怎么办,标准流程：当电子发票未收到时，先检查邮箱垃圾箱，再到订单详情页重新下载电子发票，必要时联系人工客服协助。,0.8
帮我看看活动价和优惠券能叠加吗应该怎么弄,SOP：店铺券和平台券能否叠加需以活动规则为准，不支持叠加时仅可选择其中一种使用。,0.8
请教一下新人券不能使用怎么处理,当新人券无法使用时，确认账号是否为新用户以及是否符合新人活动规则,0.8
订单支付失败怎么办,如支付成功但未收到通知，可在消息中心或订单列表中手动刷新状态,0.8
请教一下银行卡扣款了但订单没生成怎么办,建议处理：当支付被风控拦截时，需完成风险验证或更换支付账户后重新尝试付款,0.8
帮我看看微信支付后状态一直未更新怎么办,当支付被风控拦截时，需完成风险验证或更换支付账户后重新尝试付款,0.8
想问下支付成功但页面显示未支付怎么办,若支付密码连续输错，可先重置支付密码后再尝试完成付款,0.8
怎么申请发票,订单完成后可在发票中心提交开票信息，审核通过后生成电子发票并发送到预留邮箱,0.8
请教一下订单已发货还能拦截吗要怎么解决,当发货超时未出库时，提醒商家尽快发货，超出承诺时效可申请补偿或取消订单,0.8
请问包裹丢了怎么处理,若用户急需商品，可优先与商家协商更换配送方式,0.8
麻烦问一下发票金额和订单不一致怎么办,标准流程：若开票金额与订单不一致，需先核对优惠、退款和实付金额后再处理，必要时联系人工客服协助。,0.8
密码不记得了怎么登录,如绑定手机号已失效，可走账户资料核验流程重新绑定新手机号,0.8
麻烦问一下付款后订单一直没成功怎么处理,处理规则：当出现重复扣款时，核对支付流水后发起原路退款，仅保留一笔有效订单，必要时联系人工客服协助。,0.8
麻烦问一下银行卡扣款了但订单没生成怎么办,处理规则：当出现重复扣款时，核对支付流水后发起原路退款，仅保留一笔有效订单，必要时联系人工客服协助。,0.8
帮我看看订单完成后怎么补开发票如何处理,当电子发票未收到时，先检查邮箱垃圾箱，再到订单详情页重新下载电子发票,0.8
请教一下登录提示需要身份验证怎么处理,标准流程：当账号存在安全风险时，需先完成安全验证，验证通过后才能继续登录。,0.8
请教一下满减券不能用怎么办,标准流程：当新人券无法使用时，确认账号是否为新用户以及是否符合新人活动规则,0.8
想问下用户忘记密码登录不了怎么办,SOP：当系统提示密码错误时，引导用户确认账号信息后使用找回密码流程重置密码，并在系统中记录处理结果。,0.8
帮我看看支付成功但页面显示未支付怎么办,若支付密码连续输错，可先重置支付密码后再尝试完成付款，并在系统中记录处理结果。,0.8
我想知道商品有问题怎么退货应该怎么弄,标准流程：当退款迟迟未到账时，先核对退款状态和原支付渠道到账周期，超时后联系客服处理,0.8
帮我看看电子发票在哪里下载怎么处理,标准流程：发票审核失败通常与抬头、税号或邮箱格式错误有关，修改后可重新提交，完成后更新工单状态。,0.8
请问优惠券为什么用不了如何处理,建议处理：当优惠券无法使用时，先核对有效期、适用商品范围和订单金额是否满足使用条件，并在系统中记录处理结果。,1.0
店铺券和平台券怎么一起用,标准流程：当支付时优惠券失效，可能因活动结束或库存变更导致，需重新刷新结算页确认可用优惠，完成后更新工单状态。,1.0
请教一下微信支付后状态一直未更新怎么办,处理规则：当出现重复扣款时，核对支付流水后发起原路退款，仅保留一笔有效订单，并在系统中记录处理结果。,1.0
我想知道密码不记得了怎么登录要怎么解决,标准流程：当系统提示密码错误时，引导用户确认账号信息后使用找回密码流程重置密码，必要时联系人工客服协助。,1.0
微信支付后状态一直未更新怎么办,当扣款成功但订单未更新为已支付时，查询支付回调记录并触发补单流程修正订单状态,1.0
我想知道退货物流填错了怎么办,SOP：当售后被拒绝时，可根据拒绝原因补充凭证后再次提交或申请平台介入,1.0
请问支付时报错了怎么办,SOP：当支付失败时，先确认支付渠道余额和限额，再更换支付方式重新付款，必要时联系人工客服协助。,1.0
麻烦问一下收到货不满意可以退吗该怎么办,处理规则：当退货物流信息填错时，及时修改正确单号并同步给商家以继续售后流程,1.0
连续输错密码后无法登录怎么办,建议处理：当用户忘记密码时，点击忘记密码按钮并完成身份校验后重置密码，恢复账号访问，并在系统中记录处理结果。,1.0
麻烦问一下什么时候发货有没有处理办法,建议处理：当包裹显示签收但用户未收到时，先联系派件员核实签收情况，必要时申请丢件调查或补发。,1.0
麻烦问一下优惠券被回收了怎么办,当优惠券无法使用时，先核对有效期、适用商品范围和订单金额是否满足使用条件，必要时联系人工客服协助。,1.0
请教一下收到货不满意可以退吗怎么处理,处理规则：当退货物流信息填错时，及时修改正确单号并同步给商家以继续售后流程,1.0
请问发票邮箱填错了怎么改要怎么解决,标准流程：订单完成后可在发票中心提交开票信息，审核通过后生成电子发票并发送到预留邮箱，完成后更新工单状态。,1.0
想问下支付时报错了怎么办,标准流程：当出现重复扣款时，核对支付流水后发起原路退款，仅保留一笔有效订单，完成后更新工单状态。,1.0
麻烦问一下优惠券过期了还能恢复吗如何处理,建议处理：当支付时优惠券失效，可能因活动结束或库存变更导致，需重新刷新结算页确认可用优惠，并在系统中记录处理结果。,1.0
麻烦问一下收到货不满意可以退吗怎么处理,处理规则：当售后被拒绝时，可根据拒绝原因补充凭证后再次提交或申请平台介入，并在系统中记录处理结果。,1.0
我想知道密码不记得了怎么登录要怎么解决,当系统提示密码错误时，引导用户确认账号信息后使用找回密码流程重置密码,1.0
发票金额和订单不一致怎么办,SOP：订单完成后可在发票中心提交开票信息，审核通过后生成电子发票并发送到预留邮箱，完成后更新工单状态。,1.0
请问优惠券过期了还能恢复吗要怎么解决,当优惠券无法使用时，先核对有效期、适用商品范围和订单金额是否满足使用条件,1.0
想问下退款审核要多久该怎么办,标准流程：当退款迟迟未到账时，先核对退款状态和原支付渠道到账周期，超时后联系客服处理。,1.0
商家拒绝退款怎么办,处理规则：当售后被拒绝时，可根据拒绝原因补充凭证后再次提交或申请平台介入，必要时联系人工客服协助。,1.0
优惠券被回收了怎么办,当优惠券无法使用时，先核对有效期、适用商品范围和订单金额是否满足使用条件。,1.0
麻烦问一下店铺券和平台券怎么一起用有没有处理办法,当新人券无法使用时，确认账号是否为新用户以及是否符合新人活动规则,1.0
密码不记得了怎么登录,当系统提示密码错误时，引导用户确认账号信息后使用找回密码流程重置密码,1.0
请教一下优惠券过期了还能恢复吗要怎么解决,处理规则：当优惠券无法使用时，先核对有效期、适用商品范围和订单金额是否满足使用条件,1.0
发票金额和订单不一致怎么办,当发票抬头填写错误时，在未开票前可修改抬头信息，已开票需申请红冲后重新开具,1.0
请教一下优惠券为什么用不了如何处理,处理规则：当优惠券无法使用时，先核对有效期、适用商品范围和订单金额是否满足使用条件，完成后更新工单状态。,1.0
麻烦问一下订单支付失败怎么办,标准流程：当支付失败时，先确认支付渠道余额和限额，再更换支付方式重新付款，完成后更新工单状态。,1.0
咨询一下退款审核要多久有没有处理办法,标准流程：当退款迟迟未到账时，先核对退款状态和原支付渠道到账周期，超时后联系客服处理,1.0
想问下退款后发票怎么处理,当电子发票未收到时，先检查邮箱垃圾箱，再到订单详情页重新下载电子发票,1.0
请问密码不记得了怎么登录怎么处理,当系统提示密码错误时，引导用户确认账号信息后使用找回密码流程重置密码,1.0
麻烦问一下订单支付失败怎么办,当支付失败时，先确认支付渠道余额和限额，再更换支付方式重新付款，必要时联系人工客服协助。,1.0
请问订单已发货还能拦截吗该怎么办,建议处理：当物流长时间未更新时，先核对承运商节点信息，再联系物流公司或商家发起物流异常核查,1.0
帮我看看用户无法登录系统怎么处理,当系统提示密码错误时，引导用户确认账号信息后使用找回密码流程重置密码,1.0
请教一下物流一直不更新怎么办,处理规则：当发货超时未出库时，提醒商家尽快发货，超出承诺时效可申请补偿或取消订单。,1.0
我想知道商品有问题怎么退货怎么处理,当用户申请退款时，在订单详情页提交退款原因并等待商家审核，审核通过后原路退款，并在系统中记录处理结果。,1.0
我想知道发货太慢怎么催要怎么解决,建议处理：当发货超时未出库时，提醒商家尽快发货，超出承诺时效可申请补偿或取消订单，完成后更新工单状态。,1.0
咨询一下商品有问题怎么退货要怎么解决,SOP：当用户申请退款时，在订单详情页提交退款原因并等待商家审核，审核通过后原路退款，完成后更新工单状态。,1.0
订单已发货还能拦截吗,处理规则：当物流长时间未更新时，先核对承运商节点信息，再联系物流公司或商家发起物流异常核查，并在系统中记录处理结果。,1.0
请问订单完成后怎么补开发票,建议处理：当退款发生后，如已开具发票需按规则申请红字发票或作废处理,1.0
麻烦问一下发票抬头填错了怎么办,标准流程：当发票抬头填写错误时，在未开票前可修改抬头信息，已开票需申请红冲后重新开具,1.0
麻烦问一下支付页面卡住了怎么处理,标准流程：当出现重复扣款时，核对支付流水后发起原路退款，仅保留一笔有效订单，必要时联系人工客服协助。,1.0
请问商品有问题怎么退货有没有处理办法,当商品存在质量问题时，上传问题图片后发起退货退款申请，并按要求寄回商品,1.0
商家拒绝退款怎么办,当退款迟迟未到账时，先核对退款状态和原支付渠道到账周期，超时后联系客服处理,1.0
我想知道为什么提示不满足优惠条件有没有处理办法,处理规则：店铺券和平台券能否叠加需以活动规则为准，不支持叠加时仅可选择其中一种使用，并在系统中记录处理结果。,1.0
麻烦问一下退款审核要多久,当退款迟迟未到账时，先核对退款状态和原支付渠道到账周期，超时后联系客服处理,1.0
请问用户无法登录系统怎么处理,标准流程：当登录需要二次验证时，校验绑定手机或邮箱验证码，验证通过后允许登录。,1.0
退款审核要多久,当用户申请退款时，在订单详情页提交退款原因并等待商家审核，审核通过后原路退款,1.0
用户无法登录系统怎么处理,当账号因输错密码次数过多被锁定时，等待解锁时间结束或通过身份验证解锁后重新登录,1.0
请教一下订单重复扣款怎么退款,标准流程：当出现重复扣款时，核对支付流水后发起原路退款，仅保留一笔有效订单,1.0
麻烦问一下订单想退款怎么操作,当退款迟迟未到账时，先核对退款状态和原支付渠道到账周期，超时后联系客服处理,1.0
请问什么时候发货该怎么办,当订单已发货但需拦截时，联系商家发起物流拦截申请，拦截成功后再安排退款或重发,1.0
麻烦问一下怎么查物流怎么处理,处理规则：当发货超时未出库时，提醒商家尽快发货，超出承诺时效可申请补偿或取消订单,1.0
登录提示需要身份验证怎么处理,当系统提示密码错误时，引导用户确认账号信息后使用找回密码流程重置密码,1.0
想问下售后申请被拒绝怎么办,SOP：当商品存在质量问题时，上传问题图片后发起退货退款申请，并按要求寄回商品。,1.0
咨询一下用户无法登录系统怎么处理,SOP：当登录需要二次验证时，校验绑定手机或邮箱验证码，验证通过后允许登录，并在系统中记录处理结果。,1.0
优惠券过期了还能恢复吗应该怎么弄,处理规则：当优惠券无法使用时，先核对有效期、适用商品范围和订单金额是否满足使用条件,1.0
店铺券和平台券怎么一起用有没有处理办法,处理规则：店铺券和平台券能否叠加需以活动规则为准，不支持叠加时仅可选择其中一种使用，完成后更新工单状态。,1.0
连续输错密码后无法登录怎么办,SOP：当用户忘记密码时，点击忘记密码按钮并完成身份校验后重置密码，恢复账号访问，并在系统中记录处理结果。,1.0
请问发票金额和订单不一致怎么办,SOP：订单完成后可在发票中心提交开票信息，审核通过后生成电子发票并发送到预留邮箱，完成后更新工单状态。,1.0
想问下退货物流填错了怎么办,建议处理：当商品存在质量问题时，上传问题图片后发起退货退款申请，并按要求寄回商品,1.0
请问连续输错密码后无法登录怎么办,建议处理：当用户收不到短信验证码时，先检查手机号绑定状态，再切换邮箱验证或联系客服处理，必要时联系人工客服协助。,1.0
帮我看看发票金额和订单不一致怎么办,标准流程：当发票抬头填写错误时，在未开票前可修改抬头信息，已开票需申请红冲后重新开具,1.0
请教一下快递显示签收但我没收到怎么办,当发货超时未出库时，提醒商家尽快发货，超出承诺时效可申请补偿或取消订单,1.0
我想知道收到货不满意可以退吗应该怎么弄,SOP：当退款迟迟未到账时，先核对退款状态和原支付渠道到账周期，超时后联系客服处理，必要时联系人工客服协助。,1.0
麻烦问一下发票抬头填错了怎么办,SOP：当发票抬头填写错误时，在未开票前可修改抬头信息，已开票需申请红冲后重新开具。,1.0
想问下退款后发票怎么处理,订单完成后可在发票中心提交开票信息，审核通过后生成电子发票并发送到预留邮箱,1.0
连续输错密码后无法登录怎么办,标准流程：当账号因输错密码次数过多被锁定时，等待解锁时间结束或通过身份验证解锁后重新登录，并在系统中记录处理结果。,1.0
支付成功但页面显示未支付怎么办,处理规则：当页面显示未支付但支付已成功时，以支付流水为准进行订单状态校正，必要时联系人工客服协助。,1.0
包裹丢了怎么处理,标准流程：当包裹显示签收但用户未收到时，先联系派件员核实签收情况，必要时申请丢件调查或补发。,1.0
麻烦问一下账号登不上去提示密码错误怎么办,SOP：当用户忘记密码时，点击忘记密码按钮并完成身份校验后重置密码，恢复账号访问,1.0
订单想退款怎么操作,建议处理：当退款迟迟未到账时，先核对退款状态和原支付渠道到账周期，超时后联系客服处理，并在系统中记录处理结果。,1.0
麻烦问一下包裹丢了怎么处理,当物流长时间未更新时，先核对承运商节点信息，再联系物流公司或商家发起物流异常核查,1.0
发票金额和订单不一致怎么办,SOP：当发票抬头填写错误时，在未开票前可修改抬头信息，已开票需申请红冲后重新开具，并在系统中记录处理结果。,1.0
我想知道发货太慢怎么催要怎么解决,当发货超时未出库时，提醒商家尽快发货，超出承诺时效可申请补偿或取消订单。,1.0
想问下为什么提示不满足优惠条件如何处理,SOP：当新人券无法使用时，确认账号是否为新用户以及是否符合新人活动规则,1.0
包裹丢了怎么处理,当包裹显示签收但用户未收到时，先联系派件员核实签收情况，必要时申请丢件调查或补发，并在系统中记录处理结果。,1.0
麻烦问一下账号被锁了怎么恢复登录,当用户忘记密码时，点击忘记密码按钮并完成身份校验后重置密码，恢复账号访问,1.0
麻烦问一下支付时报错了怎么办,建议处理：当支付失败时，先确认支付渠道余额和限额，再更换支付方式重新付款，完成后更新工单状态。,1.0
我想知道发票邮箱填错了怎么改怎么处理,建议处理：订单完成后可在发票中心提交开票信息，审核通过后生成电子发票并发送到预留邮箱，完成后更新工单状态。,1.0
咨询一下商品有问题怎么退货应该怎么弄,当商品存在质量问题时，上传问题图片后发起退货退款申请，并按要求寄回商品,1.0
快递停滞几天了怎么办,SOP：当发货前发现地址填写错误时，可在商家发货前申请修改收货地址，并在系统中记录处理结果。,1.0
请教一下怎么查物流如何处理,处理规则：当物流长时间未更新时，先核对承运商节点信息，再联系物流公司或商家发起物流异常核查。,1.0
咨询一下退款后发票怎么处理,处理规则：订单完成后可在发票中心提交开票信息，审核通过后生成电子发票并发送到预留邮箱，必要时联系人工客服协助。,1.0
我想知道店铺券和平台券怎么一起用有没有处理办法,当支付时优惠券失效，可能因活动结束或库存变更导致，需重新刷新结算页确认可用优惠,1.0
请教一下订单想退款怎么操作,建议处理：当退款迟迟未到账时，先核对退款状态和原支付渠道到账周期，超时后联系客服处理，必要时联系人工客服协助。,1.0
快递停滞几天了怎么办,SOP：当发货前发现地址填写错误时，可在商家发货前申请修改收货地址，完成后更新工单状态。,1.0
我想知道什么时候发货要怎么解决,SOP：当包裹显示签收但用户未收到时，先联系派件员核实签收情况，必要时申请丢件调查或补发，必要时联系人工客服协助。,1.0
我想知道验证码登录失败怎么办,当用户忘记密码时，点击忘记密码按钮并完成身份校验后重置密码，恢复账号访问,1.0
怎么查物流,SOP：当发货超时未出库时，提醒商家尽快发货，超出承诺时效可申请补偿或取消订单，并在系统中记录处理结果。,1.0
麻烦问一下什么时候发货如何处理,建议处理：当订单已发货但需拦截时，联系商家发起物流拦截申请，拦截成功后再安排退款或重发,1.0
想问下连续输错密码后无法登录怎么办,当账号因输错密码次数过多被锁定时，等待解锁时间结束或通过身份验证解锁后重新登录,1.0
请教一下企业发票怎么开该怎么办,当发票抬头填写错误时，在未开票前可修改抬头信息，已开票需申请红冲后重新开具。,1.0
请教一下优惠券过期了还能恢复吗要怎么解决,处理规则：当优惠券无法使用时，先核对有效期、适用商品范围和订单金额是否满足使用条件，完成后更新工单状态。,1.0
帮我看看商家拒绝退款怎么办,处理规则：当售后被拒绝时，可根据拒绝原因补充凭证后再次提交或申请平台介入。,1.0
想问下登录提示需要身份验证怎么处理,当系统提示密码错误时，引导用户确认账号信息后使用找回密码流程重置密码，并在系统中记录处理结果。,1.0
我想知道退款审核要多久有没有处理办法,当用户申请退款时，在订单详情页提交退款原因并等待商家审核，审核通过后原路退款,1.0
请教一下企业发票怎么开如何处理,当发票抬头填写错误时，在未开票前可修改抬头信息，已开票需申请红冲后重新开具,1.0
麻烦问一下物流一直不更新怎么办,当发货超时未出库时，提醒商家尽快发货，超出承诺时效可申请补偿或取消订单，完成后更新工单状态。,1.0
我想知道快递异常怎么处理,处理规则：当发货前发现地址填写错误时，可在商家发货前申请修改收货地址，并在系统中记录处理结果。,1.0
包裹丢了怎么处理,当物流长时间未更新时，先核对承运商节点信息，再联系物流公司或商家发起物流异常核查，并在系统中记录处理结果。,1.0
麻烦问一下收到货不满意可以退吗,处理规则：当售后被拒绝时，可根据拒绝原因补充凭证后再次提交或申请平台介入，并在系统中记录处理结果。,1.0
帮我看看退货物流填错了怎么办,当用户申请退款时，在订单详情页提交退款原因并等待商家审核，审核通过后原路退款,1.0
想问下发票审核失败怎么办,当发票抬头填写错误时，在未开票前可修改抬头信息，已开票需申请红冲后重新开具，并在系统中记录处理结果。,1.0
请问发票邮箱填错了怎么改该怎么办,建议处理：订单完成后可在发票中心提交开票信息，审核通过后生成电子发票并发送到预留邮箱，完成后更新工单状态。,1.0
请教一下连续输错密码后无法登录怎么办,当账号因输错密码次数过多被锁定时，等待解锁时间结束或通过身份验证解锁后重新登录，完成后更新工单状态。,1.0
想问下账号登不上去提示密码错误怎么办,SOP：当用户忘记密码时，点击忘记密码按钮并完成身份校验后重置密码，恢复账号访问,1.0
请问连续输错密码后无法登录怎么办,当用户收不到短信验证码时，先检查手机号绑定状态，再切换邮箱验证或联系客服处理，完成后更新工单状态。,1.0
请教一下电子发票在哪里下载该怎么办,SOP：当退款发生后，如已开具发票需按规则申请红字发票或作废处理，完成后更新工单状态。,1.0
咨询一下什么时候发货如何处理,处理规则：当订单已发货但需拦截时，联系商家发起物流拦截申请，拦截成功后再安排退款或重发，完成后更新工单状态。,1.0
咨询一下商品有问题怎么退货要怎么解决,当用户申请退款时，在订单详情页提交退款原因并等待商家审核，审核通过后原路退款，并在系统中记录处理结果。,1.0
请教一下退款审核要多久,SOP：当用户申请退款时，在订单详情页提交退款原因并等待商家审核，审核通过后原路退款，完成后更新工单状态。,1.0
我想知道发票邮箱填错了怎么改怎么处理,当发票抬头填写错误时，在未开票前可修改抬头信息，已开票需申请红冲后重新开具,1.0
想问下退款后发票怎么处理,建议处理：订单完成后可在发票中心提交开票信息，审核通过后生成电子发票并发送到预留邮箱,1.0
用户无法登录系统怎么处理,建议处理：当账号因输错密码次数过多被锁定时，等待解锁时间结束或通过身份验证解锁后重新登录，并在系统中记录处理结果。,1.0
麻烦问一下店铺券和平台券怎么一起用有没有处理办法,处理规则：当新人券无法使用时，确认账号是否为新用户以及是否符合新人活动规则，完成后更新工单状态。,1.0
我想知道收到货不满意可以退吗应该怎么弄,建议处理：当退款迟迟未到账时，先核对退款状态和原支付渠道到账周期，超时后联系客服处理。,1.0
帮我看看登录提示需要身份验证怎么处理,当系统提示密码错误时，引导用户确认账号信息后使用找回密码流程重置密码，并在系统中记录处理结果。,1.0
咨询一下商家拒绝退款怎么办,标准流程：当退款迟迟未到账时，先核对退款状态和原支付渠道到账周期，超时后联系客服处理。,1.0
我想知道支付成功但页面显示未支付怎么办,建议处理：当页面显示未支付但支付已成功时，以支付流水为准进行订单状态校正，并在系统中记录处理结果。,1.0
我想知道什么时候发货要怎么解决,当包裹显示签收但用户未收到时，先联系派件员核实签收情况，必要时申请丢件调查或补发,1.0
怎么申请退款,当退款迟迟未到账时，先核对退款状态和原支付渠道到账周期，超时后联系客服处理，完成后更新工单状态。,1.0
请问发票邮箱填错了怎么改要怎么解决,处理规则：订单完成后可在发票中心提交开票信息，审核通过后生成电子发票并发送到预留邮箱，并在系统中记录处理结果。,1.0
我想知道订单已发货还能拦截吗该怎么办,建议处理：当物流长时间未更新时，先核对承运商节点信息，再联系物流公司或商家发起物流异常核查,1.0
麻烦问一下收到货不满意可以退吗怎么处理,标准流程：当售后被拒绝时，可根据拒绝原因补充凭证后再次提交或申请平台介入,1.0
请教一下发票抬头填错了怎么办,当发票抬头填写错误时，在未开票前可修改抬头信息，已开票需申请红冲后重新开具,1.0
请问快递异常怎么处理,标准流程：当发货前发现地址填写错误时，可在商家发货前申请修改收货地址。,1.0
账号登不上去提示密码错误怎么办,当用户收不到短信验证码时，先检查手机号绑定状态，再切换邮箱验证或联系客服处理,1.0
帮我看看登录时一直提示密码不对怎么办,当账号因输错密码次数过多被锁定时，等待解锁时间结束或通过身份验证解锁后重新登录，必要时联系人工客服协助。,1.0
请问验证码登录失败怎么办,SOP：当用户收不到短信验证码时，先检查手机号绑定状态，再切换邮箱验证或联系客服处理，完成后更新工单状态。,1.0
请问发票邮箱填错了怎么改该怎么办,处理规则：订单完成后可在发票中心提交开票信息，审核通过后生成电子发票并发送到预留邮箱，并在系统中记录处理结果。,1.0
请问订单完成后怎么补开发票,标准流程：当退款发生后，如已开具发票需按规则申请红字发票或作废处理，并在系统中记录处理结果。,1.0
帮我看看支付时报错了怎么办,当支付失败时，先确认支付渠道余额和限额，再更换支付方式重新付款,1.0
我想知道发票邮箱填错了怎么改怎么处理,标准流程：订单完成后可在发票中心提交开票信息，审核通过后生成电子发票并发送到预留邮箱，完成后更新工单状态。,1.0
请教一下验证码登录失败怎么办,SOP：当用户收不到短信验证码时，先检查手机号绑定状态，再切换邮箱验证或联系客服处理,1.0
请问订单已发货还能拦截吗该怎么办,当物流长时间未更新时，先核对承运商节点信息，再联系物流公司或商家发起物流异常核查,1.0
我想知道账号登不上去提示密码错误怎么办,标准流程：当账号因输错密码次数过多被锁定时，等待解锁时间结束或通过身份验证解锁后重新登录，必要时联系人工客服协助。,1.0
想问下发货太慢怎么催该怎么办,当发货超时未出库时，提醒商家尽快发货，超出承诺时效可申请补偿或取消订单，必要时联系人工客服协助。,1.0
请教一下商家拒绝退款怎么办,标准流程：当退款迟迟未到账时，先核对退款状态和原支付渠道到账周期，超时后联系客服处理。,1.0
帮我看看包裹丢了怎么处理,当包裹显示签收但用户未收到时，先联系派件员核实签收情况，必要时申请丢件调查或补发,1.0
麻烦问一下发货太慢怎么催,当发货超时未出库时，提醒商家尽快发货，超出承诺时效可申请补偿或取消订单,1.0
麻烦问一下企业发票怎么开要怎么解决,当发票抬头填写错误时，在未开票前可修改抬头信息，已开票需申请红冲后重新开具。,1.0
我想知道优惠券被回收了怎么办,标准流程：当满减券不生效时，检查结算商品是否参与活动以及是否已达到最低使用门槛,1.0
帮我看看退款后发票怎么处理,SOP：订单完成后可在发票中心提交开票信息，审核通过后生成电子发票并发送到预留邮箱，必要时联系人工客服协助。,1.0
请问验证码登录失败怎么办,当登录需要二次验证时，校验绑定手机或邮箱验证码，验证通过后允许登录。,1.0
咨询一下为什么提示不满足优惠条件如何处理,标准流程：店铺券和平台券能否叠加需以活动规则为准，不支持叠加时仅可选择其中一种使用，并在系统中记录处理结果。,1.0
我想知道快递停滞几天了怎么办,建议处理：当发货前发现地址填写错误时，可在商家发货前申请修改收货地址。,1.0
咨询一下商家拒绝退款怎么办,当退款迟迟未到账时，先核对退款状态和原支付渠道到账周期，超时后联系客服处理，并在系统中记录处理结果。,1.0
帮我看看支付时报错了怎么办,标准流程：当出现重复扣款时，核对支付流水后发起原路退款，仅保留一笔有效订单，完成后更新工单状态。,1.0
帮我看看什么时候发货怎么处理,当包裹显示签收但用户未收到时，先联系派件员核实签收情况，必要时申请丢件调查或补发,1.0
麻烦问一下什么时候发货有没有处理办法,当包裹显示签收但用户未收到时，先联系派件员核实签收情况，必要时申请丢件调查或补发，并在系统中记录处理结果。,1.0
退货物流填错了怎么办,建议处理：当商品存在质量问题时，上传问题图片后发起退货退款申请，并按要求寄回商品，必要时联系人工客服协助。,1.0
咨询一下收到货不满意可以退吗如何处理,建议处理：当售后被拒绝时，可根据拒绝原因补充凭证后再次提交或申请平台介入，完成后更新工单状态。,1.0
帮我看看怎么申请发票怎么处理,标准流程：当发票抬头填写错误时，在未开票前可修改抬头信息，已开票需申请红冲后重新开具,1.0
帮我看看登录时一直提示密码不对怎么办,标准流程：当账号因输错密码次数过多被锁定时，等待解锁时间结束或通过身份验证解锁后重新登录,1.0
怎么查物流,处理规则：当物流长时间未更新时，先核对承运商节点信息，再联系物流公司或商家发起物流异常核查。,1.0
请教一下怎么申请发票有没有处理办法,标准流程：当发票抬头填写错误时，在未开票前可修改抬头信息，已开票需申请红冲后重新开具,1.0
怎么查物流,处理规则：当发货超时未出库时，提醒商家尽快发货，超出承诺时效可申请补偿或取消订单,1.0
发票金额和订单不一致怎么办,建议处理：订单完成后可在发票中心提交开票信息，审核通过后生成电子发票并发送到预留邮箱，完成后更新工单状态。,1.0
我想知道包裹丢了怎么处理,当物流长时间未更新时，先核对承运商节点信息，再联系物流公司或商家发起物流异常核查，完成后更新工单状态。,1.0
请问用户无法登录系统怎么处理,SOP：当登录需要二次验证时，校验绑定手机或邮箱验证码，验证通过后允许登录，并在系统中记录处理结果。,1.0
请问快递显示签收但我没收到怎么办,建议处理：当发货超时未出库时，提醒商家尽快发货，超出承诺时效可申请补偿或取消订单，并在系统中记录处理结果。,1.0
麻烦问一下收到货不满意可以退吗该怎么办,建议处理：当退货物流信息填错时，及时修改正确单号并同步给商家以继续售后流程，并在系统中记录处理结果。,1.0
咨询一下连续输错密码后无法登录怎么办,处理规则：当用户收不到短信验证码时，先检查手机号绑定状态，再切换邮箱验证或联系客服处理，必要时联系人工客服协助。,1.0
快递显示签收但我没收到怎么办,当发货超时未出库时，提醒商家尽快发货，超出承诺时效可申请补偿或取消订单,1.0
怎么申请退款应该怎么弄,当退款迟迟未到账时，先核对退款状态和原支付渠道到账周期，超时后联系客服处理，完成后更新工单状态。,1.0
想问下店铺券和平台券怎么一起用有没有处理办法,处理规则：当新人券无法使用时，确认账号是否为新用户以及是否符合新人活动规则，完成后更新工单状态。,1.0
请问优惠券为什么用不了应该怎么弄,处理规则：当优惠券无法使用时，先核对有效期、适用商品范围和订单金额是否满足使用条件。,1.0
账号登不上去提示密码错误怎么办,当用户忘记密码时，点击忘记密码按钮并完成身份校验后重置密码，恢复账号访问，完成后更新工单状态。,1.0
我想知道支付成功但页面显示未支付怎么办,处理规则：当页面显示未支付但支付已成功时，以支付流水为准进行订单状态校正，必要时联系人工客服协助。,1.0
想问下支付时报错了怎么办,当出现重复扣款时，核对支付流水后发起原路退款，仅保留一笔有效订单,1.0
帮我看看电子发票在哪里下载如何处理,SOP：当退款发生后，如已开具发票需按规则申请红字发票或作废处理，完成后更新工单状态。,1.0
麻烦问一下支付时报错了怎么办,处理规则：当支付失败时，先确认支付渠道余额和限额，再更换支付方式重新付款，并在系统中记录处理结果。,1.0
麻烦问一下账号登不上去提示密码错误怎么办,处理规则：当账号因输错密码次数过多被锁定时，等待解锁时间结束或通过身份验证解锁后重新登录,1.0
请问用户忘记密码登录不了怎么办,标准流程：当账号因输错密码次数过多被锁定时，等待解锁时间结束或通过身份验证解锁后重新登录，并在系统中记录处理结果。,1.0
请问订单想退款怎么操作,标准流程：当退货物流信息填错时，及时修改正确单号并同步给商家以继续售后流程，必要时联系人工客服协助。,1.0
支付成功但页面显示未支付怎么办,建议处理：当页面显示未支付但支付已成功时，以支付流水为准进行订单状态校正。,1.0
请教一下验证码登录失败怎么办,SOP：当登录需要二次验证时，校验绑定手机或邮箱验证码，验证通过后允许登录，必要时联系人工客服协助。,1.0
帮我看看支付时报错了怎么办,处理规则：当支付失败时，先确认支付渠道余额和限额，再更换支付方式重新付款，并在系统中记录处理结果。,1.0
请问验证码登录失败怎么办,当用户忘记密码时，点击忘记密码按钮并完成身份校验后重置密码，恢复账号访问，必要时联系人工客服协助。,1.0
帮我看看店铺券和平台券怎么一起用有没有处理办法,处理规则：当优惠券无法使用时，先核对有效期、适用商品范围和订单金额是否满足使用条件，并在系统中记录处理结果。,1.0
请问登录时一直提示密码不对怎么办,当账号因输错密码次数过多被锁定时，等待解锁时间结束或通过身份验证解锁后重新登录,1.0
想问下订单重复扣款怎么退款应该怎么弄,标准流程：当出现重复扣款时，核对支付流水后发起原路退款，仅保留一笔有效订单,1.0
请问优惠券为什么用不了应该怎么弄,建议处理：当优惠券无法使用时，先核对有效期、适用商品范围和订单金额是否满足使用条件，并在系统中记录处理结果。,1.0
请问发票金额和订单不一致怎么办,订单完成后可在发票中心提交开票信息，审核通过后生成电子发票并发送到预留邮箱,1.0
想问下发票抬头填错了怎么办,处理规则：当发票抬头填写错误时，在未开票前可修改抬头信息，已开票需申请红冲后重新开具，并在系统中记录处理结果。,1.0
请问用户无法登录系统怎么处理,建议处理：当账号因输错密码次数过多被锁定时，等待解锁时间结束或通过身份验证解锁后重新登录。,1.0
麻烦问一下账号登不上去提示密码错误怎么办,当用户忘记密码时，点击忘记密码按钮并完成身份校验后重置密码，恢复账号访问，并在系统中记录处理结果。,1.0
请问快递异常怎么处理,处理规则：当发货前发现地址填写错误时，可在商家发货前申请修改收货地址，并在系统中记录处理结果。,1.0
想问下订单支付失败怎么办,当支付失败时，先确认支付渠道余额和限额，再更换支付方式重新付款,1.0
帮我看看什么时候发货怎么处理,建议处理：当包裹显示签收但用户未收到时，先联系派件员核实签收情况，必要时申请丢件调查或补发。,1.0
帮我看看电子发票在哪里下载应该怎么弄,当退款发生后，如已开具发票需按规则申请红字发票或作废处理,1.0
优惠券过期了还能恢复吗应该怎么弄,处理规则：当优惠券无法使用时，先核对有效期、适用商品范围和订单金额是否满足使用条件，完成后更新工单状态。,1.0
账号登不上去提示密码错误怎么办,SOP：当用户收不到短信验证码时，先检查手机号绑定状态，再切换邮箱验证或联系客服处理，完成后更新工单状态。,1.0
想问下发票邮箱填错了怎么改有没有处理办法,当发票抬头填写错误时，在未开票前可修改抬头信息，已开票需申请红冲后重新开具，并在系统中记录处理结果。,1.0
麻烦问一下订单重复扣款怎么退款应该怎么弄,标准流程：当出现重复扣款时，核对支付流水后发起原路退款，仅保留一笔有效订单,1.0
我想知道快递异常怎么处理,当发货前发现地址填写错误时，可在商家发货前申请修改收货地址,1.0
企业发票怎么开如何处理,处理规则：当电子发票未收到时，先检查邮箱垃圾箱，再到订单详情页重新下载电子发票,1.0
帮我看看支付成功但页面显示未支付怎么办,建议处理：当页面显示未支付但支付已成功时，以支付流水为准进行订单状态校正。,1.0
咨询一下连续输错密码后无法登录怎么办,SOP：当用户收不到短信验证码时，先检查手机号绑定状态，再切换邮箱验证或联系客服处理，必要时联系人工客服协助。,1.0
用户忘记密码登录不了怎么办,处理规则：当账号因输错密码次数过多被锁定时，等待解锁时间结束或通过身份验证解锁后重新登录，并在系统中记录处理结果。,1.0
怎么查物流,当物流长时间未更新时，先核对承运商节点信息，再联系物流公司或商家发起物流异常核查,1.0
请教一下退货物流填错了怎么办,SOP：当售后被拒绝时，可根据拒绝原因补充凭证后再次提交或申请平台介入,1.0
售后申请被拒绝怎么办,当商品存在质量问题时，上传问题图片后发起退货退款申请，并按要求寄回商品,1.0
店铺券和平台券怎么一起用要怎么解决,标准流程：当优惠券无法使用时，先核对有效期、适用商品范围和订单金额是否满足使用条件。,1.0
请问订单完成后怎么补开发票要怎么解决,建议处理：当退款发生后，如已开具发票需按规则申请红字发票或作废处理,1.0
账号被锁了怎么恢复登录,当用户忘记密码时，点击忘记密码按钮并完成身份校验后重置密码，恢复账号访问,1.0
请教一下商家拒绝退款怎么办,当退款迟迟未到账时，先核对退款状态和原支付渠道到账周期，超时后联系客服处理,1.0
麻烦问一下发票金额和订单不一致怎么办,建议处理：当发票抬头填写错误时，在未开票前可修改抬头信息，已开票需申请红冲后重新开具,1.0
麻烦问一下收到货不满意可以退吗要怎么解决,当退款迟迟未到账时，先核对退款状态和原支付渠道到账周期，超时后联系客服处理,1.0
麻烦问一下售后申请被拒绝怎么办,当商品存在质量问题时，上传问题图片后发起退货退款申请，并按要求寄回商品,1.0
请问验证码登录失败怎么办,建议处理：当用户收不到短信验证码时，先检查手机号绑定状态，再切换邮箱验证或联系客服处理，完成后更新工单状态。,1.0
我想知道登录时一直提示密码不对怎么办,标准流程：当账号因输错密码次数过多被锁定时，等待解锁时间结束或通过身份验证解锁后重新登录。,1.0
验证码登录失败怎么办,当登录需要二次验证时，校验绑定手机或邮箱验证码，验证通过后允许登录。,1.0
请教一下发票抬头填错了怎么办,标准流程：当发票抬头填写错误时，在未开票前可修改抬头信息，已开票需申请红冲后重新开具,1.0
帮我看看账号登不上去提示密码错误怎么办,标准流程：当用户收不到短信验证码时，先检查手机号绑定状态，再切换邮箱验证或联系客服处理，并在系统中记录处理结果。,1.0
我想知道商品有问题怎么退货怎么处理,处理规则：当用户申请退款时，在订单详情页提交退款原因并等待商家审核，审核通过后原路退款，完成后更新工单状态。,1.0
麻烦问一下怎么查物流如何处理,标准流程：当发货超时未出库时，提醒商家尽快发货，超出承诺时效可申请补偿或取消订单,1.0
请教一下连续输错密码后无法登录怎么办,当账号因输错密码次数过多被锁定时，等待解锁时间结束或通过身份验证解锁后重新登录,1.0
帮我看看账号登不上去提示密码错误怎么办,SOP：当用户收不到短信验证码时，先检查手机号绑定状态，再切换邮箱验证或联系客服处理，完成后更新工单状态。,1.0
我想知道验证码登录失败怎么办,处理规则：当用户忘记密码时，点击忘记密码按钮并完成身份校验后重置密码，恢复账号访问，完成后更新工单状态。,1.0
请问支付时报错了怎么办,SOP：当支付失败时，先确认支付渠道余额和限额，再更换支付方式重新付款，并在系统中记录处理结果。,1.0
地址填错了还能改吗,当物流长时间未更新时，先核对承运商节点信息，再联系物流公司或商家发起物流异常核查，完成后更新工单状态。,1.0
想问下快递停滞几天了怎么办,处理规则：当订单已发货但需拦截时，联系商家发起物流拦截申请，拦截成功后再安排退款或重发，完成后更新工单状态。,1.0
请教一下优惠券被回收了怎么办,标准流程：当优惠券无法使用时，先核对有效期、适用商品范围和订单金额是否满足使用条件。,1.0
我想知道账号被锁了怎么恢复登录,建议处理：当用户忘记密码时，点击忘记密码按钮并完成身份校验后重置密码，恢复账号访问，完成后更新工单状态。,1.0
我想知道账号被锁了怎么恢复登录,当用户忘记密码时，点击忘记密码按钮并完成身份校验后重置密码，恢复账号访问，完成后更新工单状态。,1.0
咨询一下账号登不上去提示密码错误怎么办,SOP：当用户收不到短信验证码时，先检查手机号绑定状态，再切换邮箱验证或联系客服处理，完成后更新工单状态。,1.0
咨询一下微信支付后状态一直未更新怎么办,建议处理：当扣款成功但订单未更新为已支付时，查询支付回调记录并触发补单流程修正订单状态，完成后更新工单状态。,1.0
店铺券和平台券怎么一起用要怎么解决,处理规则：当优惠券无法使用时，先核对有效期、适用商品范围和订单金额是否满足使用条件,1.0
优惠券被回收了怎么办,当优惠券无法使用时，先核对有效期、适用商品范围和订单金额是否满足使用条件,1.0
验证码登录失败怎么办,当用户忘记密码时，点击忘记密码按钮并完成身份校验后重置密码，恢复账号访问,1.0
我想知道包裹丢了怎么处理,当包裹显示签收但用户未收到时，先联系派件员核实签收情况，必要时申请丢件调查或补发，并在系统中记录处理结果。,1.0
请教一下怎么申请发票有没有处理办法,SOP：当发票抬头填写错误时，在未开票前可修改抬头信息，已开票需申请红冲后重新开具,1.0
咨询一下地址填错了还能改吗,当物流长时间未更新时，先核对承运商节点信息，再联系物流公司或商家发起物流异常核查，必要时联系人工客服协助。,1.0
我想知道账号登不上去提示密码错误怎么办,建议处理：当账号因输错密码次数过多被锁定时，等待解锁时间结束或通过身份验证解锁后重新登录，并在系统中记录处理结果。,1.0
收到货不满意可以退吗,当退款迟迟未到账时，先核对退款状态和原支付渠道到账周期，超时后联系客服处理,1.0
店铺券和平台券怎么一起用,当支付时优惠券失效，可能因活动结束或库存变更导致，需重新刷新结算页确认可用优惠，必要时联系人工客服协助。,1.0
想问下订单重复扣款怎么退款应该怎么弄,当出现重复扣款时，核对支付流水后发起原路退款，仅保留一笔有效订单,1.0
想问下发票抬头填错了怎么办,当发票抬头填写错误时，在未开票前可修改抬头信息，已开票需申请红冲后重新开具,1.0
想问下发票邮箱填错了怎么改有没有处理办法,当发票抬头填写错误时，在未开票前可修改抬头信息，已开票需申请红冲后重新开具,1.0
咨询一下登录时一直提示密码不对怎么办,标准流程：当用户收不到短信验证码时，先检查手机号绑定状态，再切换邮箱验证或联系客服处理。,1.0
咨询一下微信支付后状态一直未更新怎么办,当扣款成功但订单未更新为已支付时，查询支付回调记录并触发补单流程修正订单状态。,1.0
请问用户无法登录系统怎么处理,建议处理：当账号因输错密码次数过多被锁定时，等待解锁时间结束或通过身份验证解锁后重新登录，并在系统中记录处理结果。,1.0
帮我看看包裹丢了怎么处理,当包裹显示签收但用户未收到时，先联系派件员核实签收情况，必要时申请丢件调查或补发，并在系统中记录处理结果。,1.0
麻烦问一下优惠券被回收了怎么办,处理规则：当优惠券无法使用时，先核对有效期、适用商品范围和订单金额是否满足使用条件,1.0
请教一下收到货不满意可以退吗怎么处理,建议处理：当退货物流信息填错时，及时修改正确单号并同步给商家以继续售后流程，并在系统中记录处理结果。,1.0
登录时一直提示密码不对怎么办,当用户收不到短信验证码时，先检查手机号绑定状态，再切换邮箱验证或联系客服处理。,1.0
请问优惠券过期了还能恢复吗怎么处理,标准流程：当支付时优惠券失效，可能因活动结束或库存变更导致，需重新刷新结算页确认可用优惠，完成后更新工单状态。,1.0
帮我看看用户无法登录系统怎么处理,建议处理：当账号因输错密码次数过多被锁定时，等待解锁时间结束或通过身份验证解锁后重新登录。,1.0
帮我看看登录提示需要身份验证怎么处理,当系统提示密码错误时，引导用户确认账号信息后使用找回密码流程重置密码，完成后更新工单状态。,1.0
我想知道为什么提示不满足优惠条件有没有处理办法,标准流程：当新人券无法使用时，确认账号是否为新用户以及是否符合新人活动规则,1.0
请问密码不记得了怎么登录怎么处理,标准流程：当系统提示密码错误时，引导用户确认账号信息后使用找回密码流程重置密码，必要时联系人工客服协助。,1.0
请问商品有问题怎么退货有没有处理办法,建议处理：当商品存在质量问题时，上传问题图片后发起退货退款申请，并按要求寄回商品，完成后更新工单状态。,1.0
用户忘记密码登录不了怎么办,当账号因输错密码次数过多被锁定时，等待解锁时间结束或通过身份验证解锁后重新登录,1.0
麻烦问一下退货物流填错了怎么办,处理规则：当售后被拒绝时，可根据拒绝原因补充凭证后再次提交或申请平台介入，必要时联系人工客服协助。,1.0
用户无法登录系统怎么处理,当登录需要二次验证时，校验绑定手机或邮箱验证码，验证通过后允许登录,1.0
咨询一下退货物流填错了怎么办,建议处理：当商品存在质量问题时，上传问题图片后发起退货退款申请，并按要求寄回商品，必要时联系人工客服协助。,1.0
为什么提示不满足优惠条件,店铺券和平台券能否叠加需以活动规则为准，不支持叠加时仅可选择其中一种使用,1.0
麻烦问一下快递停滞几天了怎么办,建议处理：当发货前发现地址填写错误时，可在商家发货前申请修改收货地址。,1.0
帮我看看支付页面卡住了怎么处理,SOP：当页面显示未支付但支付已成功时，以支付流水为准进行订单状态校正，必要时联系人工客服协助。,1.0
退款审核要多久,标准流程：当用户申请退款时，在订单详情页提交退款原因并等待商家审核，审核通过后原路退款，并在系统中记录处理结果。,1.0
咨询一下店铺券和平台券怎么一起用应该怎么弄,标准流程：当支付时优惠券失效，可能因活动结束或库存变更导致，需重新刷新结算页确认可用优惠，完成后更新工单状态。,1.0
请教一下用户无法登录系统怎么处理,处理规则：当系统提示密码错误时，引导用户确认账号信息后使用找回密码流程重置密码，并在系统中记录处理结果。,1.0
我想知道怎么查物流如何处理,SOP：当物流长时间未更新时，先核对承运商节点信息，再联系物流公司或商家发起物流异常核查。,1.0
微信支付后状态一直未更新怎么办,SOP：当扣款成功但订单未更新为已支付时，查询支付回调记录并触发补单流程修正订单状态，并在系统中记录处理结果。,1.0
我想知道包裹丢了怎么处理,当物流长时间未更新时，先核对承运商节点信息，再联系物流公司或商家发起物流异常核查,1.0
我想知道店铺券和平台券怎么一起用有没有处理办法,标准流程：当支付时优惠券失效，可能因活动结束或库存变更导致，需重新刷新结算页确认可用优惠，完成后更新工单状态。,1.0
请问快递显示签收但我没收到怎么办,处理规则：当发货超时未出库时，提醒商家尽快发货，超出承诺时效可申请补偿或取消订单，完成后更新工单状态。,1.0
帮我看看快递停滞几天了怎么办,建议处理：当订单已发货但需拦截时，联系商家发起物流拦截申请，拦截成功后再安排退款或重发,1.0
想问下商品有问题怎么退货该怎么办,处理规则：当用户申请退款时，在订单详情页提交退款原因并等待商家审核，审核通过后原路退款，完成后更新工单状态。,1.0
账号被锁了怎么恢复登录,标准流程：当用户忘记密码时，点击忘记密码按钮并完成身份校验后重置密码，恢复账号访问，完成后更新工单状态。,1.0
请教一下验证码登录失败怎么办,当登录需要二次验证时，校验绑定手机或邮箱验证码，验证通过后允许登录,1.0
帮我看看电子发票在哪里下载如何处理,SOP：当退款发生后，如已开具发票需按规则申请红字发票或作废处理，并在系统中记录处理结果。,1.0
请教一下优惠券被回收了怎么办,处理规则：当优惠券无法使用时，先核对有效期、适用商品范围和订单金额是否满足使用条件,1.0
请问商家拒绝退款怎么办,当售后被拒绝时，可根据拒绝原因补充凭证后再次提交或申请平台介入,1.0
收到货不满意可以退吗,SOP：当退款迟迟未到账时，先核对退款状态和原支付渠道到账周期，超时后联系客服处理，必要时联系人工客服协助。,1.0
优惠券被回收了怎么办,SOP：当满减券不生效时，检查结算商品是否参与活动以及是否已达到最低使用门槛。,1.0
我想知道发票邮箱填错了怎么改怎么处理,处理规则：当发票抬头填写错误时，在未开票前可修改抬头信息，已开票需申请红冲后重新开具。,1.0
麻烦问一下为什么提示不满足优惠条件应该怎么弄,标准流程：当新人券无法使用时，确认账号是否为新用户以及是否符合新人活动规则,1.0
商家拒绝退款怎么办,SOP：当退款迟迟未到账时，先核对退款状态和原支付渠道到账周期，超时后联系客服处理，完成后更新工单状态。,1.0
请问优惠券过期了还能恢复吗要怎么解决,建议处理：当优惠券无法使用时，先核对有效期、适用商品范围和订单金额是否满足使用条件。,1.0
咨询一下收到货不满意可以退吗如何处理,处理规则：当售后被拒绝时，可根据拒绝原因补充凭证后再次提交或申请平台介入，并在系统中记录处理结果。,1.0
请教一下优惠券为什么用不了如何处理,建议处理：当优惠券无法使用时，先核对有效期、适用商品范围和订单金额是否满足使用条件，并在系统中记录处理结果。,1.0
想问下退款后发票怎么处理,当电子发票未收到时，先检查邮箱垃圾箱，再到订单详情页重新下载电子发票，必要时联系人工客服协助。,1.0
支付页面卡住了怎么处理,标准流程：当出现重复扣款时，核对支付流水后发起原路退款，仅保留一笔有效订单，必要时联系人工客服协助。,1.0
咨询一下店铺券和平台券怎么一起用有没有处理办法,店铺券和平台券能否叠加需以活动规则为准，不支持叠加时仅可选择其中一种使用。,1.0
想问下支付页面卡住了怎么处理,当出现重复扣款时，核对支付流水后发起原路退款，仅保留一笔有效订单,1.0
我想知道快递停滞几天了怎么办,当订单已发货但需拦截时，联系商家发起物流拦截申请，拦截成功后再安排退款或重发,1.0
想问下商品有问题怎么退货该怎么办,SOP：当用户申请退款时，在订单详情页提交退款原因并等待商家审核，审核通过后原路退款，完成后更新工单状态。,1.0
麻烦问一下包裹丢了怎么处理,建议处理：当物流长时间未更新时，先核对承运商节点信息，再联系物流公司或商家发起物流异常核查,1.0
咨询一下用户无法登录系统怎么处理,当登录需要二次验证时，校验绑定手机或邮箱验证码，验证通过后允许登录,1.0
订单想退款怎么操作,当退货物流信息填错时，及时修改正确单号并同步给商家以继续售后流程，完成后更新工单状态。,1.0
麻烦问一下收到货不满意可以退吗要怎么解决,建议处理：当退款迟迟未到账时，先核对退款状态和原支付渠道到账周期，超时后联系客服处理，并在系统中记录处理结果。,1.0
帮我看看用户无法登录系统怎么处理,标准流程：当系统提示密码错误时，引导用户确认账号信息后使用找回密码流程重置密码，必要时联系人工客服协助。,1.0
咨询一下微信支付后状态一直未更新怎么办,处理规则：当出现重复扣款时，核对支付流水后发起原路退款，仅保留一笔有效订单，并在系统中记录处理结果。,1.0
登录提示需要身份验证怎么处理,当系统提示密码错误时，引导用户确认账号信息后使用找回密码流程重置密码，并在系统中记录处理结果。,1.0
麻烦问一下发票邮箱填错了怎么改有没有处理办法,当发票抬头填写错误时，在未开票前可修改抬头信息，已开票需申请红冲后重新开具,1.0
我想知道优惠券被回收了怎么办,当满减券不生效时，检查结算商品是否参与活动以及是否已达到最低使用门槛,1.0
麻烦问一下连续输错密码后无法登录怎么办,SOP：当用户忘记密码时，点击忘记密码按钮并完成身份校验后重置密码，恢复账号访问,1.0
麻烦问一下怎么查物流如何处理,SOP：当发货超时未出库时，提醒商家尽快发货，超出承诺时效可申请补偿或取消订单，并在系统中记录处理结果。,1.0
微信支付后状态一直未更新怎么办,处理规则：当出现重复扣款时，核对支付流水后发起原路退款，仅保留一笔有效订单。,1.0
请教一下优惠券被回收了怎么办,SOP：当满减券不生效时，检查结算商品是否参与活动以及是否已达到最低使用门槛。,1.0
咨询一下店铺券和平台券怎么一起用应该怎么弄,当支付时优惠券失效，可能因活动结束或库存变更导致，需重新刷新结算页确认可用优惠，必要时联系人工客服协助。,1.0
请问订单想退款怎么操作,当退货物流信息填错时，及时修改正确单号并同步给商家以继续售后流程，完成后更新工单状态。,1.0
企业发票怎么开如何处理,处理规则：当电子发票未收到时，先检查邮箱垃圾箱，再到订单详情页重新下载电子发票。,1.0
请教一下商品有问题怎么退货该怎么办,处理规则：当商品存在质量问题时，上传问题图片后发起退货退款申请，并按要求寄回商品，必要时联系人工客服协助。,1.0
用户无法登录系统怎么处理,当系统提示密码错误时，引导用户确认账号信息后使用找回密码流程重置密码，并在系统中记录处理结果。,1.0
请教一下快递显示签收但我没收到怎么办,处理规则：当发货超时未出库时，提醒商家尽快发货，超出承诺时效可申请补偿或取消订单，完成后更新工单状态。,1.0
连续输错密码后无法登录怎么办,当用户收不到短信验证码时，先检查手机号绑定状态，再切换邮箱验证或联系客服处理,1.0
请问店铺券和平台券怎么一起用,SOP：当新人券无法使用时，确认账号是否为新用户以及是否符合新人活动规则，必要时联系人工客服协助。,1.0
请问订单完成后怎么补开发票要怎么解决,当退款发生后，如已开具发票需按规则申请红字发票或作废处理,1.0
麻烦问一下退款后发票怎么处理,处理规则：当电子发票未收到时，先检查邮箱垃圾箱，再到订单详情页重新下载电子发票，完成后更新工单状态。,1.0
想问下店铺券和平台券怎么一起用有没有处理办法,标准流程：当新人券无法使用时，确认账号是否为新用户以及是否符合新人活动规则，完成后更新工单状态。,1.0
我想知道包裹丢了怎么处理,当包裹显示签收但用户未收到时，先联系派件员核实签收情况，必要时申请丢件调查或补发,1.0
麻烦问一下为什么提示不满足优惠条件应该怎么弄,SOP：当新人券无法使用时，确认账号是否为新用户以及是否符合新人活动规则,1.0
咨询一下什么时候发货如何处理,处理规则：当订单已发货但需拦截时，联系商家发起物流拦截申请，拦截成功后再安排退款或重发,1.0
请问登录时一直提示密码不对怎么办,标准流程：当用户收不到短信验证码时，先检查手机号绑定状态，再切换邮箱验证或联系客服处理。,1.0
请问支付时报错了怎么办,标准流程：当出现重复扣款时，核对支付流水后发起原路退款，仅保留一笔有效订单,1.0
我想知道店铺券和平台券怎么一起用有没有处理办法,处理规则：当优惠券无法使用时，先核对有效期、适用商品范围和订单金额是否满足使用条件，并在系统中记录处理结果。,1.0
麻烦问一下快递异常怎么处理,标准流程：当发货前发现地址填写错误时，可在商家发货前申请修改收货地址。,1.0
连续输错密码后无法登录怎么办,当账号因输错密码次数过多被锁定时，等待解锁时间结束或通过身份验证解锁后重新登录，完成后更新工单状态。,1.0
帮我看看怎么申请发票怎么处理,SOP：当发票抬头填写错误时，在未开票前可修改抬头信息，已开票需申请红冲后重新开具,1.0
我想知道订单完成后怎么补开发票如何处理,SOP：当退款发生后，如已开具发票需按规则申请红字发票或作废处理。,1.0
我想知道订单已发货还能拦截吗该怎么办,SOP：当物流长时间未更新时，先核对承运商节点信息，再联系物流公司或商家发起物流异常核查，完成后更新工单状态。,1.0
麻烦问一下连续输错密码后无法登录怎么办,SOP：当用户忘记密码时，点击忘记密码按钮并完成身份校验后重置密码，恢复账号访问，并在系统中记录处理结果。,1.0
我想知道订单完成后怎么补开发票如何处理,当退款发生后，如已开具发票需按规则申请红字发票或作废处理,1.0
请教一下退货物流填错了怎么办,建议处理：当用户申请退款时，在订单详情页提交退款原因并等待商家审核，审核通过后原路退款,1.0
帮我看看订单想退款怎么操作,建议处理：当退货物流信息填错时，及时修改正确单号并同步给商家以继续售后流程，必要时联系人工客服协助。,1.0
咨询一下退款后发票怎么处理,SOP：订单完成后可在发票中心提交开票信息，审核通过后生成电子发票并发送到预留邮箱，必要时联系人工客服协助。,1.0
请问店铺券和平台券怎么一起用,标准流程：当新人券无法使用时，确认账号是否为新用户以及是否符合新人活动规则，完成后更新工单状态。,1.0
订单想退款怎么操作,建议处理：当退款迟迟未到账时，先核对退款状态和原支付渠道到账周期，超时后联系客服处理，必要时联系人工客服协助。,1.0
麻烦问一下账号被锁了怎么恢复登录,当用户忘记密码时，点击忘记密码按钮并完成身份校验后重置密码，恢复账号访问，完成后更新工单状态。,1.0
请问验证码登录失败怎么办,建议处理：当用户忘记密码时，点击忘记密码按钮并完成身份校验后重置密码，恢复账号访问，必要时联系人工客服协助。,1.0
麻烦问一下快递异常怎么处理,SOP：当发货前发现地址填写错误时，可在商家发货前申请修改收货地址,1.0
请问什么时候发货该怎么办,处理规则：当订单已发货但需拦截时，联系商家发起物流拦截申请，拦截成功后再安排退款或重发,1.0
想问下退款审核要多久该怎么办,标准流程：当退款迟迟未到账时，先核对退款状态和原支付渠道到账周期，超时后联系客服处理,1.0
请问企业发票怎么开怎么处理,建议处理：当电子发票未收到时，先检查邮箱垃圾箱，再到订单详情页重新下载电子发票，并在系统中记录处理结果。,1.0
咨询一下发票审核失败怎么办,当发票抬头填写错误时，在未开票前可修改抬头信息，已开票需申请红冲后重新开具，并在系统中记录处理结果。,1.0
商家拒绝退款怎么办,处理规则：当售后被拒绝时，可根据拒绝原因补充凭证后再次提交或申请平台介入。,1.0
怎么申请退款应该怎么弄,建议处理：当退款迟迟未到账时，先核对退款状态和原支付渠道到账周期，超时后联系客服处理，完成后更新工单状态。,1.0
麻烦问一下快递停滞几天了怎么办,当发货前发现地址填写错误时，可在商家发货前申请修改收货地址,1.0
连续输错密码后无法登录怎么办,SOP：当用户收不到短信验证码时，先检查手机号绑定状态，再切换邮箱验证或联系客服处理，必要时联系人工客服协助。,1.0
订单支付失败怎么办,当支付失败时，先确认支付渠道余额和限额，再更换支付方式重新付款,1.0
想问下退货物流填错了怎么办,建议处理：当商品存在质量问题时，上传问题图片后发起退货退款申请，并按要求寄回商品，必要时联系人工客服协助。,1.0
用户无法登录系统怎么处理,SOP：当登录需要二次验证时，校验绑定手机或邮箱验证码，验证通过后允许登录，并在系统中记录处理结果。,1.0
密码不记得了怎么登录,建议处理：当系统提示密码错误时，引导用户确认账号信息后使用找回密码流程重置密码,1.0
发票审核失败怎么办,处理规则：当发票抬头填写错误时，在未开票前可修改抬头信息，已开票需申请红冲后重新开具，必要时联系人工客服协助。,1.0
咨询一下微信支付后状态一直未更新怎么办,标准流程：当出现重复扣款时，核对支付流水后发起原路退款，仅保留一笔有效订单，并在系统中记录处理结果。,1.0
请问优惠券过期了还能恢复吗怎么处理,当支付时优惠券失效，可能因活动结束或库存变更导致，需重新刷新结算页确认可用优惠,1.0
麻烦问一下发票邮箱填错了怎么改有没有处理办法,处理规则：当发票抬头填写错误时，在未开票前可修改抬头信息，已开票需申请红冲后重新开具。,1.0
咨询一下退货物流填错了怎么办,建议处理：当商品存在质量问题时，上传问题图片后发起退货退款申请，并按要求寄回商品,1.0
麻烦问一下发票金额和订单不一致怎么办,订单完成后可在发票中心提交开票信息，审核通过后生成电子发票并发送到预留邮箱,1.0
我想知道为什么提示不满足优惠条件有没有处理办法,当新人券无法使用时，确认账号是否为新用户以及是否符合新人活动规则,1.0
店铺券和平台券怎么一起用有没有处理办法,店铺券和平台券能否叠加需以活动规则为准，不支持叠加时仅可选择其中一种使用。,1.0
请问企业发票怎么开怎么处理,处理规则：当电子发票未收到时，先检查邮箱垃圾箱，再到订单详情页重新下载电子发票。,1.0
咨询一下账号登不上去提示密码错误怎么办,当用户收不到短信验证码时，先检查手机号绑定状态，再切换邮箱验证或联系客服处理,1.0
请教一下微信支付后状态一直未更新怎么办,标准流程：当出现重复扣款时，核对支付流水后发起原路退款，仅保留一笔有效订单，并在系统中记录处理结果。,1.0
咨询一下发票审核失败怎么办,处理规则：当发票抬头填写错误时，在未开票前可修改抬头信息，已开票需申请红冲后重新开具，必要时联系人工客服协助。,1.0
麻烦问一下发货太慢怎么催,建议处理：当发货超时未出库时，提醒商家尽快发货，超出承诺时效可申请补偿或取消订单，完成后更新工单状态。,1.0
帮我看看商家拒绝退款怎么办,当售后被拒绝时，可根据拒绝原因补充凭证后再次提交或申请平台介入。,1.0
售后申请被拒绝怎么办,SOP：当商品存在质量问题时，上传问题图片后发起退货退款申请，并按要求寄回商品。,1.0
支付页面卡住了怎么处理,标准流程：当页面显示未支付但支付已成功时，以支付流水为准进行订单状态校正，并在系统中记录处理结果。,1.0
我想知道微信支付后状态一直未更新怎么办,建议处理：当扣款成功但订单未更新为已支付时，查询支付回调记录并触发补单流程修正订单状态，完成后更新工单状态。,1.0
麻烦问一下什么时候发货如何处理,当订单已发货但需拦截时，联系商家发起物流拦截申请，拦截成功后再安排退款或重发,1.0
退货物流填错了怎么办,处理规则：当商品存在质量问题时，上传问题图片后发起退货退款申请，并按要求寄回商品，完成后更新工单状态。,1.0
麻烦问一下订单想退款怎么操作,建议处理：当退款迟迟未到账时，先核对退款状态和原支付渠道到账周期，超时后联系客服处理，并在系统中记录处理结果。,1.0
帮我看看支付页面卡住了怎么处理,当页面显示未支付但支付已成功时，以支付流水为准进行订单状态校正，并在系统中记录处理结果。,1.0
想问下为什么提示不满足优惠条件如何处理,标准流程：当新人券无法使用时，确认账号是否为新用户以及是否符合新人活动规则,1.0
麻烦问一下发票金额和订单不一致怎么办,SOP：当发票抬头填写错误时，在未开票前可修改抬头信息，已开票需申请红冲后重新开具，并在系统中记录处理结果。,1.0
帮我看看退款后发票怎么处理,建议处理：订单完成后可在发票中心提交开票信息，审核通过后生成电子发票并发送到预留邮箱,1.0
微信支付后状态一直未更新怎么办,当出现重复扣款时，核对支付流水后发起原路退款，仅保留一笔有效订单,1.0
我想知道店铺券和平台券怎么一起用有没有处理办法,处理规则：当优惠券无法使用时，先核对有效期、适用商品范围和订单金额是否满足使用条件,1.0
请问支付时报错了怎么办,当出现重复扣款时，核对支付流水后发起原路退款，仅保留一笔有效订单,1.0
想问下连续输错密码后无法登录怎么办,处理规则：当账号因输错密码次数过多被锁定时，等待解锁时间结束或通过身份验证解锁后重新登录。,1.0
账号登不上去提示密码错误怎么办,处理规则：当账号因输错密码次数过多被锁定时，等待解锁时间结束或通过身份验证解锁后重新登录,1.0
物流一直不更新怎么办,当发货超时未出库时，提醒商家尽快发货，超出承诺时效可申请补偿或取消订单，完成后更新工单状态。,1.0
帮我看看退货物流填错了怎么办,建议处理：当用户申请退款时，在订单详情页提交退款原因并等待商家审核，审核通过后原路退款,1.0
我想知道快递停滞几天了怎么办,SOP：当发货前发现地址填写错误时，可在商家发货前申请修改收货地址，完成后更新工单状态。,1.0
请教一下退货物流填错了怎么办,当用户申请退款时，在订单详情页提交退款原因并等待商家审核，审核通过后原路退款,1.0
店铺券和平台券怎么一起用,店铺券和平台券能否叠加需以活动规则为准，不支持叠加时仅可选择其中一种使用。,1.0
咨询一下店铺券和平台券怎么一起用有没有处理办法,处理规则：店铺券和平台券能否叠加需以活动规则为准，不支持叠加时仅可选择其中一种使用，完成后更新工单状态。,1.0
我想知道退货物流填错了怎么办,当售后被拒绝时，可根据拒绝原因补充凭证后再次提交或申请平台介入，并在系统中记录处理结果。,1.0
麻烦问一下怎么查物流怎么处理,当发货超时未出库时，提醒商家尽快发货，超出承诺时效可申请补偿或取消订单,1.0
想问下发货太慢怎么催该怎么办,当发货超时未出库时，提醒商家尽快发货，超出承诺时效可申请补偿或取消订单,1.0
账号登不上去提示密码错误怎么办,SOP：当用户忘记密码时，点击忘记密码按钮并完成身份校验后重置密码，恢复账号访问,1.0
请教一下企业发票怎么开该怎么办,当发票抬头填写错误时，在未开票前可修改抬头信息，已开票需申请红冲后重新开具,1.0
帮我看看用户无法登录系统怎么处理,建议处理：当账号因输错密码次数过多被锁定时，等待解锁时间结束或通过身份验证解锁后重新登录，并在系统中记录处理结果。,1.0
订单已发货还能拦截吗,SOP：当物流长时间未更新时，先核对承运商节点信息，再联系物流公司或商家发起物流异常核查，完成后更新工单状态。,1.0
麻烦问一下物流一直不更新怎么办,SOP：当发货超时未出库时，提醒商家尽快发货，超出承诺时效可申请补偿或取消订单，并在系统中记录处理结果。,1.0
帮我看看发票金额和订单不一致怎么办,建议处理：当发票抬头填写错误时，在未开票前可修改抬头信息，已开票需申请红冲后重新开具,1.0
想问下发票审核失败怎么办,当发票抬头填写错误时，在未开票前可修改抬头信息，已开票需申请红冲后重新开具,1.0
麻烦问一下收到货不满意可以退吗,当售后被拒绝时，可根据拒绝原因补充凭证后再次提交或申请平台介入，并在系统中记录处理结果。,1.0
请问企业发票怎么开要怎么解决,处理规则：当电子发票未收到时，先检查邮箱垃圾箱，再到订单详情页重新下载电子发票,1.0
我想知道快递停滞几天了怎么办,建议处理：当订单已发货但需拦截时，联系商家发起物流拦截申请，拦截成功后再安排退款或重发。,1.0
怎么申请退款要怎么解决,建议处理：当退款迟迟未到账时，先核对退款状态和原支付渠道到账周期，超时后联系客服处理，完成后更新工单状态。,1.0
我想知道登录时一直提示密码不对怎么办,标准流程：当账号因输错密码次数过多被锁定时，等待解锁时间结束或通过身份验证解锁后重新登录,1.0
麻烦问一下退货物流填错了怎么办,建议处理：当售后被拒绝时，可根据拒绝原因补充凭证后再次提交或申请平台介入，完成后更新工单状态。,1.0
物流一直不更新怎么办,处理规则：当发货超时未出库时，提醒商家尽快发货，超出承诺时效可申请补偿或取消订单。,1.0
想问下收到货不满意可以退吗有没有处理办法,当退货物流信息填错时，及时修改正确单号并同步给商家以继续售后流程,1.0
验证码登录失败怎么办,SOP：当用户收不到短信验证码时，先检查手机号绑定状态，再切换邮箱验证或联系客服处理,1.0
麻烦问一下账号登不上去提示密码错误怎么办,标准流程：当账号因输错密码次数过多被锁定时，等待解锁时间结束或通过身份验证解锁后重新登录，必要时联系人工客服协助。,1.0
麻烦问一下优惠券过期了还能恢复吗如何处理,处理规则：当支付时优惠券失效，可能因活动结束或库存变更导致，需重新刷新结算页确认可用优惠，必要时联系人工客服协助。,1.0
怎么申请退款,当退款迟迟未到账时，先核对退款状态和原支付渠道到账周期，超时后联系客服处理,1.0
请问退款后发票怎么处理,当电子发票未收到时，先检查邮箱垃圾箱，再到订单详情页重新下载电子发票,1.0
请教一下怎么查物流如何处理,当物流长时间未更新时，先核对承运商节点信息，再联系物流公司或商家发起物流异常核查,1.0
帮我看看支付时报错了怎么办,标准流程：当出现重复扣款时，核对支付流水后发起原路退款，仅保留一笔有效订单,1.0
帮我看看连续输错密码后无法登录怎么办,SOP：当用户忘记密码时，点击忘记密码按钮并完成身份校验后重置密码，恢复账号访问,1.0
请问企业发票怎么开要怎么解决,处理规则：当电子发票未收到时，先检查邮箱垃圾箱，再到订单详情页重新下载电子发票。,1.0
请问登录时一直提示密码不对怎么办,当用户收不到短信验证码时，先检查手机号绑定状态，再切换邮箱验证或联系客服处理。,1.0
请教一下电子发票在哪里下载该怎么办,SOP：当退款发生后，如已开具发票需按规则申请红字发票或作废处理，并在系统中记录处理结果。,1.0
我想知道为什么提示不满足优惠条件有没有处理办法,SOP：店铺券和平台券能否叠加需以活动规则为准，不支持叠加时仅可选择其中一种使用,1.0
我想知道怎么查物流如何处理,处理规则：当物流长时间未更新时，先核对承运商节点信息，再联系物流公司或商家发起物流异常核查。,1.0
账号登不上去提示密码错误怎么办,当账号因输错密码次数过多被锁定时，等待解锁时间结束或通过身份验证解锁后重新登录,1.0
麻烦问一下商品坏了怎么走售后,若商品已使用或影响二次销售，平台可能不支持无理由退货。,0.5
请问订单完成后怎么补开发票,SOP：若开票金额与订单不一致，需先核对优惠、退款和实付金额后再处理，完成后更新工单状态。,0.5
请问发票金额和订单不一致怎么办,SOP：发票审核失败通常与抬头、税号或邮箱格式错误有关，修改后可重新提交,0.5
为什么提示不满足优惠条件,部分优惠券仅限特定类目、商家或支付方式使用，需查看券面说明。,0.5
怎么申请退款,标准流程：商家审核通过后需在规定时间内寄回商品，否则退款申请可能关闭。,0.5
咨询一下支付页面卡住了怎么处理,标准流程：当支付页面长时间无响应时，建议刷新页面或重新进入订单详情页查看最新支付状态,0.5
帮我看看验证码登录失败怎么办,建议处理：若邮箱未激活导致验证失败，需先完成邮箱激活后再尝试登录。,0.5
帮我看看账号登不上去提示密码错误怎么办,建议处理：如绑定手机号已失效，可走账户资料核验流程重新绑定新手机号，必要时联系人工客服协助。,0.5
请教一下为什么提示不满足优惠条件要怎么解决,建议处理：部分优惠券仅限特定类目、商家或支付方式使用，需查看券面说明。,0.5
我想知道新人券不能使用怎么处理,建议处理：若优惠券被系统回收，可能与订单取消、退款或违规活动有关，完成后更新工单状态。,0.5
用户忘记密码登录不了怎么办,标准流程：当账号存在安全风险时，需先完成安全验证，验证通过后才能继续登录，并在系统中记录处理结果。,0.5
我想知道优惠券被回收了怎么办,部分优惠券仅限特定类目、商家或支付方式使用，需查看券面说明,0.5
订单重复扣款怎么退款应该怎么弄,SOP：如支付成功但未收到通知，可在消息中心或订单列表中手动刷新状态。,0.5
麻烦问一下优惠券被回收了怎么办,建议处理：若购物车内含不参与活动商品，可能导致整单无法使用指定优惠券，完成后更新工单状态。,0.5
支付时报错了怎么办,SOP：若支付密码连续输错，可先重置支付密码后再尝试完成付款，并在系统中记录处理结果。,0.5
请问微信支付后状态一直未更新怎么办,标准流程：当支付失败后订单仍保留时，需在有效期内重新支付，否则订单将自动取消，必要时联系人工客服协助。,0.5
我想知道微信支付后状态一直未更新怎么办,若订单已取消，需重新下单后再进行支付,0.5
用户忘记密码登录不了怎么办,当账号存在安全风险时，需先完成安全验证，验证通过后才能继续登录,0.5
麻烦问一下领了优惠券结算时不生效有没有处理办法,SOP：订单退款后已使用的优惠券是否返还需按活动规则判断，并在系统中记录处理结果。,0.5
我想知道订单想退款怎么操作,SOP：若商品已使用或影响二次销售，平台可能不支持无理由退货，完成后更新工单状态。,0.5
订单想退款怎么操作,若商品已使用或影响二次销售，平台可能不支持无理由退货,0.5
我想知道支付时优惠券失效了怎么办,活动价格和优惠券是否可叠加需按具体促销规则判断。,0.5
我想知道订单想退款怎么操作,平台介入后会根据聊天记录、物流记录和凭证材料综合判定,0.5
怎么申请退款,处理规则：商家审核通过后需在规定时间内寄回商品，否则退款申请可能关闭，必要时联系人工客服协助。,0.5
咨询一下微信支付后状态一直未更新怎么办,建议处理：若支付密码连续输错，可先重置支付密码后再尝试完成付款。,0.5
请问下单付款时提示风控拦截怎么办,SOP：当支付失败后订单仍保留时，需在有效期内重新支付，否则订单将自动取消，必要时联系人工客服协助。,0.5
麻烦问一下优惠券过期了还能恢复吗,建议处理：部分优惠券仅限特定类目、商家或支付方式使用，需查看券面说明,0.5
支付宝支付失败怎么办,SOP：若订单已取消，需重新下单后再进行支付，完成后更新工单状态。,0.5
请教一下密码不记得了怎么登录怎么处理,SOP：当用户登录失败时，检查网络状态、客户端版本和缓存，再重新尝试登录，完成后更新工单状态。,0.5
怎么查物流,若用户急需商品，可优先与商家协商更换配送方式,0.5
请教一下订单完成后怎么补开发票有没有处理办法,若开票金额与订单不一致，需先核对优惠、退款和实付金额后再处理,0.5
帮我看看优惠券被回收了怎么办,SOP：部分优惠券仅限特定类目、商家或支付方式使用，需查看券面说明,0.5
麻烦问一下发票邮箱填错了怎么改该怎么办,建议处理：发票审核失败通常与抬头、税号或邮箱格式错误有关，修改后可重新提交,0.5
想问下验证码登录失败怎么办,建议处理：若邮箱未激活导致验证失败，需先完成邮箱激活后再尝试登录。,0.5
咨询一下物流一直不更新怎么办,物流停滞受天气、节假日或中转异常影响时，可等待一到两天后再观察节点更新,0.5
请教一下手机号换了收不到验证码怎么办,处理规则：当账号被冻结时，提交身份验证材料申请解冻后再登录,0.5
商家拒绝退款怎么办,标准流程：若商品已使用或影响二次销售，平台可能不支持无理由退货。,0.5
帮我看看发票邮箱填错了怎么改怎么处理,处理规则：部分订单需在交易完成后才能进入开票流程，未完成订单暂不支持申请发票，完成后更新工单状态。,0.5
想问下领了优惠券结算时不生效怎么处理,优惠券到账可能存在延迟，可稍后刷新页面再次查看，并在系统中记录处理结果。,0.5
想问下密码不记得了怎么登录,建议处理：若邮箱未激活导致验证失败，需先完成邮箱激活后再尝试登录，必要时联系人工客服协助。,0.5
我想知道下单付款时提示风控拦截怎么办,如支付成功但未收到通知，可在消息中心或订单列表中手动刷新状态，必要时联系人工客服协助。,0.5
咨询一下什么时候发货,若用户急需商品，可优先与商家协商更换配送方式,0.5
麻烦问一下验证码登录失败怎么办,处理规则：如绑定手机号已失效，可走账户资料核验流程重新绑定新手机号，必要时联系人工客服协助。,0.5
帮我看看支付宝支付失败怎么办,SOP：若订单已取消，需重新下单后再进行支付，完成后更新工单状态。,0.5
帮我看看支付宝支付失败怎么办,若订单已取消，需重新下单后再进行支付,0.5
麻烦问一下优惠券为什么用不了,处理规则：若购物车内含不参与活动商品，可能导致整单无法使用指定优惠券，并在系统中记录处理结果。,0.5
微信支付后状态一直未更新怎么办,当支付失败后订单仍保留时，需在有效期内重新支付，否则订单将自动取消,0.5
我想知道怎么查物流,若用户急需商品，可优先与商家协商更换配送方式，完成后更新工单状态。,0.5
为什么提示不满足优惠条件,部分优惠券仅限特定类目、商家或支付方式使用，需查看券面说明,0.5
麻烦问一下商家拒绝退款怎么办,SOP：签收后七天内可申请无理由退货，超出时限需按商品规则处理。,0.5
请教一下商品坏了怎么走售后有没有处理办法,处理规则：签收后七天内可申请无理由退货，超出时限需按商品规则处理。,0.5
密码不记得了怎么登录,当账号被冻结时，提交身份验证材料申请解冻后再登录,0.5
发票邮箱填错了怎么改,处理规则：部分订单需在交易完成后才能进入开票流程，未完成订单暂不支持申请发票。,0.5
验证码登录失败怎么办,如绑定手机号已失效，可走账户资料核验流程重新绑定新手机号。,0.5
帮我看看什么时候发货怎么处理,处理规则：若用户急需商品，可优先与商家协商更换配送方式，完成后更新工单状态。,0.5
请教一下新人券不能使用怎么处理,标准流程：订单退款后已使用的优惠券是否返还需按活动规则判断，并在系统中记录处理结果。,0.5
订单想退款怎么操作,SOP：若商品已使用或影响二次销售，平台可能不支持无理由退货，完成后更新工单状态。,0.5
咨询一下怎么查物流怎么处理,处理规则：物流停滞受天气、节假日或中转异常影响时，可等待一到两天后再观察节点更新。,0.5
麻烦问一下退款审核要多久要怎么解决,签收后七天内可申请无理由退货，超出时限需按商品规则处理。,0.5
想问下手机号换了收不到验证码怎么办,若邮箱未激活导致验证失败，需先完成邮箱激活后再尝试登录,0.5
咨询一下支付宝支付失败怎么办,若支付渠道维护中，可引导用户稍后重试或切换到其他支付方式,0.5
麻烦问一下支付时报错了怎么办,处理规则：若支付密码连续输错，可先重置支付密码后再尝试完成付款，必要时联系人工客服协助。,0.5
密码不记得了怎么登录该怎么办,当用户登录失败时，检查网络状态、客户端版本和缓存，再重新尝试登录,0.5
帮我看看订单重复扣款怎么退款要怎么解决,标准流程：若订单已取消，需重新下单后再进行支付，必要时联系人工客服协助。,0.5
微信支付后状态一直未更新怎么办,SOP：若订单已取消，需重新下单后再进行支付，必要时联系人工客服协助。,0.5
优惠券被回收了怎么办,处理规则：若购物车内含不参与活动商品，可能导致整单无法使用指定优惠券,0.5
麻烦问一下支付宝支付失败怎么办,标准流程：若支付渠道维护中，可引导用户稍后重试或切换到其他支付方式,0.5
请教一下下单付款时提示风控拦截怎么办,当支付失败后订单仍保留时，需在有效期内重新支付，否则订单将自动取消,0.5
商家拒绝退款怎么办,签收后七天内可申请无理由退货，超出时限需按商品规则处理，完成后更新工单状态。,0.5
咨询一下银行卡扣款了但订单没生成怎么办,SOP：当支付失败后订单仍保留时，需在有效期内重新支付，否则订单将自动取消，完成后更新工单状态。,0.5
订单完成后怎么补开发票,建议处理：若开票金额与订单不一致，需先核对优惠、退款和实付金额后再处理，完成后更新工单状态。,0.5
帮我看看什么时候发货怎么处理,若用户急需商品，可优先与商家协商更换配送方式，完成后更新工单状态。,0.5
想问下订单重复扣款怎么退款,当支付页面长时间无响应时，建议刷新页面或重新进入订单详情页查看最新支付状态,0.5
支付时优惠券失效了怎么办,活动价格和优惠券是否可叠加需按具体促销规则判断。,0.5
咨询一下银行卡扣款了但订单没生成怎么办,处理规则：如支付成功但未收到通知，可在消息中心或订单列表中手动刷新状态，并在系统中记录处理结果。,0.5
请教一下商家拒绝退款怎么办,签收后七天内可申请无理由退货，超出时限需按商品规则处理，完成后更新工单状态。,0.5
用户忘记密码登录不了怎么办,若邮箱未激活导致验证失败，需先完成邮箱激活后再尝试登录,0.5
帮我看看验证码登录失败怎么办,标准流程：若邮箱未激活导致验证失败，需先完成邮箱激活后再尝试登录，必要时联系人工客服协助。,0.5
麻烦问一下订单重复扣款怎么退款有没有处理办法,若订单已取消，需重新下单后再进行支付,0.5
请问新人券不能使用怎么处理,建议处理：若购物车内含不参与活动商品，可能导致整单无法使用指定优惠券，完成后更新工单状态。,0.5
请问微信支付后状态一直未更新怎么办,当支付失败后订单仍保留时，需在有效期内重新支付，否则订单将自动取消,0.5
想问下新人券不能使用怎么处理,若购物车内含不参与活动商品，可能导致整单无法使用指定优惠券,0.5
我想知道新人券不能使用怎么处理,处理规则：若优惠券被系统回收，可能与订单取消、退款或违规活动有关,0.5
我想知道优惠券为什么用不了如何处理,处理规则：若购物车内含不参与活动商品，可能导致整单无法使用指定优惠券，并在系统中记录处理结果。,0.5
活动价和优惠券能叠加吗如何处理,建议处理：订单退款后已使用的优惠券是否返还需按活动规则判断，必要时联系人工客服协助。,0.5
我想知道用户忘记密码登录不了怎么办,SOP：若邮箱未激活导致验证失败，需先完成邮箱激活后再尝试登录。,0.5
银行卡扣款了但订单没生成怎么办,标准流程：当支付失败后订单仍保留时，需在有效期内重新支付，否则订单将自动取消，必要时联系人工客服协助。,0.5
咨询一下用户忘记密码登录不了怎么办,SOP：当账号存在安全风险时，需先完成安全验证，验证通过后才能继续登录，完成后更新工单状态。,0.5
咨询一下密码不记得了怎么登录如何处理,SOP：若邮箱未激活导致验证失败，需先完成邮箱激活后再尝试登录,0.5
咨询一下活动价和优惠券能叠加吗要怎么解决,建议处理：活动价格和优惠券是否可叠加需按具体促销规则判断，并在系统中记录处理结果。,0.5
请问怎么查物流如何处理,处理规则：物流停滞受天气、节假日或中转异常影响时，可等待一到两天后再观察节点更新。,0.5
麻烦问一下支付宝支付失败怎么办,若订单已取消，需重新下单后再进行支付,0.5
我想知道怎么申请发票如何处理,SOP：如发票下载链接失效，可在发票记录页重新生成下载链接，完成后更新工单状态。,0.5
优惠券过期了还能恢复吗,标准流程：部分优惠券仅限特定类目、商家或支付方式使用，需查看券面说明，完成后更新工单状态。,0.5
我想知道密码不记得了怎么登录有没有处理办法,建议处理：若邮箱未激活导致验证失败，需先完成邮箱激活后再尝试登录，必要时联系人工客服协助。,0.5
退款审核要多久要怎么解决,处理规则：签收后七天内可申请无理由退货，超出时限需按商品规则处理。,0.5
请教一下物流一直不更新怎么办,建议处理：物流停滞受天气、节假日或中转异常影响时，可等待一到两天后再观察节点更新,0.5
请教一下活动价和优惠券能叠加吗应该怎么弄,订单退款后已使用的优惠券是否返还需按活动规则判断,0.5
咨询一下微信支付后状态一直未更新怎么办,SOP：若订单已取消，需重新下单后再进行支付，并在系统中记录处理结果。,0.5
麻烦问一下领了优惠券结算时不生效有没有处理办法,优惠券到账可能存在延迟，可稍后刷新页面再次查看，并在系统中记录处理结果。,0.5
请教一下新人券不能使用怎么处理,订单退款后已使用的优惠券是否返还需按活动规则判断,0.5
帮我看看售后申请被拒绝怎么办,建议处理：平台介入后会根据聊天记录、物流记录和凭证材料综合判定，并在系统中记录处理结果。,0.5
咨询一下银行卡扣款了但订单没生成怎么办,标准流程：当支付失败后订单仍保留时，需在有效期内重新支付，否则订单将自动取消，必要时联系人工客服协助。,0.5
帮我看看怎么查物流该怎么办,若用户急需商品，可优先与商家协商更换配送方式，完成后更新工单状态。,0.5
咨询一下怎么申请退款如何处理,处理规则：商家审核通过后需在规定时间内寄回商品，否则退款申请可能关闭，必要时联系人工客服协助。,0.5
商品坏了怎么走售后,处理规则：签收后七天内可申请无理由退货，超出时限需按商品规则处理。,0.5
支付页面卡住了怎么处理,当支付页面长时间无响应时，建议刷新页面或重新进入订单详情页查看最新支付状态，必要时联系人工客服协助。,0.5
验证码登录失败怎么办,处理规则：如绑定手机号已失效，可走账户资料核验流程重新绑定新手机号，必要时联系人工客服协助。,0.5
麻烦问一下为什么提示不满足优惠条件,SOP：部分优惠券仅限特定类目、商家或支付方式使用，需查看券面说明，并在系统中记录处理结果。,0.5
请问发票金额和订单不一致怎么办,发票审核失败通常与抬头、税号或邮箱格式错误有关，修改后可重新提交,0.5
账号登不上去提示密码错误怎么办,处理规则：如绑定手机号已失效，可走账户资料核验流程重新绑定新手机号。,0.5
麻烦问一下退款审核要多久要怎么解决,建议处理：签收后七天内可申请无理由退货，超出时限需按商品规则处理，完成后更新工单状态。,0.5
咨询一下用户忘记密码登录不了怎么办,当账号存在安全风险时，需先完成安全验证，验证通过后才能继续登录，完成后更新工单状态。,0.5
麻烦问一下新人券不能使用怎么处理,若购物车内含不参与活动商品，可能导致整单无法使用指定优惠券，并在系统中记录处理结果。,0.5
咨询一下怎么查物流怎么处理,处理规则：物流停滞受天气、节假日或中转异常影响时，可等待一到两天后再观察节点更新，必要时联系人工客服协助。,0.5
咨询一下用户无法登录系统怎么处理,标准流程：当账号被冻结时，提交身份验证材料申请解冻后再登录，完成后更新工单状态。,0.5
我想知道订单想退款怎么操作,处理规则：平台介入后会根据聊天记录、物流记录和凭证材料综合判定,0.5
订单重复扣款怎么退款,如支付成功但未收到通知，可在消息中心或订单列表中手动刷新状态,0.5
请问订单完成后怎么补开发票,标准流程：若开票金额与订单不一致，需先核对优惠、退款和实付金额后再处理,0.5
活动价和优惠券能叠加吗如何处理,SOP：订单退款后已使用的优惠券是否返还需按活动规则判断,0.5
请教一下发票金额和订单不一致怎么办,处理规则：发票审核失败通常与抬头、税号或邮箱格式错误有关，修改后可重新提交，必要时联系人工客服协助。,0.5
退款审核要多久要怎么解决,签收后七天内可申请无理由退货，超出时限需按商品规则处理,0.5
支付时报错了怎么办,建议处理：当支付页面长时间无响应时，建议刷新页面或重新进入订单详情页查看最新支付状态，必要时联系人工客服协助。,0.5
帮我看看优惠券被回收了怎么办,处理规则：若购物车内含不参与活动商品，可能导致整单无法使用指定优惠券,0.5
订单重复扣款怎么退款怎么处理,当支付页面长时间无响应时，建议刷新页面或重新进入订单详情页查看最新支付状态，完成后更新工单状态。,0.5
想问下支付时报错了怎么办,当支付页面长时间无响应时，建议刷新页面或重新进入订单详情页查看最新支付状态,0.5
想问下售后申请被拒绝怎么办,建议处理：平台介入后会根据聊天记录、物流记录和凭证材料综合判定，必要时联系人工客服协助。,0.5
商家拒绝退款怎么办,签收后七天内可申请无理由退货，超出时限需按商品规则处理,0.5
请教一下支付时报错了怎么办,SOP：若支付密码连续输错，可先重置支付密码后再尝试完成付款，并在系统中记录处理结果。,0.5
帮我看看订单重复扣款怎么退款要怎么解决,建议处理：若订单已取消，需重新下单后再进行支付，必要时联系人工客服协助。,0.5
请教一下订单完成后怎么补开发票有没有处理办法,建议处理：若开票金额与订单不一致，需先核对优惠、退款和实付金额后再处理，完成后更新工单状态。,0.5
请教一下商家拒绝退款怎么办,SOP：若商品已使用或影响二次销售，平台可能不支持无理由退货，并在系统中记录处理结果。,0.5
麻烦问一下下单付款时提示风控拦截怎么办,当支付失败后订单仍保留时，需在有效期内重新支付，否则订单将自动取消，并在系统中记录处理结果。,0.5
请教一下商家拒绝退款怎么办,建议处理：若商品已使用或影响二次销售，平台可能不支持无理由退货，并在系统中记录处理结果。,0.5
请教一下发票金额和订单不一致怎么办,发票审核失败通常与抬头、税号或邮箱格式错误有关，修改后可重新提交,0.5
我想知道密码不记得了怎么登录有没有处理办法,处理规则：若邮箱未激活导致验证失败，需先完成邮箱激活后再尝试登录。,0.5
咨询一下活动价和优惠券能叠加吗要怎么解决,SOP：活动价格和优惠券是否可叠加需按具体促销规则判断，必要时联系人工客服协助。,0.5
请问优惠券被回收了怎么办,部分优惠券仅限特定类目、商家或支付方式使用，需查看券面说明,0.5
领了优惠券结算时不生效,建议处理：优惠券到账可能存在延迟，可稍后刷新页面再次查看，完成后更新工单状态。,0.5
麻烦问一下领了优惠券结算时不生效有没有处理办法,SOP：优惠券到账可能存在延迟，可稍后刷新页面再次查看，必要时联系人工客服协助。,0.5
支付宝支付失败怎么办,SOP：若订单已取消，需重新下单后再进行支付,0.5
麻烦问一下商品坏了怎么走售后,若商品已使用或影响二次销售，平台可能不支持无理由退货,0.5
咨询一下支付时优惠券失效了怎么办,活动价格和优惠券是否可叠加需按具体促销规则判断,0.5
我想知道微信支付后状态一直未更新怎么办,标准流程：当支付失败后订单仍保留时，需在有效期内重新支付，否则订单将自动取消。,0.5
想问下用户无法登录系统怎么处理,标准流程：当账号被冻结时，提交身份验证材料申请解冻后再登录，完成后更新工单状态。,0.5
咨询一下物流一直不更新怎么办,建议处理：物流停滞受天气、节假日或中转异常影响时，可等待一到两天后再观察节点更新，完成后更新工单状态。,0.5
麻烦问一下订单重复扣款怎么退款该怎么办,若订单已取消，需重新下单后再进行支付,0.5
支付页面卡住了怎么处理,标准流程：当支付页面长时间无响应时，建议刷新页面或重新进入订单详情页查看最新支付状态,0.5
请问验证码登录失败怎么办,如绑定手机号已失效，可走账户资料核验流程重新绑定新手机号,0.5
想问下优惠券为什么用不了如何处理,SOP：若购物车内含不参与活动商品，可能导致整单无法使用指定优惠券，并在系统中记录处理结果。,0.5
麻烦问一下快递停滞几天了怎么办,SOP：若用户急需商品，可优先与商家协商更换配送方式,0.5
请问发票邮箱填错了怎么改应该怎么弄,处理规则：部分订单需在交易完成后才能进入开票流程，未完成订单暂不支持申请发票。,0.5
活动价和优惠券能叠加吗,活动价格和优惠券是否可叠加需按具体促销规则判断,0.5
请教一下商品坏了怎么走售后有没有处理办法,SOP：签收后七天内可申请无理由退货，超出时限需按商品规则处理，必要时联系人工客服协助。,0.5
帮我看看手机号换了收不到验证码怎么办,当账号被冻结时，提交身份验证材料申请解冻后再登录,0.5
想问下商家拒绝退款怎么办,若商品已使用或影响二次销售，平台可能不支持无理由退货,0.5
发票邮箱填错了怎么改,建议处理：发票审核失败通常与抬头、税号或邮箱格式错误有关，修改后可重新提交，必要时联系人工客服协助。,0.5
请问手机号换了收不到验证码怎么办,若邮箱未激活导致验证失败，需先完成邮箱激活后再尝试登录。,0.5
微信支付后状态一直未更新怎么办,建议处理：若支付密码连续输错，可先重置支付密码后再尝试完成付款。,0.5
请教一下什么时候发货如何处理,若用户急需商品，可优先与商家协商更换配送方式,0.5
咨询一下什么时候发货,若用户急需商品，可优先与商家协商更换配送方式，完成后更新工单状态。,0.5
发票金额和订单不一致怎么办,SOP：发票审核失败通常与抬头、税号或邮箱格式错误有关，修改后可重新提交,0.5
咨询一下优惠券过期了还能恢复吗怎么处理,处理规则：部分优惠券仅限特定类目、商家或支付方式使用，需查看券面说明，必要时联系人工客服协助。,0.5
咨询一下售后申请被拒绝怎么办,建议处理：平台介入后会根据聊天记录、物流记录和凭证材料综合判定，并在系统中记录处理结果。,0.5
支付时报错了怎么办,若支付密码连续输错，可先重置支付密码后再尝试完成付款,0.5
订单重复扣款怎么退款应该怎么弄,如支付成功但未收到通知，可在消息中心或订单列表中手动刷新状态,0.5
想问下用户无法登录系统怎么处理,当账号被冻结时，提交身份验证材料申请解冻后再登录,0.5
想问下新人券不能使用怎么处理,若购物车内含不参与活动商品，可能导致整单无法使用指定优惠券，并在系统中记录处理结果。,0.5
咨询一下用户无法登录系统怎么处理,当账号被冻结时，提交身份验证材料申请解冻后再登录,0.5
麻烦问一下订单重复扣款怎么退款有没有处理办法,标准流程：若订单已取消，需重新下单后再进行支付，必要时联系人工客服协助。,0.5
请问下单付款时提示风控拦截怎么办,如支付成功但未收到通知，可在消息中心或订单列表中手动刷新状态，必要时联系人工客服协助。,0.5
微信支付后状态一直未更新怎么办,标准流程：当支付失败后订单仍保留时，需在有效期内重新支付，否则订单将自动取消，必要时联系人工客服协助。,0.5
帮我看看怎么查物流该怎么办,若用户急需商品，可优先与商家协商更换配送方式,0.5
新人券不能使用怎么处理,标准流程：订单退款后已使用的优惠券是否返还需按活动规则判断，并在系统中记录处理结果。,0.5
麻烦问一下新人券不能使用怎么处理,处理规则：若优惠券被系统回收，可能与订单取消、退款或违规活动有关,0.5
我想知道下单付款时提示风控拦截怎么办,处理规则：如支付成功但未收到通知，可在消息中心或订单列表中手动刷新状态。,0.5
发票邮箱填错了怎么改,标准流程：发票审核失败通常与抬头、税号或邮箱格式错误有关，修改后可重新提交。,0.5
请问支付页面卡住了怎么处理,标准流程：当支付页面长时间无响应时，建议刷新页面或重新进入订单详情页查看最新支付状态，并在系统中记录处理结果。,0.5
麻烦问一下验证码登录失败怎么办,标准流程：如绑定手机号已失效，可走账户资料核验流程重新绑定新手机号,0.5
麻烦问一下优惠券为什么用不了,SOP：若购物车内含不参与活动商品，可能导致整单无法使用指定优惠券，并在系统中记录处理结果。,0.5
请教一下什么时候发货如何处理,标准流程：若用户急需商品，可优先与商家协商更换配送方式，并在系统中记录处理结果。,0.5
想问下商品坏了怎么走售后要怎么解决,SOP：签收后七天内可申请无理由退货，超出时限需按商品规则处理，完成后更新工单状态。,0.5
帮我看看活动价和优惠券能叠加吗该怎么办,建议处理：订单退款后已使用的优惠券是否返还需按活动规则判断，并在系统中记录处理结果。,0.5
咨询一下微信支付后状态一直未更新怎么办,SOP：若支付密码连续输错，可先重置支付密码后再尝试完成付款，完成后更新工单状态。,0.5
新人券不能使用怎么处理,处理规则：若优惠券被系统回收，可能与订单取消、退款或违规活动有关,0.5
想问下支付时报错了怎么办,建议处理：当支付页面长时间无响应时，建议刷新页面或重新进入订单详情页查看最新支付状态。,0.5
麻烦问一下领了优惠券结算时不生效应该怎么弄,订单退款后已使用的优惠券是否返还需按活动规则判断,0.5
我想知道怎么查物流该怎么办,物流停滞受天气、节假日或中转异常影响时，可等待一到两天后再观察节点更新,0.5
咨询一下怎么申请退款如何处理,SOP：商家审核通过后需在规定时间内寄回商品，否则退款申请可能关闭，必要时联系人工客服协助。,0.5
我想知道银行卡扣款了但订单没生成怎么办,如支付成功但未收到通知，可在消息中心或订单列表中手动刷新状态,0.5
咨询一下账号登不上去提示密码错误怎么办,处理规则：如绑定手机号已失效，可走账户资料核验流程重新绑定新手机号。,0.5
咨询一下支付页面卡住了怎么处理,当支付页面长时间无响应时，建议刷新页面或重新进入订单详情页查看最新支付状态，必要时联系人工客服协助。,0.5
咨询一下优惠券过期了还能恢复吗怎么处理,标准流程：部分优惠券仅限特定类目、商家或支付方式使用，需查看券面说明，完成后更新工单状态。,0.5
麻烦问一下支付宝支付失败怎么办,SOP：若订单已取消，需重新下单后再进行支付，完成后更新工单状态。,0.5
我想知道优惠券为什么用不了如何处理,若购物车内含不参与活动商品，可能导致整单无法使用指定优惠券，完成后更新工单状态。,0.5
麻烦问一下商家拒绝退款怎么办,签收后七天内可申请无理由退货，超出时限需按商品规则处理,0.5
帮我看看密码不记得了怎么登录有没有处理办法,标准流程：当用户登录失败时，检查网络状态、客户端版本和缓存，再重新尝试登录，必要时联系人工客服协助。,0.5
帮我看看密码不记得了怎么登录要怎么解决,SOP：当账号被冻结时，提交身份验证材料申请解冻后再登录,0.5
想问下领了优惠券结算时不生效要怎么解决,订单退款后已使用的优惠券是否返还需按活动规则判断,0.5
咨询一下支付时优惠券失效了怎么办,处理规则：活动价格和优惠券是否可叠加需按具体促销规则判断，并在系统中记录处理结果。,0.5
银行卡扣款了但订单没生成怎么办,当支付失败后订单仍保留时，需在有效期内重新支付，否则订单将自动取消,0.5
我想知道怎么查物流该怎么办,处理规则：物流停滞受天气、节假日或中转异常影响时，可等待一到两天后再观察节点更新，必要时联系人工客服协助。,0.5
请教一下为什么提示不满足优惠条件要怎么解决,SOP：部分优惠券仅限特定类目、商家或支付方式使用，需查看券面说明，并在系统中记录处理结果。,0.5
想问下订单重复扣款怎么退款如何处理,当支付页面长时间无响应时，建议刷新页面或重新进入订单详情页查看最新支付状态，完成后更新工单状态。,0.5
请问怎么查物流如何处理,物流停滞受天气、节假日或中转异常影响时，可等待一到两天后再观察节点更新，并在系统中记录处理结果。,0.5
麻烦问一下优惠券过期了还能恢复吗,处理规则：部分优惠券仅限特定类目、商家或支付方式使用，需查看券面说明，必要时联系人工客服协助。,0.5
请问订单想退款怎么操作,SOP：若商品已使用或影响二次销售，平台可能不支持无理由退货,0.5
请问手机号换了收不到验证码怎么办,SOP：若邮箱未激活导致验证失败，需先完成邮箱激活后再尝试登录，必要时联系人工客服协助。,0.5
我想知道密码不记得了怎么登录怎么处理,当账号被冻结时，提交身份验证材料申请解冻后再登录,0.5
咨询一下快递停滞几天了怎么办,SOP：若用户急需商品，可优先与商家协商更换配送方式,0.5
想问下怎么申请发票,SOP：如发票下载链接失效，可在发票记录页重新生成下载链接，完成后更新工单状态。,0.5
我想知道怎么查物流,若用户急需商品，可优先与商家协商更换配送方式,0.5
请问活动价和优惠券能叠加吗该怎么办,建议处理：活动价格和优惠券是否可叠加需按具体促销规则判断，并在系统中记录处理结果。,0.5
帮我看看密码不记得了怎么登录要怎么解决,当账号被冻结时，提交身份验证材料申请解冻后再登录，必要时联系人工客服协助。,0.5
请教一下验证码登录失败怎么办,建议处理：若邮箱未激活导致验证失败，需先完成邮箱激活后再尝试登录，并在系统中记录处理结果。,0.5
想问下怎么申请发票,标准流程：如发票下载链接失效，可在发票记录页重新生成下载链接，完成后更新工单状态。,0.5
我想知道支付时优惠券失效了怎么办,处理规则：活动价格和优惠券是否可叠加需按具体促销规则判断，并在系统中记录处理结果。,0.5
想问下领了优惠券结算时不生效要怎么解决,订单退款后已使用的优惠券是否返还需按活动规则判断，完成后更新工单状态。,0.5
想问下领了优惠券结算时不生效怎么处理,建议处理：优惠券到账可能存在延迟，可稍后刷新页面再次查看，完成后更新工单状态。,0.5
麻烦问一下领了优惠券结算时不生效应该怎么弄,SOP：订单退款后已使用的优惠券是否返还需按活动规则判断，并在系统中记录处理结果。,0.5
请问物流一直不更新怎么办,物流停滞受天气、节假日或中转异常影响时，可等待一到两天后再观察节点更新,0.5
想问下售后申请被拒绝怎么办,建议处理：平台介入后会根据聊天记录、物流记录和凭证材料综合判定，并在系统中记录处理结果。,0.5
用户无法登录系统怎么处理,当账号被冻结时，提交身份验证材料申请解冻后再登录。,0.5
领了优惠券结算时不生效,标准流程：优惠券到账可能存在延迟，可稍后刷新页面再次查看，必要时联系人工客服协助。,0.5
发票金额和订单不一致怎么办,处理规则：发票审核失败通常与抬头、税号或邮箱格式错误有关，修改后可重新提交，完成后更新工单状态。,0.5
咨询一下发票邮箱填错了怎么改怎么处理,建议处理：发票审核失败通常与抬头、税号或邮箱格式错误有关，修改后可重新提交,0.5
咨询一下订单想退款怎么操作,处理规则：平台介入后会根据聊天记录、物流记录和凭证材料综合判定。,0.5
请教一下物流一直不更新怎么办,物流停滞受天气、节假日或中转异常影响时，可等待一到两天后再观察节点更新,0.5
咨询一下账号登不上去提示密码错误怎么办,SOP：如绑定手机号已失效，可走账户资料核验流程重新绑定新手机号,0.5
我想知道手机号换了收不到验证码怎么办,当账号被冻结时，提交身份验证材料申请解冻后再登录。,0.5
请问订单想退款怎么操作,SOP：若商品已使用或影响二次销售，平台可能不支持无理由退货，完成后更新工单状态。,0.5
请教一下手机号换了收不到验证码怎么办,当账号被冻结时，提交身份验证材料申请解冻后再登录,0.5
优惠券被回收了怎么办,处理规则：若购物车内含不参与活动商品，可能导致整单无法使用指定优惠券。,0.5
帮我看看发票邮箱填错了怎么改怎么处理,标准流程：部分订单需在交易完成后才能进入开票流程，未完成订单暂不支持申请发票。,0.5
麻烦问一下新人券不能使用怎么处理,若购物车内含不参与活动商品，可能导致整单无法使用指定优惠券,0.5
我想知道订单想退款怎么操作,若商品已使用或影响二次销售，平台可能不支持无理由退货,0.5
想问下订单重复扣款怎么退款该怎么办,建议处理：如支付成功但未收到通知，可在消息中心或订单列表中手动刷新状态。,0.5
请问用户忘记密码登录不了怎么办,处理规则：若邮箱未激活导致验证失败，需先完成邮箱激活后再尝试登录，必要时联系人工客服协助。,0.5
请问发票邮箱填错了怎么改应该怎么弄,标准流程：部分订单需在交易完成后才能进入开票流程，未完成订单暂不支持申请发票。,0.5
麻烦问一下发票邮箱填错了怎么改该怎么办,建议处理：发票审核失败通常与抬头、税号或邮箱格式错误有关，修改后可重新提交，必要时联系人工客服协助。,0.5
麻烦问一下订单重复扣款怎么退款该怎么办,建议处理：若订单已取消，需重新下单后再进行支付，必要时联系人工客服协助。,0.5
麻烦问一下商品坏了怎么走售后要怎么解决,若商品已使用或影响二次销售，平台可能不支持无理由退货。,0.5
请教一下怎么申请发票怎么处理,标准流程：如发票下载链接失效，可在发票记录页重新生成下载链接，完成后更新工单状态。,0.5
麻烦问一下新人券不能使用怎么处理,建议处理：若优惠券被系统回收，可能与订单取消、退款或违规活动有关,0.5
想问下支付宝支付失败怎么办,若支付渠道维护中，可引导用户稍后重试或切换到其他支付方式,0.5
我想知道商品坏了怎么走售后如何处理,建议处理：若商品已使用或影响二次销售，平台可能不支持无理由退货,0.5
请问下单付款时提示风控拦截怎么办,标准流程：如支付成功但未收到通知，可在消息中心或订单列表中手动刷新状态，必要时联系人工客服协助。,0.5
我想知道银行卡扣款了但订单没生成怎么办,标准流程：当支付失败后订单仍保留时，需在有效期内重新支付，否则订单将自动取消，必要时联系人工客服协助。,0.5
请问退款审核要多久要怎么解决,处理规则：签收后七天内可申请无理由退货，超出时限需按商品规则处理。,0.5
商品坏了怎么走售后,签收后七天内可申请无理由退货，超出时限需按商品规则处理,0.5
订单完成后怎么补开发票,SOP：若开票金额与订单不一致，需先核对优惠、退款和实付金额后再处理，完成后更新工单状态。,0.5
请问退款审核要多久要怎么解决,建议处理：签收后七天内可申请无理由退货，超出时限需按商品规则处理，完成后更新工单状态。,0.5
订单想退款怎么操作,平台介入后会根据聊天记录、物流记录和凭证材料综合判定,0.5
用户无法登录系统怎么处理,当账号被冻结时，提交身份验证材料申请解冻后再登录,0.5
我想知道怎么申请退款该怎么办,商家审核通过后需在规定时间内寄回商品，否则退款申请可能关闭,0.5
想问下订单重复扣款怎么退款如何处理,标准流程：当支付页面长时间无响应时，建议刷新页面或重新进入订单详情页查看最新支付状态,0.5
下单付款时提示风控拦截怎么办,标准流程：如支付成功但未收到通知，可在消息中心或订单列表中手动刷新状态,0.5
帮我看看支付时报错了怎么办,建议处理：当支付页面长时间无响应时，建议刷新页面或重新进入订单详情页查看最新支付状态，必要时联系人工客服协助。,0.5
微信支付后状态一直未更新怎么办,建议处理：若订单已取消，需重新下单后再进行支付，完成后更新工单状态。,0.5
帮我看看活动价和优惠券能叠加吗要怎么解决,SOP：若购物车内含不参与活动商品，可能导致整单无法使用指定优惠券，必要时联系人工客服协助。,0.5
咨询一下支付宝支付失败怎么办,处理规则：若支付渠道维护中，可引导用户稍后重试或切换到其他支付方式，并在系统中记录处理结果。,0.5
快递停滞几天了怎么办,处理规则：若用户急需商品，可优先与商家协商更换配送方式。,0.5
想问下订单重复扣款怎么退款该怎么办,如支付成功但未收到通知，可在消息中心或订单列表中手动刷新状态,0.5
麻烦问一下下单付款时提示风控拦截怎么办,标准流程：当支付失败后订单仍保留时，需在有效期内重新支付，否则订单将自动取消，并在系统中记录处理结果。,0.5
我想知道微信支付后状态一直未更新怎么办,标准流程：当支付失败后订单仍保留时，需在有效期内重新支付，否则订单将自动取消，必要时联系人工客服协助。,0.5
请教一下支付时报错了怎么办,若支付密码连续输错，可先重置支付密码后再尝试完成付款,0.5
请问优惠券被回收了怎么办,建议处理：部分优惠券仅限特定类目、商家或支付方式使用，需查看券面说明，完成后更新工单状态。,0.5
请教一下下单付款时提示风控拦截怎么办,标准流程：当支付失败后订单仍保留时，需在有效期内重新支付，否则订单将自动取消，并在系统中记录处理结果。,0.5
帮我看看微信支付后状态一直未更新怎么办,建议处理：若支付密码连续输错，可先重置支付密码后再尝试完成付款。,0.5
请教一下商家拒绝退款怎么办,SOP：签收后七天内可申请无理由退货，超出时限需按商品规则处理。,0.5
请问活动价和优惠券能叠加吗该怎么办,SOP：活动价格和优惠券是否可叠加需按具体促销规则判断，必要时联系人工客服协助。,0.5
订单想退款怎么操作,平台介入后会根据聊天记录、物流记录和凭证材料综合判定，完成后更新工单状态。,0.5
帮我看看微信支付后状态一直未更新怎么办,SOP：若支付密码连续输错，可先重置支付密码后再尝试完成付款，完成后更新工单状态。,0.5
帮我看看支付时报错了怎么办,当支付页面长时间无响应时，建议刷新页面或重新进入订单详情页查看最新支付状态,0.5
请问验证码登录失败怎么办,建议处理：如绑定手机号已失效，可走账户资料核验流程重新绑定新手机号，必要时联系人工客服协助。,0.5
咨询一下密码不记得了怎么登录如何处理,处理规则：若邮箱未激活导致验证失败，需先完成邮箱激活后再尝试登录。,0.5
我想知道手机号换了收不到验证码怎么办,处理规则：当账号被冻结时，提交身份验证材料申请解冻后再登录,0.5
麻烦问一下支付时报错了怎么办,SOP：若支付密码连续输错，可先重置支付密码后再尝试完成付款，并在系统中记录处理结果。,0.5
帮我看看密码不记得了怎么登录有没有处理办法,SOP：当用户登录失败时，检查网络状态、客户端版本和缓存，再重新尝试登录，完成后更新工单状态。,0.5
咨询一下银行卡扣款了但订单没生成怎么办,如支付成功但未收到通知，可在消息中心或订单列表中手动刷新状态,0.5
怎么查物流,处理规则：若用户急需商品，可优先与商家协商更换配送方式，完成后更新工单状态。,0.5
麻烦问一下快递停滞几天了怎么办,若用户急需商品，可优先与商家协商更换配送方式,0.5
账号登不上去提示密码错误怎么办,如绑定手机号已失效，可走账户资料核验流程重新绑定新手机号,0.5
麻烦问一下支付宝支付失败怎么办,若支付渠道维护中，可引导用户稍后重试或切换到其他支付方式,0.5
想问下支付宝支付失败怎么办,处理规则：若支付渠道维护中，可引导用户稍后重试或切换到其他支付方式。,0.5
银行卡扣款了但订单没生成怎么办,建议处理：如支付成功但未收到通知，可在消息中心或订单列表中手动刷新状态，必要时联系人工客服协助。,0.5
我想知道密码不记得了怎么登录怎么处理,当账号被冻结时，提交身份验证材料申请解冻后再登录，必要时联系人工客服协助。,0.5
请问下单付款时提示风控拦截怎么办,标准流程：当支付失败后订单仍保留时，需在有效期内重新支付，否则订单将自动取消，并在系统中记录处理结果。,0.5
想问下商家拒绝退款怎么办,标准流程：若商品已使用或影响二次销售，平台可能不支持无理由退货。,0.5
密码不记得了怎么登录该怎么办,标准流程：当用户登录失败时，检查网络状态、客户端版本和缓存，再重新尝试登录，必要时联系人工客服协助。,0.5
想问下密码不记得了怎么登录,标准流程：若邮箱未激活导致验证失败，需先完成邮箱激活后再尝试登录，完成后更新工单状态。,0.5
咨询一下售后申请被拒绝怎么办,平台介入后会根据聊天记录、物流记录和凭证材料综合判定,0.5
我想知道新人券不能使用怎么处理,处理规则：订单退款后已使用的优惠券是否返还需按活动规则判断。,0.5
我想知道银行卡扣款了但订单没生成怎么办,建议处理：如支付成功但未收到通知，可在消息中心或订单列表中手动刷新状态，必要时联系人工客服协助。,0.5
我想知道银行卡扣款了但订单没生成怎么办,处理规则：当支付失败后订单仍保留时，需在有效期内重新支付，否则订单将自动取消，并在系统中记录处理结果。,0.5
请问支付页面卡住了怎么处理,当支付页面长时间无响应时，建议刷新页面或重新进入订单详情页查看最新支付状态，必要时联系人工客服协助。,0.5
帮我看看活动价和优惠券能叠加吗要怎么解决,标准流程：若购物车内含不参与活动商品，可能导致整单无法使用指定优惠券。,0.5
微信支付后状态一直未更新怎么办,SOP：若支付密码连续输错，可先重置支付密码后再尝试完成付款，完成后更新工单状态。,0.5
咨询一下订单想退款怎么操作,平台介入后会根据聊天记录、物流记录和凭证材料综合判定,0.5
发票邮箱填错了怎么改,SOP：部分订单需在交易完成后才能进入开票流程，未完成订单暂不支持申请发票,0.5
请教一下怎么申请发票怎么处理,建议处理：如发票下载链接失效，可在发票记录页重新生成下载链接,0.5
请教一下订单完成后怎么补开发票怎么处理,会员权益可在个人中心查看有效期和使用说明,0.1
请问支付成功但页面显示未支付怎么办,建议处理：订单完成后可在发票中心提交开票信息，审核通过后生成电子发票并发送到预留邮箱。,0.1
我想知道订单已发货还能拦截吗怎么处理,若支付密码连续输错，可先重置支付密码后再尝试完成付款，并在系统中记录处理结果。,0.1
想问下用户无法登录系统怎么处理,建议处理：若支付密码连续输错，可先重置支付密码后再尝试完成付款，并在系统中记录处理结果。,0.1
订单已发货还能拦截吗,商家审核通过后需在规定时间内寄回商品，否则退款申请可能关闭,0.1
我想知道满减券不能用怎么办,建议处理：商家可在后台配置营销活动起止时间，必要时联系人工客服协助。,0.1
请教一下退款后发票怎么处理,建议处理：当登录需要二次验证时，校验绑定手机或邮箱验证码，验证通过后允许登录，完成后更新工单状态。,0.1
请教一下店铺券和平台券怎么一起用该怎么办,平台介入后会根据聊天记录、物流记录和凭证材料综合判定,0.1
我想知道手机号换了收不到验证码怎么办,SOP：首次登录时建议完成手机号绑定，便于后续接收安全验证信息，并在系统中记录处理结果。,0.1
请教一下订单支付失败怎么办,SOP：如需开具发票，可在订单完成后提交发票申请，并在系统中记录处理结果。,0.1
想问下手机号换了收不到验证码怎么办,SOP：当支付失败时，先确认支付渠道余额和限额，再更换支付方式重新付款，完成后更新工单状态。,0.1
发货太慢怎么催有没有处理办法,处理规则：优惠券需在有效期内并满足使用门槛时才可抵扣，必要时联系人工客服协助。,0.1
商品有问题怎么退货应该怎么弄,标准流程：会员用户可享受部分商品的运费减免权益，完成后更新工单状态。,0.1
帮我看看怎么申请发票该怎么办,建议处理：若用户急需商品，可优先与商家协商更换配送方式,0.1
咨询一下快递停滞几天了怎么办,优惠券需在有效期内并满足使用门槛时才可抵扣，并在系统中记录处理结果。,0.1
请教一下退款后发票怎么处理,建议处理：修改登录密码后建议重新登录所有设备。,0.1
帮我看看支付时报错了怎么办,下单前可先确认收货地址和联系人信息是否填写完整,0.1
麻烦问一下为什么提示不满足优惠条件有没有处理办法,建议处理：支付成功后订单状态将在短时间内更新为待发货，并在系统中记录处理结果。,0.1
麻烦问一下收到货不满意可以退吗该怎么办,当支付失败后订单仍保留时，需在有效期内重新支付，否则订单将自动取消。,0.1
请教一下企业发票怎么开怎么处理,建议处理：当用户收不到短信验证码时，先检查手机号绑定状态，再切换邮箱验证或联系客服处理，必要时联系人工客服协助。,0.1
订单完成后怎么补开发票有没有处理办法,标准流程：如需退款，请在订单详情页提交售后申请。,0.1
怎么申请发票,建议处理：若用户急需商品，可优先与商家协商更换配送方式,0.1
咨询一下商家拒绝退款怎么办,处理规则：商品加入购物车后可等待后续活动降价,0.1
连续输错密码后无法登录怎么办,标准流程：当用户需要修改头像时，可在个人资料页上传新的头像图片，并在系统中记录处理结果。,0.1
帮我看看订单想退款怎么操作,处理规则：当扣款成功但订单未更新为已支付时，查询支付回调记录并触发补单流程修正订单状态。,0.1
我想知道地址填错了还能改吗,当退款发生后，如已开具发票需按规则申请红字发票或作废处理,0.1
售后申请被拒绝怎么办,会员用户可享受部分商品的运费减免权益，必要时联系人工客服协助。,0.1
请问账号被锁了怎么恢复登录,SOP：当发货超时未出库时，提醒商家尽快发货，超出承诺时效可申请补偿或取消订单。,0.1
想问下领了优惠券结算时不生效怎么处理,建议处理：当用户申请退款时，在订单详情页提交退款原因并等待商家审核，审核通过后原路退款,0.1
账号被锁了怎么恢复登录,SOP：当发货超时未出库时，提醒商家尽快发货，超出承诺时效可申请补偿或取消订单。,0.1
电子发票在哪里下载,SOP：当页面显示未支付但支付已成功时，以支付流水为准进行订单状态校正，完成后更新工单状态。,0.1
想问下店铺券和平台券怎么一起用有没有处理办法,SOP：如发票下载链接失效，可在发票记录页重新生成下载链接，必要时联系人工客服协助。,0.1
请问发货太慢怎么催有没有处理办法,优惠券需在有效期内并满足使用门槛时才可抵扣,0.1
麻烦问一下手机号换了收不到验证码怎么办,处理规则：当发票抬头填写错误时，在未开票前可修改抬头信息，已开票需申请红冲后重新开具。,0.1
我想知道售后申请被拒绝怎么办,建议处理：部分优惠券仅限特定类目、商家或支付方式使用，需查看券面说明,0.1
帮我看看商品坏了怎么走售后怎么处理,建议处理：订单支付成功后可在订单详情页查看电子发票入口，并在系统中记录处理结果。,0.1
麻烦问一下快递停滞几天了怎么办,标准流程：优惠券需在有效期内并满足使用门槛时才可抵扣，完成后更新工单状态。,0.1
麻烦问一下怎么申请发票如何处理,标准流程：会员权益可在个人中心查看有效期和使用说明。,0.1
优惠券为什么用不了,用户可在个人中心修改昵称、头像和收货地址，完成后更新工单状态。,0.1
我想知道地址填错了还能改吗,优惠券需在有效期内并满足使用门槛时才可抵扣,0.1
想问下订单支付失败怎么办,下单前可先确认收货地址和联系人信息是否填写完整。,0.1
我想知道收到货不满意可以退吗,建议处理：当支付失败后订单仍保留时，需在有效期内重新支付，否则订单将自动取消。,0.1
请教一下领了优惠券结算时不生效如何处理,订单完成后如需开票，可在发票中心申请电子发票,0.1
咨询一下收到货不满意可以退吗要怎么解决,当支付失败后订单仍保留时，需在有效期内重新支付，否则订单将自动取消。,0.1
想问下下单付款时提示风控拦截怎么办,建议处理：商家可在后台查看每日订单成交统计数据。,0.1
用户无法登录系统怎么处理,管理员可以在后台查询用户最近七天的登录日志，完成后更新工单状态。,0.1
请教一下发货太慢怎么催有没有处理办法,当用户收不到短信验证码时，先检查手机号绑定状态，再切换邮箱验证或联系客服处理,0.1
微信支付后状态一直未更新怎么办,标准流程：商家审核通过后需在规定时间内寄回商品，否则退款申请可能关闭，必要时联系人工客服协助。,0.1
我想知道订单已发货还能拦截吗怎么处理,建议处理：若支付密码连续输错，可先重置支付密码后再尝试完成付款，必要时联系人工客服协助。,0.1
请问优惠券被回收了怎么办,标准流程：当发货前发现地址填写错误时，可在商家发货前申请修改收货地址，完成后更新工单状态。,0.1
麻烦问一下下单付款时提示风控拦截怎么办,商家可在后台查看每日订单成交统计数据,0.1
订单支付失败怎么办,订单详情页可查看物流单号并跳转到承运商页面查询。,0.1
麻烦问一下用户无法登录系统怎么处理,处理规则：管理员可以在后台查询用户最近七天的登录日志，必要时联系人工客服协助。,0.1
我想知道订单想退款怎么操作,SOP：商家可在后台查看售后工单处理时长统计，必要时联系人工客服协助。,0.1
商品有问题怎么退货如何处理,会员用户可享受部分商品的运费减免权益,0.1
支付时优惠券失效了怎么办,商家可在后台配置营销活动起止时间，并在系统中记录处理结果。,0.1
店铺券和平台券怎么一起用,支付成功后订单状态将在短时间内更新为待发货,0.1
请教一下密码不记得了怎么登录有没有处理办法,如快递异常退回仓库，需确认是否重新发货或直接退款,0.1
想问下支付时优惠券失效了怎么办,处理规则：当系统提示密码错误时，引导用户确认账号信息后使用找回密码流程重置密码，并在系统中记录处理结果。,0.1
咨询一下售后申请被拒绝怎么办,建议处理：部分优惠券仅限特定类目、商家或支付方式使用，需查看券面说明,0.1
麻烦问一下订单重复扣款怎么退款,处理规则：下单前可先确认收货地址和联系人信息是否填写完整,0.1
咨询一下下单付款时提示风控拦截怎么办,SOP：商家可在后台查看每日订单成交统计数据，完成后更新工单状态。,0.1
商品坏了怎么走售后,订单支付成功后可在订单详情页查看电子发票入口，并在系统中记录处理结果。,0.1
请教一下商品坏了怎么走售后怎么处理,当密码重置仍失败时，可提交人工审核工单，由客服核验身份后恢复账号访问,0.1
麻烦问一下密码不记得了怎么登录该怎么办,处理规则：如快递异常退回仓库，需确认是否重新发货或直接退款。,0.1
咨询一下怎么申请退款该怎么办,若购物车内含不参与活动商品，可能导致整单无法使用指定优惠券,0.1
想问下银行卡扣款了但订单没生成怎么办,处理规则：当用户收不到短信验证码时，先检查手机号绑定状态，再切换邮箱验证或联系客服处理。,0.1
咨询一下验证码登录失败怎么办,处理规则：当满减券不生效时，检查结算商品是否参与活动以及是否已达到最低使用门槛，必要时联系人工客服协助。,0.1
请问物流一直不更新怎么办,SOP：当扣款成功但订单未更新为已支付时，查询支付回调记录并触发补单流程修正订单状态，必要时联系人工客服协助。,0.1
请教一下支付时优惠券失效了怎么办,处理规则：当系统提示密码错误时，引导用户确认账号信息后使用找回密码流程重置密码，并在系统中记录处理结果。,0.1
我想知道店铺券和平台券怎么一起用应该怎么弄,如发票下载链接失效，可在发票记录页重新生成下载链接,0.1
商品有问题怎么退货,会员用户可享受部分商品的运费减免权益,0.1
请问店铺券和平台券怎么一起用,处理规则：如发票下载链接失效，可在发票记录页重新生成下载链接，完成后更新工单状态。,0.1
请教一下订单支付失败怎么办,处理规则：如需开具发票，可在订单完成后提交发票申请，并在系统中记录处理结果。,0.1
领了优惠券结算时不生效,SOP：订单完成后如需开票，可在发票中心申请电子发票，必要时联系人工客服协助。,0.1
订单已发货还能拦截吗有没有处理办法,建议处理：若支付密码连续输错，可先重置支付密码后再尝试完成付款，必要时联系人工客服协助。,0.1
帮我看看手机号换了收不到验证码怎么办,处理规则：当发票抬头填写错误时，在未开票前可修改抬头信息，已开票需申请红冲后重新开具,0.1
商品有问题怎么退货如何处理,当用户收不到短信验证码时，先检查手机号绑定状态，再切换邮箱验证或联系客服处理,0.1
满减券不能用怎么办,标准流程：部分订单需在交易完成后才能进入开票流程，未完成订单暂不支持申请发票，并在系统中记录处理结果。,0.1
请问快递显示签收但我没收到怎么办,处理规则：首次注册成功后建议完善个人资料和收货地址，并在系统中记录处理结果。,0.1
快递异常怎么处理,退货退款时需要在售后页面填写退货物流单号,0.1
咨询一下发票审核失败怎么办,标准流程：优惠券不可兑换成现金或开具发票金额,0.1
麻烦问一下订单支付失败怎么办,使用优惠券前请确认订单金额是否满足使用门槛,0.1
想问下用户无法登录系统怎么处理,若支付密码连续输错，可先重置支付密码后再尝试完成付款,0.1
麻烦问一下支付宝支付失败怎么办,标准流程：纸质发票如需邮寄，请确认邮寄地址和联系人信息无误，完成后更新工单状态。,0.1
想问下什么时候发货该怎么办,处理规则：首次注册成功后建议完善个人资料和收货地址,0.1
想问下什么时候发货如何处理,当退款迟迟未到账时，先核对退款状态和原支付渠道到账周期，超时后联系客服处理,0.1
请问为什么提示不满足优惠条件应该怎么弄,SOP：签收后七天内可申请无理由退货，超出时限需按商品规则处理，并在系统中记录处理结果。,0.1
我想知道优惠券被回收了怎么办,商家审核通过后需在规定时间内寄回商品，否则退款申请可能关闭，并在系统中记录处理结果。,0.1
请问为什么提示不满足优惠条件要怎么解决,用户可在个人中心修改昵称、头像和收货地址,0.1
用户忘记密码登录不了怎么办,SOP：首次登录时建议完成手机号绑定，便于后续接收安全验证信息。,0.1
帮我看看订单支付失败怎么办,SOP：使用优惠券前请确认订单金额是否满足使用门槛，并在系统中记录处理结果。,0.1
想问下领了优惠券结算时不生效要怎么解决,标准流程：当用户申请退款时，在订单详情页提交退款原因并等待商家审核，审核通过后原路退款，必要时联系人工客服协助。,0.1
地址填错了还能改吗,处理规则：当退款发生后，如已开具发票需按规则申请红字发票或作废处理。,0.1
咨询一下售后申请被拒绝怎么办,部分优惠券仅限特定类目、商家或支付方式使用，需查看券面说明,0.1
我想知道领了优惠券结算时不生效如何处理,支付成功后订单状态将在短时间内更新为待发货,0.1
快递异常怎么处理,建议处理：当退货物流信息填错时，及时修改正确单号并同步给商家以继续售后流程。,0.1
我想知道企业发票怎么开要怎么解决,标准流程：当用户收不到短信验证码时，先检查手机号绑定状态，再切换邮箱验证或联系客服处理，并在系统中记录处理结果。,0.1
帮我看看满减券不能用怎么办,标准流程：部分订单需在交易完成后才能进入开票流程，未完成订单暂不支持申请发票，完成后更新工单状态。,0.1
密码不记得了怎么登录要怎么解决,标准流程：当用户需要修改头像时，可在个人资料页上传新的头像图片,0.1
咨询一下验证码登录失败怎么办,部分订单需在交易完成后才能进入开票流程，未完成订单暂不支持申请发票,0.1
想问下验证码登录失败怎么办,建议处理：当满减券不生效时，检查结算商品是否参与活动以及是否已达到最低使用门槛。,0.1
发货太慢怎么催有没有处理办法,优惠券需在有效期内并满足使用门槛时才可抵扣，并在系统中记录处理结果。,0.1
咨询一下新人券不能使用怎么处理,建议处理：支付成功后订单状态将在短时间内更新为待发货，必要时联系人工客服协助。,0.1
请教一下订单重复扣款怎么退款怎么处理,建议处理：商家审核通过后需在规定时间内寄回商品，否则退款申请可能关闭,0.1
麻烦问一下领了优惠券结算时不生效怎么处理,建议处理：当发票抬头填写错误时，在未开票前可修改抬头信息，已开票需申请红冲后重新开具，完成后更新工单状态。,0.1
请问发票审核失败怎么办,标准流程：优惠券不可兑换成现金或开具发票金额,0.1
请教一下退款一直没到账怎么处理,标准流程：收货地址填写错误时可在商家发货前申请修改，并在系统中记录处理结果。,0.1
我想知道企业发票怎么开,优惠券不可兑换成现金或开具发票金额,0.1
请教一下怎么申请发票该怎么办,若用户急需商品，可优先与商家协商更换配送方式,0.1
为什么提示不满足优惠条件,处理规则：用户可在个人中心修改昵称、头像和收货地址。,0.1
想问下商家拒绝退款怎么办,标准流程：如绑定手机号已失效，可走账户资料核验流程重新绑定新手机号。,0.1
咨询一下商品坏了怎么走售后应该怎么弄,建议处理：订单支付成功后可在订单详情页查看电子发票入口，并在系统中记录处理结果。,0.1
请教一下退款后发票怎么处理,修改登录密码后建议重新登录所有设备,0.1
咨询一下发票审核失败怎么办,优惠券不可兑换成现金或开具发票金额，并在系统中记录处理结果。,0.1
想问下订单已发货还能拦截吗应该怎么弄,SOP：商家审核通过后需在规定时间内寄回商品，否则退款申请可能关闭，并在系统中记录处理结果。,0.1
请问发货太慢怎么催有没有处理办法,处理规则：优惠券需在有效期内并满足使用门槛时才可抵扣，必要时联系人工客服协助。,0.1
麻烦问一下手机号换了收不到验证码怎么办,SOP：当支付失败时，先确认支付渠道余额和限额，再更换支付方式重新付款，完成后更新工单状态。,0.1
想问下什么时候发货该怎么办,SOP：当退款迟迟未到账时，先核对退款状态和原支付渠道到账周期，超时后联系客服处理,0.1
咨询一下用户无法登录系统怎么处理,若支付密码连续输错，可先重置支付密码后再尝试完成付款，必要时联系人工客服协助。,0.1
下单付款时提示风控拦截怎么办,订单提交成功后可在订单详情页查看物流信息,0.1
我想知道怎么申请发票怎么处理,标准流程：会员权益可在个人中心查看有效期和使用说明。,0.1
请问发货太慢怎么催要怎么解决,当用户收不到短信验证码时，先检查手机号绑定状态，再切换邮箱验证或联系客服处理,0.1
我想知道订单想退款怎么操作,标准流程：当扣款成功但订单未更新为已支付时，查询支付回调记录并触发补单流程修正订单状态，必要时联系人工客服协助。,0.1
咨询一下商品坏了怎么走售后该怎么办,当密码重置仍失败时，可提交人工审核工单，由客服核验身份后恢复账号访问。,0.1
店铺券和平台券怎么一起用有没有处理办法,标准流程：平台介入后会根据聊天记录、物流记录和凭证材料综合判定。,0.1
麻烦问一下为什么提示不满足优惠条件要怎么解决,SOP：支付成功后订单状态将在短时间内更新为待发货，必要时联系人工客服协助。,0.1
想问下账号被锁了怎么恢复登录,管理员可以在后台查询用户最近七天的登录日志,0.1
退款后发票怎么处理,当登录需要二次验证时，校验绑定手机或邮箱验证码，验证通过后允许登录,0.1
想问下什么时候发货要怎么解决,首次注册成功后建议完善个人资料和收货地址,0.1
帮我看看手机号换了收不到验证码怎么办,首次登录时建议完成手机号绑定，便于后续接收安全验证信息，并在系统中记录处理结果。,0.1
优惠券过期了还能恢复吗应该怎么弄,处理规则：订单完成后如需开票，可在发票中心申请电子发票,0.1
请教一下怎么申请发票该怎么办,处理规则：若用户急需商品，可优先与商家协商更换配送方式,0.1
想问下商家拒绝退款怎么办,SOP：商品加入购物车后可等待后续活动降价，完成后更新工单状态。,0.1
请问售后申请被拒绝怎么办,建议处理：会员用户可享受部分商品的运费减免权益。,0.1
我想知道物流一直不更新怎么办,当扣款成功但订单未更新为已支付时，查询支付回调记录并触发补单流程修正订单状态,0.1
麻烦问一下快递异常怎么处理,处理规则：当退货物流信息填错时，及时修改正确单号并同步给商家以继续售后流程，完成后更新工单状态。,0.1
我想知道优惠券被回收了怎么办,建议处理：商家审核通过后需在规定时间内寄回商品，否则退款申请可能关闭,0.1
想问下为什么提示不满足优惠条件如何处理,处理规则：用户可在个人中心修改昵称、头像和收货地址。,0.1
我想知道退款一直没到账怎么处理,收货地址填写错误时可在商家发货前申请修改,0.1
请教一下售后申请被拒绝怎么办,部分优惠券仅限特定类目、商家或支付方式使用，需查看券面说明,0.1
麻烦问一下发票审核失败怎么办,若退款原路失败，系统会提示用户补充退款账户信息，完成后更新工单状态。,0.1
麻烦问一下密码不记得了怎么登录该怎么办,处理规则：如快递异常退回仓库，需确认是否重新发货或直接退款，并在系统中记录处理结果。,0.1
麻烦问一下地址填错了还能改吗,处理规则：优惠券需在有效期内并满足使用门槛时才可抵扣，完成后更新工单状态。,0.1
微信支付后状态一直未更新怎么办,处理规则：商家审核通过后需在规定时间内寄回商品，否则退款申请可能关闭,0.1
企业发票怎么开,当用户收不到短信验证码时，先检查手机号绑定状态，再切换邮箱验证或联系客服处理,0.1
咨询一下退款后发票怎么处理,建议处理：当登录需要二次验证时，校验绑定手机或邮箱验证码，验证通过后允许登录，完成后更新工单状态。,0.1
帮我看看店铺券和平台券怎么一起用要怎么解决,标准流程：平台介入后会根据聊天记录、物流记录和凭证材料综合判定。,0.1
请问发票审核失败怎么办,标准流程：若退款原路失败，系统会提示用户补充退款账户信息。,0.1
订单想退款怎么操作,标准流程：订单完成后可在发票中心提交开票信息，审核通过后生成电子发票并发送到预留邮箱,0.1
帮我看看订单想退款怎么操作,标准流程：订单完成后可在发票中心提交开票信息，审核通过后生成电子发票并发送到预留邮箱,0.1
咨询一下订单重复扣款怎么退款如何处理,建议处理：商家审核通过后需在规定时间内寄回商品，否则退款申请可能关闭,0.1
想问下商家拒绝退款怎么办,商品加入购物车后可等待后续活动降价，并在系统中记录处理结果。,0.1
帮我看看地址填错了还能改吗,处理规则：优惠券需在有效期内并满足使用门槛时才可抵扣，完成后更新工单状态。,0.1
请教一下订单完成后怎么补开发票怎么处理,标准流程：会员权益可在个人中心查看有效期和使用说明。,0.1
请问验证码登录失败怎么办,处理规则：部分订单需在交易完成后才能进入开票流程，未完成订单暂不支持申请发票。,0.1
我想知道手机号换了收不到验证码怎么办,处理规则：管理员可以在后台查询用户最近七天的登录日志,0.1
企业发票怎么开,标准流程：当用户收不到短信验证码时，先检查手机号绑定状态，再切换邮箱验证或联系客服处理，完成后更新工单状态。,0.1
想问下验证码登录失败怎么办,建议处理：部分订单需在交易完成后才能进入开票流程，未完成订单暂不支持申请发票。,0.1
请教一下快递异常怎么处理,处理规则：当退货物流信息填错时，及时修改正确单号并同步给商家以继续售后流程，完成后更新工单状态。,0.1
我想知道领了优惠券结算时不生效有没有处理办法,当发票抬头填写错误时，在未开票前可修改抬头信息，已开票需申请红冲后重新开具，并在系统中记录处理结果。,0.1
请问订单重复扣款怎么退款该怎么办,处理规则：下单前可先确认收货地址和联系人信息是否填写完整,0.1
我想知道订单支付失败怎么办,下单前可先确认收货地址和联系人信息是否填写完整。,0.1
请问订单重复扣款怎么退款该怎么办,建议处理：下单前可先确认收货地址和联系人信息是否填写完整,0.1
售后申请被拒绝怎么办,处理规则：当页面显示未支付但支付已成功时，以支付流水为准进行订单状态校正。,0.1
麻烦问一下领了优惠券结算时不生效要怎么解决,建议处理：订单完成后如需开票，可在发票中心申请电子发票。,0.1
请问怎么申请退款应该怎么弄,SOP：若购物车内含不参与活动商品，可能导致整单无法使用指定优惠券，完成后更新工单状态。,0.1
请问退款后发票怎么处理,修改登录密码后建议重新登录所有设备，必要时联系人工客服协助。,0.1
请教一下密码不记得了怎么登录有没有处理办法,标准流程：当用户需要修改头像时，可在个人资料页上传新的头像图片,0.1
想问下快递停滞几天了怎么办,SOP：优惠券需在有效期内并满足使用门槛时才可抵扣，并在系统中记录处理结果。,0.1
请问下单付款时提示风控拦截怎么办,订单提交成功后可在订单详情页查看物流信息,0.1
帮我看看订单支付失败怎么办,如需开具发票，可在订单完成后提交发票申请，完成后更新工单状态。,0.1
咨询一下领了优惠券结算时不生效应该怎么弄,处理规则：支付成功后订单状态将在短时间内更新为待发货，并在系统中记录处理结果。,0.1
请教一下商家拒绝退款怎么办,标准流程：如绑定手机号已失效，可走账户资料核验流程重新绑定新手机号。,0.1
咨询一下手机号换了收不到验证码怎么办,当支付失败时，先确认支付渠道余额和限额，再更换支付方式重新付款,0.1
帮我看看电子发票在哪里下载应该怎么弄,SOP：订单支付成功后可在订单详情页查看物流进度，并在系统中记录处理结果。,0.1
帮我看看售后申请被拒绝怎么办,会员用户可享受部分商品的运费减免权益，必要时联系人工客服协助。,0.1
请问满减券不能用怎么办,标准流程：部分订单需在交易完成后才能进入开票流程，未完成订单暂不支持申请发票，并在系统中记录处理结果。,0.1
麻烦问一下支付宝支付失败怎么办,建议处理：纸质发票如需邮寄，请确认邮寄地址和联系人信息无误。,0.1
咨询一下商家拒绝退款怎么办,商品加入购物车后可等待后续活动降价,0.1
发货太慢怎么催,标准流程：部分订单需在交易完成后才能进入开票流程，未完成订单暂不支持申请发票，完成后更新工单状态。,0.1
怎么申请发票,若用户急需商品，可优先与商家协商更换配送方式，必要时联系人工客服协助。,0.1
账号被锁了怎么恢复登录,标准流程：当发货超时未出库时，提醒商家尽快发货，超出承诺时效可申请补偿或取消订单，完成后更新工单状态。,0.1
我想知道用户忘记密码登录不了怎么办,SOP：首次登录时建议完成手机号绑定，便于后续接收安全验证信息，必要时联系人工客服协助。,0.1
用户无法登录系统怎么处理,SOP：管理员可以在后台查询用户最近七天的登录日志，并在系统中记录处理结果。,0.1
发货太慢怎么催,如需申请发票，可在订单完成后进入发票中心提交信息,0.1
订单想退款怎么操作,订单完成后可在发票中心提交开票信息，审核通过后生成电子发票并发送到预留邮箱，并在系统中记录处理结果。,0.1
我想知道订单想退款怎么操作,处理规则：当扣款成功但订单未更新为已支付时，查询支付回调记录并触发补单流程修正订单状态。,0.1
想问下怎么申请退款如何处理,若购物车内含不参与活动商品，可能导致整单无法使用指定优惠券,0.1
咨询一下为什么提示不满足优惠条件怎么处理,SOP：支付成功后订单状态将在短时间内更新为待发货，必要时联系人工客服协助。,0.1
我想知道地址填错了还能改吗,处理规则：优惠券需在有效期内并满足使用门槛时才可抵扣，并在系统中记录处理结果。,0.1
请问登录时一直提示密码不对怎么办,建议处理：当订单已发货但需拦截时，联系商家发起物流拦截申请，拦截成功后再安排退款或重发。,0.1
想问下什么时候发货该怎么办,建议处理：首次注册成功后建议完善个人资料和收货地址，并在系统中记录处理结果。,0.1
请教一下登录时一直提示密码不对怎么办,建议处理：当订单已发货但需拦截时，联系商家发起物流拦截申请，拦截成功后再安排退款或重发。,0.1
请教一下密码不记得了怎么登录有没有处理办法,建议处理：当用户需要修改头像时，可在个人资料页上传新的头像图片，完成后更新工单状态。,0.1
请教一下退款后发票怎么处理,当登录需要二次验证时，校验绑定手机或邮箱验证码，验证通过后允许登录，并在系统中记录处理结果。,0.1
请教一下快递异常怎么处理,SOP：当退货物流信息填错时，及时修改正确单号并同步给商家以继续售后流程，并在系统中记录处理结果。,0.1
麻烦问一下收到货不满意可以退吗该怎么办,建议处理：当支付失败后订单仍保留时，需在有效期内重新支付，否则订单将自动取消。,0.1
想问下手机号换了收不到验证码怎么办,处理规则：当发票抬头填写错误时，在未开票前可修改抬头信息，已开票需申请红冲后重新开具,0.1
支付时报错了怎么办,如需开具发票，可在订单完成后提交发票申请,0.1
帮我看看密码不记得了怎么登录怎么处理,处理规则：如快递异常退回仓库，需确认是否重新发货或直接退款，并在系统中记录处理结果。,0.1
请教一下支付时报错了怎么办,如需开具发票，可在订单完成后提交发票申请。,0.1
帮我看看售后申请被拒绝怎么办,会员用户可享受部分商品的运费减免权益,0.1
帮我看看订单想退款怎么操作,当扣款成功但订单未更新为已支付时，查询支付回调记录并触发补单流程修正订单状态,0.1
电子发票在哪里下载应该怎么弄,当页面显示未支付但支付已成功时，以支付流水为准进行订单状态校正，必要时联系人工客服协助。,0.1
请教一下快递异常怎么处理,退货退款时需要在售后页面填写退货物流单号,0.1
我想知道物流一直不更新怎么办,处理规则：当扣款成功但订单未更新为已支付时，查询支付回调记录并触发补单流程修正订单状态,0.1
优惠券被回收了怎么办,商家审核通过后需在规定时间内寄回商品，否则退款申请可能关闭，并在系统中记录处理结果。,0.1
咨询一下新人券不能使用怎么处理,建议处理：支付成功后订单状态将在短时间内更新为待发货,0.1
麻烦问一下领了优惠券结算时不生效怎么处理,当发票抬头填写错误时，在未开票前可修改抬头信息，已开票需申请红冲后重新开具，并在系统中记录处理结果。,0.1
想问下什么时候发货怎么处理,当退款迟迟未到账时，先核对退款状态和原支付渠道到账周期，超时后联系客服处理,0.1
我想知道优惠券被回收了怎么办,标准流程：当发货前发现地址填写错误时，可在商家发货前申请修改收货地址，完成后更新工单状态。,0.1
领了优惠券结算时不生效,订单完成后如需开票，可在发票中心申请电子发票,0.1
想问下用户忘记密码登录不了怎么办,标准流程：首次登录时建议完成手机号绑定，便于后续接收安全验证信息,0.1
请教一下支付时报错了怎么办,SOP：如需开具发票，可在订单完成后提交发票申请，完成后更新工单状态。,0.1
想问下为什么提示不满足优惠条件如何处理,SOP：用户可在个人中心修改昵称、头像和收货地址，并在系统中记录处理结果。,0.1
订单已发货还能拦截吗,SOP：商家审核通过后需在规定时间内寄回商品，否则退款申请可能关闭，必要时联系人工客服协助。,0.1
麻烦问一下订单已发货还能拦截吗应该怎么弄,SOP：商家审核通过后需在规定时间内寄回商品，否则退款申请可能关闭，并在系统中记录处理结果。,0.1
请教一下订单支付失败怎么办,处理规则：下单前可先确认收货地址和联系人信息是否填写完整，完成后更新工单状态。,0.1
想问下什么时候发货要怎么解决,首次注册成功后建议完善个人资料和收货地址，并在系统中记录处理结果。,0.1
我想知道领了优惠券结算时不生效有没有处理办法,建议处理：当发票抬头填写错误时，在未开票前可修改抬头信息，已开票需申请红冲后重新开具，完成后更新工单状态。,0.1
商品有问题怎么退货,标准流程：当用户收不到短信验证码时，先检查手机号绑定状态，再切换邮箱验证或联系客服处理,0.1
帮我看看企业发票怎么开怎么处理,建议处理：优惠券不可兑换成现金或开具发票金额，必要时联系人工客服协助。,0.1
咨询一下商品坏了怎么走售后该怎么办,SOP：当密码重置仍失败时，可提交人工审核工单，由客服核验身份后恢复账号访问，并在系统中记录处理结果。,0.1
订单想退款怎么操作,建议处理：当扣款成功但订单未更新为已支付时，查询支付回调记录并触发补单流程修正订单状态，必要时联系人工客服协助。,0.1
帮我看看手机号换了收不到验证码怎么办,SOP：当发票抬头填写错误时，在未开票前可修改抬头信息，已开票需申请红冲后重新开具，完成后更新工单状态。,0.1
想问下订单支付失败怎么办,下单前可先确认收货地址和联系人信息是否填写完整,0.1
优惠券为什么用不了,建议处理：用户可在个人中心修改昵称、头像和收货地址。,0.1
店铺券和平台券怎么一起用,处理规则：支付成功后订单状态将在短时间内更新为待发货，并在系统中记录处理结果。,0.1
我想知道账号被锁了怎么恢复登录,处理规则：管理员可以在后台查询用户最近七天的登录日志,0.1
帮我看看商家拒绝退款怎么办,SOP：商品加入购物车后可等待后续活动降价，完成后更新工单状态。,0.1
想问下下单付款时提示风控拦截怎么办,商家可在后台查看每日订单成交统计数据,0.1
想问下退款后发票怎么处理,修改登录密码后建议重新登录所有设备，必要时联系人工客服协助。,0.1
想问下店铺券和平台券怎么一起用有没有处理办法,处理规则：支付成功后订单状态将在短时间内更新为待发货，并在系统中记录处理结果。,0.1
订单完成后怎么补开发票,会员权益可在个人中心查看有效期和使用说明,0.1
电子发票在哪里下载,建议处理：当页面显示未支付但支付已成功时，以支付流水为准进行订单状态校正。,0.1
我想知道商品有问题怎么退货应该怎么弄,标准流程：当用户收不到短信验证码时，先检查手机号绑定状态，再切换邮箱验证或联系客服处理，必要时联系人工客服协助。,0.1
想问下物流一直不更新怎么办,SOP：当扣款成功但订单未更新为已支付时，查询支付回调记录并触发补单流程修正订单状态,0.1
什么时候发货,建议处理：首次注册成功后建议完善个人资料和收货地址，并在系统中记录处理结果。,0.1
请问地址填错了还能改吗,处理规则：当退款发生后，如已开具发票需按规则申请红字发票或作废处理。,0.1
为什么提示不满足优惠条件,SOP：签收后七天内可申请无理由退货，超出时限需按商品规则处理，并在系统中记录处理结果。,0.1
我想知道账号被锁了怎么恢复登录,标准流程：管理员可以在后台查询用户最近七天的登录日志,0.1
麻烦问一下密码不记得了怎么登录如何处理,标准流程：当用户需要修改头像时，可在个人资料页上传新的头像图片，完成后更新工单状态。,0.1
满减券不能用怎么办,标准流程：部分订单需在交易完成后才能进入开票流程，未完成订单暂不支持申请发票，完成后更新工单状态。,0.1
用户忘记密码登录不了怎么办,首次登录时建议完成手机号绑定，便于后续接收安全验证信息,0.1
请教一下订单完成后怎么补开发票要怎么解决,建议处理：会员权益可在个人中心查看有效期和使用说明，必要时联系人工客服协助。,0.1
帮我看看商家拒绝退款怎么办,建议处理：商品加入购物车后可等待后续活动降价，完成后更新工单状态。,0.1
麻烦问一下用户无法登录系统怎么处理,管理员可以在后台查询用户最近七天的登录日志,0.1
咨询一下订单重复扣款怎么退款,标准流程：商家审核通过后需在规定时间内寄回商品，否则退款申请可能关闭,0.1
企业发票怎么开,优惠券不可兑换成现金或开具发票金额,0.1
麻烦问一下怎么申请发票如何处理,建议处理：会员权益可在个人中心查看有效期和使用说明,0.1
麻烦问一下支付时报错了怎么办,下单前可先确认收货地址和联系人信息是否填写完整,0.1
企业发票怎么开,建议处理：优惠券不可兑换成现金或开具发票金额，必要时联系人工客服协助。,0.1
请问怎么申请退款应该怎么弄,SOP：若购物车内含不参与活动商品，可能导致整单无法使用指定优惠券，必要时联系人工客服协助。,0.1
麻烦问一下订单重复扣款怎么退款,建议处理：下单前可先确认收货地址和联系人信息是否填写完整，必要时联系人工客服协助。,0.1
满减券不能用怎么办,商家可在后台配置营销活动起止时间，必要时联系人工客服协助。,0.1
帮我看看满减券不能用怎么办,建议处理：部分订单需在交易完成后才能进入开票流程，未完成订单暂不支持申请发票,0.1
快递异常怎么处理,建议处理：当退货物流信息填错时，及时修改正确单号并同步给商家以继续售后流程，必要时联系人工客服协助。,0.1
我想知道满减券不能用怎么办,商家可在后台配置营销活动起止时间，必要时联系人工客服协助。,0.1
请问发货太慢怎么催要怎么解决,处理规则：当用户收不到短信验证码时，先检查手机号绑定状态，再切换邮箱验证或联系客服处理。,0.1
帮我看看为什么提示不满足优惠条件,SOP：签收后七天内可申请无理由退货，超出时限需按商品规则处理，并在系统中记录处理结果。,0.1
帮我看看发货太慢怎么催该怎么办,SOP：如需申请发票，可在订单完成后进入发票中心提交信息。,0.1
店铺券和平台券怎么一起用该怎么办,SOP：支付成功后订单状态将在短时间内更新为待发货，完成后更新工单状态。,0.1
我想知道订单想退款怎么操作,标准流程：订单完成后可在发票中心提交开票信息，审核通过后生成电子发票并发送到预留邮箱,0.1
请教一下电子发票在哪里下载有没有处理办法,订单支付成功后可在订单详情页查看物流进度,0.1
商品有问题怎么退货如何处理,建议处理：会员用户可享受部分商品的运费减免权益，必要时联系人工客服协助。,0.1
支付时优惠券失效了怎么办,标准流程：当系统提示密码错误时，引导用户确认账号信息后使用找回密码流程重置密码，完成后更新工单状态。,0.1
请教一下售后申请被拒绝怎么办,当页面显示未支付但支付已成功时，以支付流水为准进行订单状态校正,0.1
帮我看看商家拒绝退款怎么办,处理规则：如绑定手机号已失效，可走账户资料核验流程重新绑定新手机号。,0.1
咨询一下满减券不能用怎么办,商家可在后台配置营销活动起止时间,0.1
请问售后申请被拒绝怎么办,当页面显示未支付但支付已成功时，以支付流水为准进行订单状态校正,0.1
快递异常怎么处理,SOP：退货退款时需要在售后页面填写退货物流单号。,0.1
咨询一下验证码登录失败怎么办,建议处理：部分订单需在交易完成后才能进入开票流程，未完成订单暂不支持申请发票。,0.1
我想知道账号被锁了怎么恢复登录,当发货超时未出库时，提醒商家尽快发货，超出承诺时效可申请补偿或取消订单。,0.1
订单支付失败怎么办,标准流程：使用优惠券前请确认订单金额是否满足使用门槛。,0.1
电子发票在哪里下载如何处理,处理规则：订单支付成功后可在订单详情页查看物流进度,0.1
请问用户无法登录系统怎么处理,管理员可以在后台查询用户最近七天的登录日志,0.1
连续输错密码后无法登录怎么办,当用户需要修改头像时，可在个人资料页上传新的头像图片,0.1
请教一下订单想退款怎么操作,建议处理：商家可在后台查看售后工单处理时长统计，必要时联系人工客服协助。,0.1
想问下手机号换了收不到验证码怎么办,当支付失败时，先确认支付渠道余额和限额，再更换支付方式重新付款,0.1
用户无法登录系统怎么处理,建议处理：若支付密码连续输错，可先重置支付密码后再尝试完成付款，并在系统中记录处理结果。,0.1
店铺券和平台券怎么一起用该怎么办,建议处理：支付成功后订单状态将在短时间内更新为待发货,0.1
我想知道订单想退款怎么操作,订单完成后可在发票中心提交开票信息，审核通过后生成电子发票并发送到预留邮箱，并在系统中记录处理结果。,0.1
请教一下发货太慢怎么催有没有处理办法,处理规则：当用户收不到短信验证码时，先检查手机号绑定状态，再切换邮箱验证或联系客服处理，必要时联系人工客服协助。,0.1
咨询一下订单完成后怎么补开发票要怎么解决,如需退款，请在订单详情页提交售后申请,0.1
发票审核失败怎么办,优惠券不可兑换成现金或开具发票金额，并在系统中记录处理结果。,0.1
我想知道怎么申请发票怎么处理,处理规则：会员权益可在个人中心查看有效期和使用说明。,0.1
请问支付时优惠券失效了怎么办,处理规则：商家可在后台配置营销活动起止时间，完成后更新工单状态。,0.1
电子发票在哪里下载应该怎么弄,当页面显示未支付但支付已成功时，以支付流水为准进行订单状态校正,0.1
什么时候发货,首次注册成功后建议完善个人资料和收货地址,0.1
我想知道发货太慢怎么催应该怎么弄,标准流程：部分订单需在交易完成后才能进入开票流程，未完成订单暂不支持申请发票，完成后更新工单状态。,0.1
帮我看看支付成功但页面显示未支付怎么办,SOP：订单完成后可在发票中心提交开票信息，审核通过后生成电子发票并发送到预留邮箱，必要时联系人工客服协助。,0.1
请教一下售后申请被拒绝怎么办,处理规则：当页面显示未支付但支付已成功时，以支付流水为准进行订单状态校正。,0.1
麻烦问一下为什么提示不满足优惠条件要怎么解决,支付成功后订单状态将在短时间内更新为待发货。,0.1
退款后发票怎么处理,标准流程：当登录需要二次验证时，校验绑定手机或邮箱验证码，验证通过后允许登录，必要时联系人工客服协助。,0.1
咨询一下领了优惠券结算时不生效应该怎么弄,支付成功后订单状态将在短时间内更新为待发货,0.1
想问下支付成功但页面显示未支付怎么办,建议处理：订单完成后可在发票中心提交开票信息，审核通过后生成电子发票并发送到预留邮箱。,0.1
帮我看看为什么提示不满足优惠条件,SOP：签收后七天内可申请无理由退货，超出时限需按商品规则处理，必要时联系人工客服协助。,0.1
想问下怎么申请退款如何处理,标准流程：若购物车内含不参与活动商品，可能导致整单无法使用指定优惠券，并在系统中记录处理结果。,0.1
优惠券过期了还能恢复吗,标准流程：订单完成后如需开票，可在发票中心申请电子发票。,0.1
我想知道快递显示签收但我没收到怎么办,处理规则：首次注册成功后建议完善个人资料和收货地址，必要时联系人工客服协助。,0.1
请教一下电子发票在哪里下载有没有处理办法,订单支付成功后可在订单详情页查看物流进度，必要时联系人工客服协助。,0.1
咨询一下验证码登录失败怎么办,当满减券不生效时，检查结算商品是否参与活动以及是否已达到最低使用门槛,0.1
帮我看看支付时报错了怎么办,SOP：下单前可先确认收货地址和联系人信息是否填写完整，完成后更新工单状态。,0.1
我想知道用户忘记密码登录不了怎么办,建议处理：首次登录时建议完成手机号绑定，便于后续接收安全验证信息,0.1
想问下商家拒绝退款怎么办,建议处理：如绑定手机号已失效，可走账户资料核验流程重新绑定新手机号，必要时联系人工客服协助。,0.1
我想知道店铺券和平台券怎么一起用应该怎么弄,处理规则：如发票下载链接失效，可在发票记录页重新生成下载链接。,0.1
帮我看看订单想退款怎么操作,标准流程：订单完成后可在发票中心提交开票信息，审核通过后生成电子发票并发送到预留邮箱，并在系统中记录处理结果。,0.1
新人券不能使用怎么处理,支付成功后订单状态将在短时间内更新为待发货,0.1
帮我看看怎么申请发票该怎么办,若用户急需商品，可优先与商家协商更换配送方式,0.1
订单想退款怎么操作,当扣款成功但订单未更新为已支付时，查询支付回调记录并触发补单流程修正订单状态,0.1
请问下单付款时提示风控拦截怎么办,SOP：订单提交成功后可在订单详情页查看物流信息，完成后更新工单状态。,0.1
领了优惠券结算时不生效,处理规则：当用户申请退款时，在订单详情页提交退款原因并等待商家审核，审核通过后原路退款,0.1
帮我看看优惠券被回收了怎么办,商家审核通过后需在规定时间内寄回商品，否则退款申请可能关闭，并在系统中记录处理结果。,0.1
麻烦问一下快递停滞几天了怎么办,SOP：优惠券需在有效期内并满足使用门槛时才可抵扣，并在系统中记录处理结果。,0.1
咨询一下快递异常怎么处理,SOP：退货退款时需要在售后页面填写退货物流单号，完成后更新工单状态。,0.1
帮我看看商品坏了怎么走售后怎么处理,SOP：订单支付成功后可在订单详情页查看电子发票入口,0.1
麻烦问一下为什么提示不满足优惠条件有没有处理办法,SOP：支付成功后订单状态将在短时间内更新为待发货，必要时联系人工客服协助。,0.1
帮我看看企业发票怎么开怎么处理,建议处理：优惠券不可兑换成现金或开具发票金额，完成后更新工单状态。,0.1
我想知道手机号换了收不到验证码怎么办,首次登录时建议完成手机号绑定，便于后续接收安全验证信息,0.1
咨询一下订单完成后怎么补开发票要怎么解决,建议处理：如需退款，请在订单详情页提交售后申请，完成后更新工单状态。,0.1
咨询一下下单付款时提示风控拦截怎么办,标准流程：商家可在后台查看每日订单成交统计数据，完成后更新工单状态。,0.1
银行卡扣款了但订单没生成怎么办,处理规则：当用户收不到短信验证码时，先检查手机号绑定状态，再切换邮箱验证或联系客服处理，必要时联系人工客服协助。,0.1
请问发票审核失败怎么办,标准流程：优惠券不可兑换成现金或开具发票金额，必要时联系人工客服协助。,0.1
银行卡扣款了但订单没生成怎么办,当用户收不到短信验证码时，先检查手机号绑定状态，再切换邮箱验证或联系客服处理，并在系统中记录处理结果。,0.1
请问账号被锁了怎么恢复登录,当发货超时未出库时，提醒商家尽快发货，超出承诺时效可申请补偿或取消订单。,0.1
帮我看看领了优惠券结算时不生效应该怎么弄,SOP：当发票抬头填写错误时，在未开票前可修改抬头信息，已开票需申请红冲后重新开具，完成后更新工单状态。,0.1
我想知道连续输错密码后无法登录怎么办,标准流程：当用户需要修改头像时，可在个人资料页上传新的头像图片，并在系统中记录处理结果。,0.1
咨询一下快递停滞几天了怎么办,SOP：优惠券需在有效期内并满足使用门槛时才可抵扣，并在系统中记录处理结果。,0.1
我想知道订单想退款怎么操作,商家可在后台查看售后工单处理时长统计。,0.1
想问下快递停滞几天了怎么办,优惠券需在有效期内并满足使用门槛时才可抵扣,0.1
帮我看看验证码登录失败怎么办,建议处理：为提升账号安全性，建议用户定期修改密码并开启二次验证,0.1
为什么提示不满足优惠条件,签收后七天内可申请无理由退货，超出时限需按商品规则处理,0.1
想问下支付成功但页面显示未支付怎么办,标准流程：订单完成后可在发票中心提交开票信息，审核通过后生成电子发票并发送到预留邮箱，完成后更新工单状态。,0.1
想问下订单已发货还能拦截吗应该怎么弄,SOP：商家审核通过后需在规定时间内寄回商品，否则退款申请可能关闭，必要时联系人工客服协助。,0.1
请教一下连续输错密码后无法登录怎么办,标准流程：当用户需要修改头像时，可在个人资料页上传新的头像图片，必要时联系人工客服协助。,0.1
我想知道快递显示签收但我没收到怎么办,首次注册成功后建议完善个人资料和收货地址,0.1
请教一下快递异常怎么处理,建议处理：退货退款时需要在售后页面填写退货物流单号,0.1
咨询一下订单支付失败怎么办,建议处理：如需开具发票，可在订单完成后提交发票申请，并在系统中记录处理结果。,0.1
帮我看看支付时报错了怎么办,SOP：如需开具发票，可在订单完成后提交发票申请，完成后更新工单状态。,0.1
验证码登录失败怎么办,建议处理：当满减券不生效时，检查结算商品是否参与活动以及是否已达到最低使用门槛。,0.1
商品坏了怎么走售后,SOP：订单支付成功后可在订单详情页查看电子发票入口，并在系统中记录处理结果。,0.1
请教一下下单付款时提示风控拦截怎么办,订单提交成功后可在订单详情页查看物流信息。,0.1
快递显示签收但我没收到怎么办,建议处理：首次注册成功后建议完善个人资料和收货地址。,0.1
请问登录时一直提示密码不对怎么办,当订单已发货但需拦截时，联系商家发起物流拦截申请，拦截成功后再安排退款或重发,0.1
咨询一下发票审核失败怎么办,若退款原路失败，系统会提示用户补充退款账户信息,0.1
请教一下店铺券和平台券怎么一起用该怎么办,平台介入后会根据聊天记录、物流记录和凭证材料综合判定，必要时联系人工客服协助。,0.1
请问地址填错了还能改吗,当退款发生后，如已开具发票需按规则申请红字发票或作废处理,0.1
帮我看看银行卡扣款了但订单没生成怎么办,处理规则：当用户收不到短信验证码时，先检查手机号绑定状态，再切换邮箱验证或联系客服处理，必要时联系人工客服协助。,0.1
帮我看看订单支付失败怎么办,处理规则：使用优惠券前请确认订单金额是否满足使用门槛。,0.1
麻烦问一下手机号换了收不到验证码怎么办,当发票抬头填写错误时，在未开票前可修改抬头信息，已开票需申请红冲后重新开具,0.1
请教一下优惠券被回收了怎么办,建议处理：当发货前发现地址填写错误时，可在商家发货前申请修改收货地址,0.1
新人券不能使用怎么处理,建议处理：支付成功后订单状态将在短时间内更新为待发货，完成后更新工单状态。,0.1
帮我看看店铺券和平台券怎么一起用要怎么解决,标准流程：平台介入后会根据聊天记录、物流记录和凭证材料综合判定，必要时联系人工客服协助。,0.1
想问下账号被锁了怎么恢复登录,处理规则：管理员可以在后台查询用户最近七天的登录日志，必要时联系人工客服协助。,0.1
领了优惠券结算时不生效,建议处理：当用户申请退款时，在订单详情页提交退款原因并等待商家审核，审核通过后原路退款,0.1
想问下领了优惠券结算时不生效要怎么解决,建议处理：当用户申请退款时，在订单详情页提交退款原因并等待商家审核，审核通过后原路退款，完成后更新工单状态。,0.1
帮我看看密码不记得了怎么登录怎么处理,处理规则：如快递异常退回仓库，需确认是否重新发货或直接退款。,0.1
退款一直没到账怎么处理,标准流程：收货地址填写错误时可在商家发货前申请修改。,0.1
我想知道手机号换了收不到验证码怎么办,标准流程：管理员可以在后台查询用户最近七天的登录日志，必要时联系人工客服协助。,0.1
想问下店铺券和平台券怎么一起用有没有处理办法,如发票下载链接失效，可在发票记录页重新生成下载链接，并在系统中记录处理结果。,0.1
咨询一下支付成功但页面显示未支付怎么办,标准流程：如需开具发票，可在订单完成后提交发票申请,0.1
发票审核失败怎么办,标准流程：优惠券不可兑换成现金或开具发票金额，必要时联系人工客服协助。,0.1
发货太慢怎么催,SOP：当用户收不到短信验证码时，先检查手机号绑定状态，再切换邮箱验证或联系客服处理，完成后更新工单状态。,0.1
帮我看看发货太慢怎么催该怎么办,如需申请发票，可在订单完成后进入发票中心提交信息。,0.1
请教一下订单完成后怎么补开发票要怎么解决,会员权益可在个人中心查看有效期和使用说明,0.1
优惠券过期了还能恢复吗应该怎么弄,处理规则：订单完成后如需开票，可在发票中心申请电子发票，必要时联系人工客服协助。,0.1
电子发票在哪里下载如何处理,订单支付成功后可在订单详情页查看物流进度，必要时联系人工客服协助。,0.1
想问下店铺券和平台券怎么一起用有没有处理办法,支付成功后订单状态将在短时间内更新为待发货,0.1
我想知道发货太慢怎么催怎么处理,部分订单需在交易完成后才能进入开票流程，未完成订单暂不支持申请发票,0.1
麻烦问一下领了优惠券结算时不生效要怎么解决,订单完成后如需开票，可在发票中心申请电子发票,0.1
帮我看看优惠券为什么用不了如何处理,用户可在个人中心修改昵称、头像和收货地址，完成后更新工单状态。,0.1
订单想退款怎么操作,商家可在后台查看售后工单处理时长统计,0.1
麻烦问一下手机号换了收不到验证码怎么办,当支付失败时，先确认支付渠道余额和限额，再更换支付方式重新付款,0.1
咨询一下收到货不满意可以退吗要怎么解决,当支付失败后订单仍保留时，需在有效期内重新支付，否则订单将自动取消,0.1
咨询一下手机号换了收不到验证码怎么办,管理员可以在后台查询用户最近七天的登录日志,0.1
咨询一下微信支付后状态一直未更新怎么办,标准流程：商家审核通过后需在规定时间内寄回商品，否则退款申请可能关闭，必要时联系人工客服协助。,0.1
优惠券过期了还能恢复吗,SOP：订单完成后如需开票，可在发票中心申请电子发票，完成后更新工单状态。,0.1
请教一下企业发票怎么开怎么处理,标准流程：当用户收不到短信验证码时，先检查手机号绑定状态，再切换邮箱验证或联系客服处理，并在系统中记录处理结果。,0.1
麻烦问一下地址填错了还能改吗,处理规则：优惠券需在有效期内并满足使用门槛时才可抵扣，并在系统中记录处理结果。,0.1
发货太慢怎么催,如需申请发票，可在订单完成后进入发票中心提交信息。,0.1
请问验证码登录失败怎么办,SOP：部分订单需在交易完成后才能进入开票流程，未完成订单暂不支持申请发票,0.1
店铺券和平台券怎么一起用有没有处理办法,标准流程：平台介入后会根据聊天记录、物流记录和凭证材料综合判定，必要时联系人工客服协助。,0.1
我想知道领了优惠券结算时不生效有没有处理办法,处理规则：支付成功后订单状态将在短时间内更新为待发货，并在系统中记录处理结果。,0.1
为什么提示不满足优惠条件,SOP：用户可在个人中心修改昵称、头像和收货地址，并在系统中记录处理结果。,0.1
想问下物流一直不更新怎么办,SOP：当扣款成功但订单未更新为已支付时，查询支付回调记录并触发补单流程修正订单状态，必要时联系人工客服协助。,0.1
支付时报错了怎么办,SOP：下单前可先确认收货地址和联系人信息是否填写完整，完成后更新工单状态。,0.1
请问店铺券和平台券怎么一起用,如发票下载链接失效，可在发票记录页重新生成下载链接，并在系统中记录处理结果。,0.1
咨询一下验证码登录失败怎么办,标准流程：为提升账号安全性，建议用户定期修改密码并开启二次验证,0.1
请问快递显示签收但我没收到怎么办,处理规则：首次注册成功后建议完善个人资料和收货地址，必要时联系人工客服协助。,0.1
验证码登录失败怎么办,处理规则：为提升账号安全性，建议用户定期修改密码并开启二次验证，完成后更新工单状态。,0.1
请教一下订单支付失败怎么办,标准流程：订单详情页可查看物流单号并跳转到承运商页面查询，必要时联系人工客服协助。,0.1
请教一下商品坏了怎么走售后怎么处理,当密码重置仍失败时，可提交人工审核工单，由客服核验身份后恢复账号访问。,0.1
请教一下密码不记得了怎么登录有没有处理办法,处理规则：如快递异常退回仓库，需确认是否重新发货或直接退款，并在系统中记录处理结果。,0.1
想问下支付时优惠券失效了怎么办,商家可在后台配置营销活动起止时间,0.1
帮我看看订单重复扣款怎么退款有没有处理办法,建议处理：下单前可先确认收货地址和联系人信息是否填写完整，必要时联系人工客服协助。,0.1
想问下用户忘记密码登录不了怎么办,建议处理：首次登录时建议完成手机号绑定，便于后续接收安全验证信息,0.1
我想知道地址填错了还能改吗,SOP：当退款发生后，如已开具发票需按规则申请红字发票或作废处理,0.1
咨询一下订单重复扣款怎么退款如何处理,标准流程：商家审核通过后需在规定时间内寄回商品，否则退款申请可能关闭，完成后更新工单状态。,0.1
我想知道领了优惠券结算时不生效如何处理,标准流程：支付成功后订单状态将在短时间内更新为待发货,0.1
麻烦问一下快递异常怎么处理,当退货物流信息填错时，及时修改正确单号并同步给商家以继续售后流程,0.1
麻烦问一下发货太慢怎么催,SOP：如需申请发票，可在订单完成后进入发票中心提交信息。,0.1
咨询一下发票审核失败怎么办,标准流程：若退款原路失败，系统会提示用户补充退款账户信息，必要时联系人工客服协助。,0.1
密码不记得了怎么登录要怎么解决,当用户需要修改头像时，可在个人资料页上传新的头像图片,0.1
帮我看看商家拒绝退款怎么办,SOP：如绑定手机号已失效，可走账户资料核验流程重新绑定新手机号。,0.1
我想知道发货太慢怎么催应该怎么弄,处理规则：部分订单需在交易完成后才能进入开票流程，未完成订单暂不支持申请发票,0.1
麻烦问一下电子发票在哪里下载有没有处理办法,当页面显示未支付但支付已成功时，以支付流水为准进行订单状态校正,0.1
想问下发货太慢怎么催怎么处理,处理规则：优惠券需在有效期内并满足使用门槛时才可抵扣，完成后更新工单状态。,0.1
支付宝支付失败怎么办,标准流程：纸质发票如需邮寄，请确认邮寄地址和联系人信息无误，完成后更新工单状态。,0.1
请教一下支付时优惠券失效了怎么办,当系统提示密码错误时，引导用户确认账号信息后使用找回密码流程重置密码，并在系统中记录处理结果。,0.1
想问下领了优惠券结算时不生效怎么处理,处理规则：当用户申请退款时，在订单详情页提交退款原因并等待商家审核，审核通过后原路退款,0.1
帮我看看支付成功但页面显示未支付怎么办,订单完成后可在发票中心提交开票信息，审核通过后生成电子发票并发送到预留邮箱,0.1
我想知道售后申请被拒绝怎么办,建议处理：部分优惠券仅限特定类目、商家或支付方式使用，需查看券面说明。,0.1
麻烦问一下支付时报错了怎么办,处理规则：下单前可先确认收货地址和联系人信息是否填写完整，完成后更新工单状态。,0.1
地址填错了还能改吗,标准流程：当退款发生后，如已开具发票需按规则申请红字发票或作废处理，并在系统中记录处理结果。,0.1
商品有问题怎么退货应该怎么弄,处理规则：会员用户可享受部分商品的运费减免权益，完成后更新工单状态。,0.1
麻烦问一下订单支付失败怎么办,标准流程：使用优惠券前请确认订单金额是否满足使用门槛。,0.1
请教一下新人券不能使用怎么处理,支付成功后订单状态将在短时间内更新为待发货。,0.1
请问售后申请被拒绝怎么办,处理规则：当页面显示未支付但支付已成功时，以支付流水为准进行订单状态校正。,0.1
验证码登录失败怎么办,建议处理：为提升账号安全性，建议用户定期修改密码并开启二次验证,0.1
订单已发货还能拦截吗有没有处理办法,SOP：若支付密码连续输错，可先重置支付密码后再尝试完成付款。,0.1
我想知道微信支付后状态一直未更新怎么办,商家审核通过后需在规定时间内寄回商品，否则退款申请可能关闭,0.1
发货太慢怎么催,处理规则：部分订单需在交易完成后才能进入开票流程，未完成订单暂不支持申请发票,0.1
请教一下订单支付失败怎么办,下单前可先确认收货地址和联系人信息是否填写完整。,0.1
帮我看看优惠券过期了还能恢复吗如何处理,订单完成后如需开票，可在发票中心申请电子发票,0.1
售后申请被拒绝怎么办,处理规则：当页面显示未支付但支付已成功时，以支付流水为准进行订单状态校正，完成后更新工单状态。,0.1
请问优惠券被回收了怎么办,SOP：当发货前发现地址填写错误时，可在商家发货前申请修改收货地址，完成后更新工单状态。,0.1
请问为什么提示不满足优惠条件应该怎么弄,SOP：签收后七天内可申请无理由退货，超出时限需按商品规则处理，必要时联系人工客服协助。,0.1
手机号换了收不到验证码怎么办,标准流程：首次登录时建议完成手机号绑定，便于后续接收安全验证信息,0.1
我想知道收到货不满意可以退吗,当支付失败后订单仍保留时，需在有效期内重新支付，否则订单将自动取消。,0.1
请问退款后发票怎么处理,修改登录密码后建议重新登录所有设备,0.1
商品有问题怎么退货,建议处理：会员用户可享受部分商品的运费减免权益，必要时联系人工客服协助。,0.1
麻烦问一下发票审核失败怎么办,建议处理：若退款原路失败，系统会提示用户补充退款账户信息，完成后更新工单状态。,0.1
请问支付成功但页面显示未支付怎么办,标准流程：如需开具发票，可在订单完成后提交发票申请，并在系统中记录处理结果。,0.1
咨询一下退款后发票怎么处理,标准流程：当登录需要二次验证时，校验绑定手机或邮箱验证码，验证通过后允许登录，必要时联系人工客服协助。,0.1
帮我看看订单支付失败怎么办,如需开具发票，可在订单完成后提交发票申请,0.1
我想知道发货太慢怎么催怎么处理,部分订单需在交易完成后才能进入开票流程，未完成订单暂不支持申请发票，完成后更新工单状态。,0.1
帮我看看支付时报错了怎么办,如需开具发票，可在订单完成后提交发票申请,0.1
订单完成后怎么补开发票有没有处理办法,处理规则：如需退款，请在订单详情页提交售后申请，完成后更新工单状态。,0.1
想问下验证码登录失败怎么办,SOP：当满减券不生效时，检查结算商品是否参与活动以及是否已达到最低使用门槛，必要时联系人工客服协助。,0.1
想问下退款后发票怎么处理,修改登录密码后建议重新登录所有设备,0.1
咨询一下订单支付失败怎么办,如需开具发票，可在订单完成后提交发票申请,0.1
想问下发货太慢怎么催怎么处理,处理规则：优惠券需在有效期内并满足使用门槛时才可抵扣，必要时联系人工客服协助。,0.1
想问下支付时优惠券失效了怎么办,建议处理：商家可在后台配置营销活动起止时间,0.1
咨询一下手机号换了收不到验证码怎么办,SOP：当支付失败时，先确认支付渠道余额和限额，再更换支付方式重新付款，完成后更新工单状态。,0.1
帮我看看银行卡扣款了但订单没生成怎么办,当用户收不到短信验证码时，先检查手机号绑定状态，再切换邮箱验证或联系客服处理，并在系统中记录处理结果。,0.1
帮我看看领了优惠券结算时不生效应该怎么弄,当发票抬头填写错误时，在未开票前可修改抬头信息，已开票需申请红冲后重新开具,0.1
支付时优惠券失效了怎么办,建议处理：商家可在后台配置营销活动起止时间,0.1
我想知道企业发票怎么开,建议处理：优惠券不可兑换成现金或开具发票金额，完成后更新工单状态。,0.1
我想知道退款一直没到账怎么处理,处理规则：收货地址填写错误时可在商家发货前申请修改,0.1
快递显示签收但我没收到怎么办,处理规则：首次注册成功后建议完善个人资料和收货地址，必要时联系人工客服协助。,0.1
登录时一直提示密码不对怎么办,建议处理：当订单已发货但需拦截时，联系商家发起物流拦截申请，拦截成功后再安排退款或重发，完成后更新工单状态。,0.1
请教一下新人券不能使用怎么处理,建议处理：支付成功后订单状态将在短时间内更新为待发货,0.1
帮我看看手机号换了收不到验证码怎么办,处理规则：管理员可以在后台查询用户最近七天的登录日志,0.1
支付时报错了怎么办,建议处理：如需开具发票，可在订单完成后提交发票申请，并在系统中记录处理结果。,0.1
帮我看看手机号换了收不到验证码怎么办,首次登录时建议完成手机号绑定，便于后续接收安全验证信息,0.1
请教一下商品坏了怎么走售后有没有处理办法,当密码重置仍失败时，可提交人工审核工单，由客服核验身份后恢复账号访问,0.1
请教一下退款一直没到账怎么处理,收货地址填写错误时可在商家发货前申请修改,0.1
我想知道优惠券被回收了怎么办,当发货前发现地址填写错误时，可在商家发货前申请修改收货地址,0.1
请问物流一直不更新怎么办,建议处理：当扣款成功但订单未更新为已支付时，查询支付回调记录并触发补单流程修正订单状态，完成后更新工单状态。,0.1
请教一下优惠券被回收了怎么办,当发货前发现地址填写错误时，可在商家发货前申请修改收货地址,0.1
麻烦问一下发货太慢怎么催,如需申请发票，可在订单完成后进入发票中心提交信息。,0.1
咨询一下手机号换了收不到验证码怎么办,标准流程：管理员可以在后台查询用户最近七天的登录日志，必要时联系人工客服协助。,0.1
帮我看看地址填错了还能改吗,建议处理：优惠券需在有效期内并满足使用门槛时才可抵扣。,0.1
想问下验证码登录失败怎么办,部分订单需在交易完成后才能进入开票流程，未完成订单暂不支持申请发票,0.1
我想知道订单支付失败怎么办,下单前可先确认收货地址和联系人信息是否填写完整,0.1
请教一下连续输错密码后无法登录怎么办,标准流程：当用户需要修改头像时，可在个人资料页上传新的头像图片，并在系统中记录处理结果。,0.1
下单付款时提示风控拦截怎么办,订单提交成功后可在订单详情页查看物流信息。,0.1
咨询一下用户无法登录系统怎么处理,建议处理：若支付密码连续输错，可先重置支付密码后再尝试完成付款，并在系统中记录处理结果。,0.1
麻烦问一下密码不记得了怎么登录如何处理,标准流程：当用户需要修改头像时，可在个人资料页上传新的头像图片,0.1
想问下订单想退款怎么操作,标准流程：收货地址填写错误时可在商家发货前申请修改,0.2
想问下物流一直不更新怎么办,标准流程：退货退款时需要在售后页面填写退货物流单号，完成后更新工单状态。,0.2
想问下发票审核失败怎么办,建议处理：当出现重复扣款时，核对支付流水后发起原路退款，仅保留一笔有效订单，必要时联系人工客服协助。,0.2
帮我看看怎么申请退款怎么处理,若邮箱未激活导致验证失败，需先完成邮箱激活后再尝试登录,0.2
请问怎么查物流应该怎么弄,处理规则：当发票抬头填写错误时，在未开票前可修改抬头信息，已开票需申请红冲后重新开具。,0.2
请问付款后订单一直没成功怎么处理,标准流程：若商品已使用或影响二次销售，平台可能不支持无理由退货，并在系统中记录处理结果。,0.2
请教一下银行卡扣款了但订单没生成怎么办,标准流程：若购物车内含不参与活动商品，可能导致整单无法使用指定优惠券，完成后更新工单状态。,0.2
想问下支付页面卡住了怎么处理,如需开具发票，可在订单完成后提交发票申请,0.2
帮我看看优惠券为什么用不了如何处理,订单完成后如需开票，可在发票中心申请电子发票，并在系统中记录处理结果。,0.2
想问下优惠券过期了还能恢复吗怎么处理,签收后七天内可申请无理由退货，超出时限需按商品规则处理,0.2
麻烦问一下发票邮箱填错了怎么改应该怎么弄,处理规则：如需退款，请在订单详情页提交售后申请，必要时联系人工客服协助。,0.2
电子发票在哪里下载,如需退款，请在订单详情页提交售后申请，完成后更新工单状态。,0.2
请问发票邮箱填错了怎么改要怎么解决,处理规则：若支付密码连续输错，可先重置支付密码后再尝试完成付款，完成后更新工单状态。,0.2
满减券不能用怎么办,当用户忘记密码时，点击忘记密码按钮并完成身份校验后重置密码，恢复账号访问,0.2
帮我看看登录提示需要身份验证怎么处理,SOP：如发票下载链接失效，可在发票记录页重新生成下载链接，完成后更新工单状态。,0.2
支付页面卡住了怎么处理,处理规则：如需开具发票，可在订单完成后提交发票申请，完成后更新工单状态。,0.2
请问活动价和优惠券能叠加吗该怎么办,处理规则：用户可在个人中心修改昵称、头像和收货地址，必要时联系人工客服协助。,0.2
新人券不能使用怎么处理,商家可在后台配置营销活动起止时间，并在系统中记录处理结果。,0.2
帮我看看登录提示需要身份验证怎么处理,标准流程：如发票下载链接失效，可在发票记录页重新生成下载链接，必要时联系人工客服协助。,0.2
麻烦问一下包裹丢了怎么处理,支付失败时请确认支付方式余额和网络状态,0.2
想问下用户无法登录系统怎么处理,建议处理：登录成功后可在设置页面查看最近登录设备记录，必要时联系人工客服协助。,0.2
咨询一下物流一直不更新怎么办,建议处理：当满减券不生效时，检查结算商品是否参与活动以及是否已达到最低使用门槛。,0.2
咨询一下商品有问题怎么退货该怎么办,建议处理：活动价格和优惠券是否可叠加需按具体促销规则判断。,0.2
优惠券为什么用不了要怎么解决,平台介入后会根据聊天记录、物流记录和凭证材料综合判定。,0.2
我想知道付款后订单一直没成功怎么处理,处理规则：使用优惠券前请确认订单金额是否满足使用门槛，必要时联系人工客服协助。,0.2
我想知道地址填错了还能改吗,建议处理：当退款迟迟未到账时，先核对退款状态和原支付渠道到账周期，超时后联系客服处理，完成后更新工单状态。,0.2
帮我看看发票抬头填错了怎么办,SOP：如需退款，请在订单详情页提交售后申请，并在系统中记录处理结果。,0.2
帮我看看支付宝支付失败怎么办,建议处理：优惠券到账可能存在延迟，可稍后刷新页面再次查看。,0.2
请问优惠券为什么用不了,平台介入后会根据聊天记录、物流记录和凭证材料综合判定，必要时联系人工客服协助。,0.2
请问订单想退款怎么操作,标准流程：收货地址填写错误时可在商家发货前申请修改,0.2
退款审核要多久要怎么解决,标准流程：若优惠券被系统回收，可能与订单取消、退款或违规活动有关，完成后更新工单状态。,0.2
连续输错密码后无法登录怎么办,当支付失败后订单仍保留时，需在有效期内重新支付，否则订单将自动取消,0.2
退货物流填错了怎么办,建议处理：企业发票需填写公司名称、税号等开票信息，审核通过后方可开具。,0.2
咨询一下支付宝支付失败怎么办,建议处理：商家可在后台查看每日订单成交统计数据，完成后更新工单状态。,0.2
请教一下登录提示需要身份验证怎么处理,标准流程：登录成功后可在设置页面查看最近登录设备记录，并在系统中记录处理结果。,0.2
想问下付款后订单一直没成功怎么处理,处理规则：当用户登录失败时，检查网络状态、客户端版本和缓存，再重新尝试登录，并在系统中记录处理结果。,0.2
收到货不满意可以退吗该怎么办,收货地址填写错误时可在商家发货前申请修改。,0.2
帮我看看连续输错密码后无法登录怎么办,处理规则：当支付失败后订单仍保留时，需在有效期内重新支付，否则订单将自动取消，必要时联系人工客服协助。,0.2
咨询一下支付页面卡住了怎么处理,处理规则：如需开具发票，可在订单完成后提交发票申请，必要时联系人工客服协助。,0.2
咨询一下订单完成后怎么补开发票,建议处理：当支付失败后订单仍保留时，需在有效期内重新支付，否则订单将自动取消，完成后更新工单状态。,0.2
想问下包裹丢了怎么处理,处理规则：部分优惠券仅限特定类目、商家或支付方式使用，需查看券面说明，并在系统中记录处理结果。,0.2
发票邮箱填错了怎么改,当售后被拒绝时，可根据拒绝原因补充凭证后再次提交或申请平台介入,0.2
帮我看看商家拒绝退款怎么办,处理规则：商家可在后台查看售后工单处理时长统计，完成后更新工单状态。,0.2
请教一下什么时候发货应该怎么弄,如订单已退款成功，相关物流单号将不再继续更新，并在系统中记录处理结果。,0.2
咨询一下用户忘记密码登录不了怎么办,处理规则：当出现重复扣款时，核对支付流水后发起原路退款，仅保留一笔有效订单。,0.2
请教一下发票金额和订单不一致怎么办,SOP：活动价格和优惠券是否可叠加需按具体促销规则判断。,0.2
咨询一下活动价和优惠券能叠加吗如何处理,用户可在个人中心修改昵称、头像和收货地址,0.2
登录提示需要身份验证怎么处理,为提升账号安全性，建议用户定期修改密码并开启二次验证,0.2
我想知道物流一直不更新怎么办,标准流程：退货退款时需要在售后页面填写退货物流单号，完成后更新工单状态。,0.2
麻烦问一下商品有问题怎么退货要怎么解决,活动价格和优惠券是否可叠加需按具体促销规则判断。,0.2
支付宝支付失败怎么办,建议处理：使用优惠券前请确认订单金额是否满足使用门槛。,0.2
我想知道密码不记得了怎么登录要怎么解决,处理规则：当支付失败后订单仍保留时，需在有效期内重新支付，否则订单将自动取消，完成后更新工单状态。,0.2
想问下发票邮箱填错了怎么改,处理规则：修改登录密码后建议重新登录所有设备，完成后更新工单状态。,0.2
帮我看看发票审核失败怎么办,订单支付成功后可在订单详情页查看物流进度,0.2
麻烦问一下银行卡扣款了但订单没生成怎么办,标准流程：若购物车内含不参与活动商品，可能导致整单无法使用指定优惠券，完成后更新工单状态。,0.2
咨询一下电子发票在哪里下载怎么处理,处理规则：如需退款，请在订单详情页提交售后申请,0.2
咨询一下发票邮箱填错了怎么改要怎么解决,SOP：修改登录密码后建议重新登录所有设备。,0.2
咨询一下银行卡扣款了但订单没生成怎么办,建议处理：使用优惠券前请确认订单金额是否满足使用门槛。,0.2
帮我看看满减券不能用怎么办,建议处理：用户可在个人中心修改昵称、头像和收货地址，必要时联系人工客服协助。,0.2
想问下包裹丢了怎么处理,SOP：当登录需要二次验证时，校验绑定手机或邮箱验证码，验证通过后允许登录。,0.2
请教一下包裹丢了怎么处理,标准流程：支付失败时请确认支付方式余额和网络状态,0.2
我想知道登录提示需要身份验证怎么处理,建议处理：为提升账号安全性，建议用户定期修改密码并开启二次验证，完成后更新工单状态。,0.2
满减券不能用怎么办,当用户忘记密码时，点击忘记密码按钮并完成身份校验后重置密码，恢复账号访问。,0.2
帮我看看地址填错了还能改吗,当退款迟迟未到账时，先核对退款状态和原支付渠道到账周期，超时后联系客服处理,0.2
商品有问题怎么退货,商家可在后台查看售后工单处理时长统计,0.2
我想知道密码不记得了怎么登录要怎么解决,当支付失败后订单仍保留时，需在有效期内重新支付，否则订单将自动取消,0.2
我想知道下单付款时提示风控拦截怎么办,处理规则：部分优惠券仅限特定类目、商家或支付方式使用，需查看券面说明，必要时联系人工客服协助。,0.2
帮我看看快递显示签收但我没收到怎么办,当出现重复扣款时，核对支付流水后发起原路退款，仅保留一笔有效订单,0.2
用户无法登录系统怎么处理,建议处理：企业发票需填写公司名称、税号等开票信息，审核通过后方可开具,0.2
我想知道优惠券过期了还能恢复吗如何处理,处理规则：商品签收后七天内可按规则申请退货退款，必要时联系人工客服协助。,0.2
咨询一下包裹丢了怎么处理,部分优惠券仅限特定类目、商家或支付方式使用，需查看券面说明,0.2
麻烦问一下支付时报错了怎么办,使用优惠券前请确认订单金额是否满足使用门槛，完成后更新工单状态。,0.2
帮我看看优惠券为什么用不了应该怎么弄,建议处理：平台介入后会根据聊天记录、物流记录和凭证材料综合判定，完成后更新工单状态。,0.2
帮我看看支付宝支付失败怎么办,建议处理：商家可在后台查看每日订单成交统计数据。,0.2
请问退款审核要多久怎么处理,会员用户可享受部分商品的运费减免权益,0.2
请问商品坏了怎么走售后怎么处理,处理规则：商家可在后台查看售后工单处理时长统计,0.2
咨询一下物流一直不更新怎么办,退货退款时需要在售后页面填写退货物流单号,0.2
优惠券为什么用不了,SOP：订单完成后如需开票，可在发票中心申请电子发票，必要时联系人工客服协助。,0.2
咨询一下发票抬头填错了怎么办,处理规则：如快递异常退回仓库，需确认是否重新发货或直接退款，必要时联系人工客服协助。,0.2
商家拒绝退款怎么办,会员用户可享受部分商品的运费减免权益，必要时联系人工客服协助。,0.2
我想知道退货物流填错了怎么办,SOP：商家可在后台查看售后工单处理时长统计，必要时联系人工客服协助。,0.2
想问下发票抬头填错了怎么办,如需退款，请在订单详情页提交售后申请，并在系统中记录处理结果。,0.2
怎么申请退款,若邮箱未激活导致验证失败，需先完成邮箱激活后再尝试登录,0.2
帮我看看收到货不满意可以退吗,收货地址填写错误时可在商家发货前申请修改。,0.2
地址填错了还能改吗,当退款迟迟未到账时，先核对退款状态和原支付渠道到账周期，超时后联系客服处理,0.2
咨询一下发票审核失败怎么办,当出现重复扣款时，核对支付流水后发起原路退款，仅保留一笔有效订单,0.2
电子发票在哪里下载该怎么办,如需退款，请在订单详情页提交售后申请,0.2
新人券不能使用怎么处理,商家可在后台配置营销活动起止时间，必要时联系人工客服协助。,0.2
请问优惠券为什么用不了要怎么解决,建议处理：当账号因输错密码次数过多被锁定时，等待解锁时间结束或通过身份验证解锁后重新登录，必要时联系人工客服协助。,0.2
新人券不能使用怎么处理,处理规则：当支付失败后订单仍保留时，需在有效期内重新支付，否则订单将自动取消,0.2
帮我看看为什么提示不满足优惠条件该怎么办,SOP：当用户登录失败时，检查网络状态、客户端版本和缓存，再重新尝试登录，并在系统中记录处理结果。,0.2
请教一下发票邮箱填错了怎么改怎么处理,处理规则：当售后被拒绝时，可根据拒绝原因补充凭证后再次提交或申请平台介入。,0.2
帮我看看满减券不能用怎么办,SOP：当用户忘记密码时，点击忘记密码按钮并完成身份校验后重置密码，恢复账号访问，并在系统中记录处理结果。,0.2
想问下优惠券为什么用不了应该怎么弄,处理规则：当账号因输错密码次数过多被锁定时，等待解锁时间结束或通过身份验证解锁后重新登录，并在系统中记录处理结果。,0.2
我想知道商品有问题怎么退货有没有处理办法,标准流程：活动价格和优惠券是否可叠加需按具体促销规则判断，完成后更新工单状态。,0.2
包裹丢了怎么处理,建议处理：部分优惠券仅限特定类目、商家或支付方式使用，需查看券面说明,0.2
想问下优惠券过期了还能恢复吗怎么处理,标准流程：签收后七天内可申请无理由退货，超出时限需按商品规则处理，完成后更新工单状态。,0.2
想问下优惠券为什么用不了应该怎么弄,建议处理：当账号因输错密码次数过多被锁定时，等待解锁时间结束或通过身份验证解锁后重新登录，必要时联系人工客服协助。,0.2
想问下银行卡扣款了但订单没生成怎么办,SOP：商家可在后台查看每日订单成交统计数据，完成后更新工单状态。,0.2
咨询一下发票邮箱填错了怎么改,标准流程：若支付密码连续输错，可先重置支付密码后再尝试完成付款，并在系统中记录处理结果。,0.2
请教一下退款审核要多久如何处理,若优惠券被系统回收，可能与订单取消、退款或违规活动有关，必要时联系人工客服协助。,0.2
麻烦问一下商品坏了怎么走售后要怎么解决,处理规则：商家可在后台查看售后工单处理时长统计,0.2
发票邮箱填错了怎么改,建议处理：若支付密码连续输错，可先重置支付密码后再尝试完成付款，完成后更新工单状态。,0.2
麻烦问一下商品有问题怎么退货要怎么解决,标准流程：活动价格和优惠券是否可叠加需按具体促销规则判断，完成后更新工单状态。,0.2
我想知道退货物流填错了怎么办,处理规则：商家可在后台查看售后工单处理时长统计，并在系统中记录处理结果。,0.2
支付宝支付失败怎么办,建议处理：优惠券到账可能存在延迟，可稍后刷新页面再次查看，完成后更新工单状态。,0.2
帮我看看发票邮箱填错了怎么改怎么处理,如需退款，请在订单详情页提交售后申请，完成后更新工单状态。,0.2
请问支付宝支付失败怎么办,使用优惠券前请确认订单金额是否满足使用门槛，必要时联系人工客服协助。,0.2
付款后订单一直没成功怎么处理,处理规则：使用优惠券前请确认订单金额是否满足使用门槛，必要时联系人工客服协助。,0.2
发票邮箱填错了怎么改,标准流程：若支付密码连续输错，可先重置支付密码后再尝试完成付款，并在系统中记录处理结果。,0.2
帮我看看什么时候发货,处理规则：如订单已退款成功，相关物流单号将不再继续更新。,0.2
想问下订单完成后怎么补开发票怎么处理,标准流程：当支付失败后订单仍保留时，需在有效期内重新支付，否则订单将自动取消。,0.2
咨询一下物流一直不更新怎么办,标准流程：退货退款时需要在售后页面填写退货物流单号，完成后更新工单状态。,0.2
请教一下满减券不能用怎么办,处理规则：用户可在个人中心修改昵称、头像和收货地址,0.2
地址填错了还能改吗,建议处理：当退款迟迟未到账时，先核对退款状态和原支付渠道到账周期，超时后联系客服处理，并在系统中记录处理结果。,0.2
付款后订单一直没成功怎么处理,SOP：若商品已使用或影响二次销售，平台可能不支持无理由退货，必要时联系人工客服协助。,0.2
麻烦问一下银行卡扣款了但订单没生成怎么办,若购物车内含不参与活动商品，可能导致整单无法使用指定优惠券,0.2
请教一下订单想退款怎么操作,收货地址填写错误时可在商家发货前申请修改,0.2
咨询一下商品坏了怎么走售后怎么处理,建议处理：会员用户可享受部分商品的运费减免权益，必要时联系人工客服协助。,0.2
麻烦问一下优惠券过期了还能恢复吗,建议处理：签收后七天内可申请无理由退货，超出时限需按商品规则处理，必要时联系人工客服协助。,0.2
退货物流填错了怎么办,企业发票需填写公司名称、税号等开票信息，审核通过后方可开具,0.2
想问下银行卡扣款了但订单没生成怎么办,建议处理：使用优惠券前请确认订单金额是否满足使用门槛。,0.2
请教一下包裹丢了怎么处理,支付失败时请确认支付方式余额和网络状态，并在系统中记录处理结果。,0.2
请问优惠券为什么用不了,平台介入后会根据聊天记录、物流记录和凭证材料综合判定。,0.2
我想知道付款后订单一直没成功怎么处理,处理规则：若商品已使用或影响二次销售，平台可能不支持无理由退货。,0.2
我想知道付款后订单一直没成功怎么处理,使用优惠券前请确认订单金额是否满足使用门槛,0.2
麻烦问一下新人券不能使用怎么处理,商家可在后台配置营销活动起止时间,0.2
咨询一下怎么查物流怎么处理,建议处理：当发票抬头填写错误时，在未开票前可修改抬头信息，已开票需申请红冲后重新开具。,0.2
订单完成后怎么补开发票,当支付失败后订单仍保留时，需在有效期内重新支付，否则订单将自动取消,0.2
请问满减券不能用怎么办,建议处理：用户可在个人中心修改昵称、头像和收货地址，必要时联系人工客服协助。,0.2
我想知道发票邮箱填错了怎么改,建议处理：当售后被拒绝时，可根据拒绝原因补充凭证后再次提交或申请平台介入,0.2
帮我看看地址填错了还能改吗,当退款迟迟未到账时，先核对退款状态和原支付渠道到账周期，超时后联系客服处理，完成后更新工单状态。,0.2
麻烦问一下下单付款时提示风控拦截怎么办,部分优惠券仅限特定类目、商家或支付方式使用，需查看券面说明,0.2
咨询一下电子发票在哪里下载怎么处理,如需退款，请在订单详情页提交售后申请,0.2
咨询一下优惠券过期了还能恢复吗应该怎么弄,处理规则：商品签收后七天内可按规则申请退货退款，必要时联系人工客服协助。,0.2
麻烦问一下退货物流填错了怎么办,SOP：商家可在后台查看售后工单处理时长统计，必要时联系人工客服协助。,0.2
我想知道退款审核要多久,处理规则：会员用户可享受部分商品的运费减免权益，必要时联系人工客服协助。,0.2
电子发票在哪里下载,处理规则：如需退款，请在订单详情页提交售后申请,0.2
请问发票邮箱填错了怎么改该怎么办,处理规则：如需退款，请在订单详情页提交售后申请。,0.2
想问下发票抬头填错了怎么办,SOP：如需退款，请在订单详情页提交售后申请，并在系统中记录处理结果。,0.2
请问订单想退款怎么操作,建议处理：收货地址填写错误时可在商家发货前申请修改，必要时联系人工客服协助。,0.2
咨询一下包裹丢了怎么处理,SOP：当登录需要二次验证时，校验绑定手机或邮箱验证码，验证通过后允许登录，完成后更新工单状态。,0.2
麻烦问一下支付宝支付失败怎么办,使用优惠券前请确认订单金额是否满足使用门槛,0.2
支付时报错了怎么办,使用优惠券前请确认订单金额是否满足使用门槛，并在系统中记录处理结果。,0.2
麻烦问一下发票审核失败怎么办,处理规则：当出现重复扣款时，核对支付流水后发起原路退款，仅保留一笔有效订单,0.2
我想知道地址填错了还能改吗,建议处理：当退款迟迟未到账时，先核对退款状态和原支付渠道到账周期，超时后联系客服处理，并在系统中记录处理结果。,0.2
我想知道商品有问题怎么退货有没有处理办法,活动价格和优惠券是否可叠加需按具体促销规则判断,0.2
发票审核失败怎么办,订单支付成功后可在订单详情页查看物流进度,0.2
帮我看看退货物流填错了怎么办,标准流程：企业发票需填写公司名称、税号等开票信息，审核通过后方可开具,0.2
帮我看看用户无法登录系统怎么处理,处理规则：企业发票需填写公司名称、税号等开票信息，审核通过后方可开具，必要时联系人工客服协助。,0.2
发票审核失败怎么办,标准流程：订单支付成功后可在订单详情页查看物流进度，必要时联系人工客服协助。,0.2
麻烦问一下快递显示签收但我没收到怎么办,标准流程：支付失败时请确认支付方式余额和网络状态。,0.2
我想知道物流一直不更新怎么办,退货退款时需要在售后页面填写退货物流单号。,0.2
咨询一下物流一直不更新怎么办,处理规则：当满减券不生效时，检查结算商品是否参与活动以及是否已达到最低使用门槛,0.2
物流一直不更新怎么办,处理规则：当满减券不生效时，检查结算商品是否参与活动以及是否已达到最低使用门槛,0.2
用户忘记密码登录不了怎么办,处理规则：当出现重复扣款时，核对支付流水后发起原路退款，仅保留一笔有效订单。,0.2
咨询一下银行卡扣款了但订单没生成怎么办,处理规则：若购物车内含不参与活动商品，可能导致整单无法使用指定优惠券，完成后更新工单状态。,0.2
请教一下订单想退款怎么操作,建议处理：收货地址填写错误时可在商家发货前申请修改，必要时联系人工客服协助。,0.2
请问活动价和优惠券能叠加吗该怎么办,建议处理：用户可在个人中心修改昵称、头像和收货地址，并在系统中记录处理结果。,0.2
帮我看看包裹丢了怎么处理,SOP：当登录需要二次验证时，校验绑定手机或邮箱验证码，验证通过后允许登录，完成后更新工单状态。,0.2
想问下发票审核失败怎么办,当出现重复扣款时，核对支付流水后发起原路退款，仅保留一笔有效订单，完成后更新工单状态。,0.2
订单完成后怎么补开发票,标准流程：当支付失败后订单仍保留时，需在有效期内重新支付，否则订单将自动取消,0.2
帮我看看用户无法登录系统怎么处理,登录成功后可在设置页面查看最近登录设备记录，完成后更新工单状态。,0.2
咨询一下用户无法登录系统怎么处理,登录成功后可在设置页面查看最近登录设备记录，完成后更新工单状态。,0.2
我想知道用户忘记密码登录不了怎么办,建议处理：为提升账号安全性，建议用户定期修改密码并开启二次验证，并在系统中记录处理结果。,0.2
请教一下银行卡扣款了但订单没生成怎么办,建议处理：使用优惠券前请确认订单金额是否满足使用门槛,0.2
下单付款时提示风控拦截怎么办,处理规则：部分优惠券仅限特定类目、商家或支付方式使用，需查看券面说明，必要时联系人工客服协助。,0.2
咨询一下发票抬头填错了怎么办,标准流程：如需退款，请在订单详情页提交售后申请，完成后更新工单状态。,0.2
帮我看看物流一直不更新怎么办,处理规则：当满减券不生效时，检查结算商品是否参与活动以及是否已达到最低使用门槛,0.2
优惠券被回收了怎么办,商家可在后台配置营销活动起止时间，并在系统中记录处理结果。,0.2
帮我看看包裹丢了怎么处理,SOP：当登录需要二次验证时，校验绑定手机或邮箱验证码，验证通过后允许登录。,0.2
请问用户无法登录系统怎么处理,建议处理：企业发票需填写公司名称、税号等开票信息，审核通过后方可开具,0.2
登录提示需要身份验证怎么处理,登录成功后可在设置页面查看最近登录设备记录,0.2
退款审核要多久,标准流程：会员用户可享受部分商品的运费减免权益，并在系统中记录处理结果。,0.2
帮我看看用户无法登录系统怎么处理,企业发票需填写公司名称、税号等开票信息，审核通过后方可开具,0.2
咨询一下支付页面卡住了怎么处理,SOP：如需开具发票，可在订单完成后提交发票申请。,0.2
帮我看看商品坏了怎么走售后如何处理,建议处理：会员用户可享受部分商品的运费减免权益，必要时联系人工客服协助。,0.2
请教一下怎么查物流要怎么解决,当密码重置仍失败时，可提交人工审核工单，由客服核验身份后恢复账号访问,0.2
请问退款审核要多久怎么处理,会员用户可享受部分商品的运费减免权益，并在系统中记录处理结果。,0.2
发票邮箱填错了怎么改,修改登录密码后建议重新登录所有设备,0.2
支付宝支付失败怎么办,处理规则：商家可在后台查看每日订单成交统计数据，完成后更新工单状态。,0.2
帮我看看发票审核失败怎么办,处理规则：如需退款，请在订单详情页提交售后申请，并在系统中记录处理结果。,0.2
想问下物流一直不更新怎么办,处理规则：退货退款时需要在售后页面填写退货物流单号,0.2
咨询一下发票邮箱填错了怎么改要怎么解决,修改登录密码后建议重新登录所有设备,0.2
请教一下新人券不能使用怎么处理,商家可在后台配置营销活动起止时间，并在系统中记录处理结果。,0.2
麻烦问一下退货物流填错了怎么办,SOP：商家可在后台查看售后工单处理时长统计，完成后更新工单状态。,0.2
咨询一下发票金额和订单不一致怎么办,SOP：活动价格和优惠券是否可叠加需按具体促销规则判断。,0.2
请教一下用户忘记密码登录不了怎么办,当出现重复扣款时，核对支付流水后发起原路退款，仅保留一笔有效订单,0.2
我想知道登录提示需要身份验证怎么处理,SOP：登录成功后可在设置页面查看最近登录设备记录，并在系统中记录处理结果。,0.2
咨询一下支付时报错了怎么办,使用优惠券前请确认订单金额是否满足使用门槛,0.2
请教一下快递显示签收但我没收到怎么办,标准流程：支付失败时请确认支付方式余额和网络状态，完成后更新工单状态。,0.2
请教一下发票审核失败怎么办,处理规则：如需退款，请在订单详情页提交售后申请，并在系统中记录处理结果。,0.2
咨询一下支付宝支付失败怎么办,建议处理：如需开具发票，可在订单完成后提交发票申请，并在系统中记录处理结果。,0.2
帮我看看支付时优惠券失效了怎么办,当支付失败时，先确认支付渠道余额和限额，再更换支付方式重新付款，并在系统中记录处理结果。,0.2
退货物流填错了怎么办,商家可在后台查看售后工单处理时长统计，完成后更新工单状态。,0.2
发票金额和订单不一致怎么办,活动价格和优惠券是否可叠加需按具体促销规则判断,0.2
想问下包裹丢了怎么处理,建议处理：部分优惠券仅限特定类目、商家或支付方式使用，需查看券面说明,0.2
帮我看看物流一直不更新怎么办,当满减券不生效时，检查结算商品是否参与活动以及是否已达到最低使用门槛,0.2
帮我看看发票邮箱填错了怎么改怎么处理,标准流程：如需退款，请在订单详情页提交售后申请，并在系统中记录处理结果。,0.2
咨询一下商品坏了怎么走售后怎么处理,SOP：会员用户可享受部分商品的运费减免权益，完成后更新工单状态。,0.2
麻烦问一下优惠券被回收了怎么办,商家可在后台配置营销活动起止时间，并在系统中记录处理结果。,0.2
支付宝支付失败怎么办,建议处理：优惠券到账可能存在延迟，可稍后刷新页面再次查看,0.2
咨询一下快递显示签收但我没收到怎么办,处理规则：当出现重复扣款时，核对支付流水后发起原路退款，仅保留一笔有效订单，并在系统中记录处理结果。,0.2
请问登录提示需要身份验证怎么处理,建议处理：为提升账号安全性，建议用户定期修改密码并开启二次验证，完成后更新工单状态。,0.2
麻烦问一下支付时优惠券失效了怎么办,处理规则：当支付失败时，先确认支付渠道余额和限额，再更换支付方式重新付款,0.2
怎么申请退款,标准流程：若邮箱未激活导致验证失败，需先完成邮箱激活后再尝试登录，必要时联系人工客服协助。,0.2
请问为什么提示不满足优惠条件,当用户登录失败时，检查网络状态、客户端版本和缓存，再重新尝试登录,0.2
想问下支付页面卡住了怎么处理,SOP：如需开具发票，可在订单完成后提交发票申请。,0.2
帮我看看付款后订单一直没成功怎么处理,标准流程：下单前可先确认收货地址和联系人信息是否填写完整,0.2
帮我看看快递显示签收但我没收到怎么办,SOP：当出现重复扣款时，核对支付流水后发起原路退款，仅保留一笔有效订单,0.2
我想知道新人券不能使用怎么处理,当支付失败后订单仍保留时，需在有效期内重新支付，否则订单将自动取消,0.2
商品有问题怎么退货,SOP：商家可在后台查看售后工单处理时长统计。,0.2
请教一下付款后订单一直没成功怎么处理,标准流程：下单前可先确认收货地址和联系人信息是否填写完整。,0.2
支付时报错了怎么办,使用优惠券前请确认订单金额是否满足使用门槛,0.2
麻烦问一下优惠券过期了还能恢复吗,标准流程：签收后七天内可申请无理由退货，超出时限需按商品规则处理，完成后更新工单状态。,0.2
咨询一下付款后订单一直没成功怎么处理,使用优惠券前请确认订单金额是否满足使用门槛,0.2
我想知道登录提示需要身份验证怎么处理,SOP：如发票下载链接失效，可在发票记录页重新生成下载链接，完成后更新工单状态。,0.2
发票邮箱填错了怎么改,SOP：修改登录密码后建议重新登录所有设备。,0.2
请教一下新人券不能使用怎么处理,建议处理：当支付失败后订单仍保留时，需在有效期内重新支付，否则订单将自动取消，并在系统中记录处理结果。,0.2
帮我看看怎么申请退款怎么处理,标准流程：若邮箱未激活导致验证失败，需先完成邮箱激活后再尝试登录，必要时联系人工客服协助。,0.2
我想知道商品有问题怎么退货要怎么解决,SOP：商家可在后台查看售后工单处理时长统计。,0.2
我想知道新人券不能使用怎么处理,建议处理：当支付失败后订单仍保留时，需在有效期内重新支付，否则订单将自动取消，并在系统中记录处理结果。,0.2
优惠券为什么用不了,SOP：当账号因输错密码次数过多被锁定时，等待解锁时间结束或通过身份验证解锁后重新登录,0.2
帮我看看付款后订单一直没成功怎么处理,下单前可先确认收货地址和联系人信息是否填写完整,0.2
请问发票邮箱填错了怎么改要怎么解决,若支付密码连续输错，可先重置支付密码后再尝试完成付款,0.2
帮我看看连续输错密码后无法登录怎么办,标准流程：当支付失败后订单仍保留时，需在有效期内重新支付，否则订单将自动取消，必要时联系人工客服协助。,0.2
帮我看看满减券不能用怎么办,标准流程：当用户忘记密码时，点击忘记密码按钮并完成身份校验后重置密码，恢复账号访问，完成后更新工单状态。,0.2
咨询一下包裹丢了怎么处理,当登录需要二次验证时，校验绑定手机或邮箱验证码，验证通过后允许登录,0.2
麻烦问一下为什么提示不满足优惠条件应该怎么弄,建议处理：当用户登录失败时，检查网络状态、客户端版本和缓存，再重新尝试登录，完成后更新工单状态。,0.2
麻烦问一下怎么查物流应该怎么弄,当密码重置仍失败时，可提交人工审核工单，由客服核验身份后恢复账号访问,0.2
我想知道发票邮箱填错了怎么改,处理规则：当售后被拒绝时，可根据拒绝原因补充凭证后再次提交或申请平台介入。,0.2
活动价和优惠券能叠加吗,建议处理：用户可在个人中心修改昵称、头像和收货地址，并在系统中记录处理结果。,0.2
麻烦问一下优惠券被回收了怎么办,SOP：商家可在后台配置营销活动起止时间，并在系统中记录处理结果。,0.2
想问下付款后订单一直没成功怎么处理,当用户登录失败时，检查网络状态、客户端版本和缓存，再重新尝试登录,0.2
密码不记得了怎么登录,当支付失败后订单仍保留时，需在有效期内重新支付，否则订单将自动取消,0.2
麻烦问一下支付时报错了怎么办,使用优惠券前请确认订单金额是否满足使用门槛,0.2
咨询一下银行卡扣款了但订单没生成怎么办,建议处理：使用优惠券前请确认订单金额是否满足使用门槛,0.2
退货物流填错了怎么办,处理规则：商家可在后台查看售后工单处理时长统计，并在系统中记录处理结果。,0.2
请问发票审核失败怎么办,如需退款，请在订单详情页提交售后申请，完成后更新工单状态。,0.2
我想知道支付时优惠券失效了怎么办,当支付失败时，先确认支付渠道余额和限额，再更换支付方式重新付款,0.2
想问下支付宝支付失败怎么办,SOP：如需开具发票，可在订单完成后提交发票申请，必要时联系人工客服协助。,0.2
帮我看看用户无法登录系统怎么处理,建议处理：登录成功后可在设置页面查看最近登录设备记录，必要时联系人工客服协助。,0.2
咨询一下密码不记得了怎么登录怎么处理,建议处理：当支付失败后订单仍保留时，需在有效期内重新支付，否则订单将自动取消。,0.2
想问下商家拒绝退款怎么办,标准流程：会员用户可享受部分商品的运费减免权益。,0.2
快递显示签收但我没收到怎么办,SOP：支付失败时请确认支付方式余额和网络状态，完成后更新工单状态。,0.2
用户忘记密码登录不了怎么办,当出现重复扣款时，核对支付流水后发起原路退款，仅保留一笔有效订单，必要时联系人工客服协助。,0.2
请教一下快递显示签收但我没收到怎么办,支付失败时请确认支付方式余额和网络状态,0.2
麻烦问一下怎么查物流应该怎么弄,SOP：当密码重置仍失败时，可提交人工审核工单，由客服核验身份后恢复账号访问，完成后更新工单状态。,0.2
请问发票邮箱填错了怎么改该怎么办,标准流程：如需退款，请在订单详情页提交售后申请，并在系统中记录处理结果。,0.2
麻烦问一下快递显示签收但我没收到怎么办,标准流程：支付失败时请确认支付方式余额和网络状态，完成后更新工单状态。,0.2
咨询一下支付时报错了怎么办,使用优惠券前请确认订单金额是否满足使用门槛，完成后更新工单状态。,0.2
请问支付宝支付失败怎么办,优惠券到账可能存在延迟，可稍后刷新页面再次查看,0.2
请教一下连续输错密码后无法登录怎么办,SOP：当支付失败后订单仍保留时，需在有效期内重新支付，否则订单将自动取消，完成后更新工单状态。,0.2
请教一下连续输错密码后无法登录怎么办,SOP：当支付失败后订单仍保留时，需在有效期内重新支付，否则订单将自动取消,0.2
请教一下满减券不能用怎么办,SOP：用户可在个人中心修改昵称、头像和收货地址,0.2
请问银行卡扣款了但订单没生成怎么办,SOP：商家可在后台查看每日订单成交统计数据，完成后更新工单状态。,0.2
商家拒绝退款怎么办,商家可在后台查看售后工单处理时长统计，必要时联系人工客服协助。,0.2
支付宝支付失败怎么办,使用优惠券前请确认订单金额是否满足使用门槛,0.2
帮我看看商品坏了怎么走售后应该怎么弄,商家可在后台查看售后工单处理时长统计,0.2
帮我看看发票审核失败怎么办,订单支付成功后可在订单详情页查看物流进度。,0.2
快递显示签收但我没收到怎么办,支付失败时请确认支付方式余额和网络状态,0.2
麻烦问一下用户忘记密码登录不了怎么办,建议处理：为提升账号安全性，建议用户定期修改密码并开启二次验证,0.2
帮我看看商家拒绝退款怎么办,SOP：商家可在后台查看售后工单处理时长统计，完成后更新工单状态。,0.2
支付宝支付失败怎么办,建议处理：商家可在后台查看每日订单成交统计数据。,0.2
咨询一下包裹丢了怎么处理,标准流程：部分优惠券仅限特定类目、商家或支付方式使用，需查看券面说明，并在系统中记录处理结果。,0.2
我想知道退货物流填错了怎么办,建议处理：企业发票需填写公司名称、税号等开票信息，审核通过后方可开具。,0.2
密码不记得了怎么登录,处理规则：当支付失败后订单仍保留时，需在有效期内重新支付，否则订单将自动取消，完成后更新工单状态。,0.2
麻烦问一下发票抬头填错了怎么办,如快递异常退回仓库，需确认是否重新发货或直接退款,0.2
电子发票在哪里下载该怎么办,如需退款，请在订单详情页提交售后申请，完成后更新工单状态。,0.2
新人券不能使用怎么处理,当支付失败后订单仍保留时，需在有效期内重新支付，否则订单将自动取消。,0.2
请问优惠券为什么用不了要怎么解决,当账号因输错密码次数过多被锁定时，等待解锁时间结束或通过身份验证解锁后重新登录,0.2
麻烦问一下优惠券为什么用不了怎么处理,订单完成后如需开票，可在发票中心申请电子发票，必要时联系人工客服协助。,0.2
请教一下银行卡扣款了但订单没生成怎么办,处理规则：若购物车内含不参与活动商品，可能导致整单无法使用指定优惠券，完成后更新工单状态。,0.2
付款后订单一直没成功怎么处理,标准流程：下单前可先确认收货地址和联系人信息是否填写完整。,0.2
咨询一下付款后订单一直没成功怎么处理,当用户登录失败时，检查网络状态、客户端版本和缓存，再重新尝试登录,0.2
包裹丢了怎么处理,支付失败时请确认支付方式余额和网络状态，并在系统中记录处理结果。,0.2
帮我看看怎么查物流如何处理,SOP：当密码重置仍失败时，可提交人工审核工单，由客服核验身份后恢复账号访问,0.2
请问怎么查物流应该怎么弄,当发票抬头填写错误时，在未开票前可修改抬头信息，已开票需申请红冲后重新开具,0.2
麻烦问一下满减券不能用怎么办,SOP：当用户忘记密码时，点击忘记密码按钮并完成身份校验后重置密码，恢复账号访问，并在系统中记录处理结果。,0.2
帮我看看支付宝支付失败怎么办,商家可在后台查看每日订单成交统计数据,0.2
请问满减券不能用怎么办,建议处理：用户可在个人中心修改昵称、头像和收货地址。,0.2
帮我看看支付时优惠券失效了怎么办,建议处理：当支付失败时，先确认支付渠道余额和限额，再更换支付方式重新付款，完成后更新工单状态。,0.2
咨询一下用户忘记密码登录不了怎么办,当出现重复扣款时，核对支付流水后发起原路退款，仅保留一笔有效订单，必要时联系人工客服协助。,0.2
想问下发票审核失败怎么办,建议处理：订单支付成功后可在订单详情页查看物流进度，必要时联系人工客服协助。,0.2
快递显示签收但我没收到怎么办,SOP：当出现重复扣款时，核对支付流水后发起原路退款，仅保留一笔有效订单。,0.2
我想知道退货物流填错了怎么办,企业发票需填写公司名称、税号等开票信息，审核通过后方可开具,0.2
发票金额和订单不一致怎么办,SOP：活动价格和优惠券是否可叠加需按具体促销规则判断,0.2
咨询一下用户无法登录系统怎么处理,建议处理：登录成功后可在设置页面查看最近登录设备记录，必要时联系人工客服协助。,0.2
快递显示签收但我没收到怎么办,处理规则：当出现重复扣款时，核对支付流水后发起原路退款，仅保留一笔有效订单，并在系统中记录处理结果。,0.2
咨询一下付款后订单一直没成功怎么处理,SOP：使用优惠券前请确认订单金额是否满足使用门槛,0.2
麻烦问一下用户忘记密码登录不了怎么办,为提升账号安全性，建议用户定期修改密码并开启二次验证，完成后更新工单状态。,0.2
请教一下付款后订单一直没成功怎么处理,下单前可先确认收货地址和联系人信息是否填写完整,0.2
咨询一下订单完成后怎么补开发票,标准流程：当支付失败后订单仍保留时，需在有效期内重新支付，否则订单将自动取消。,0.2
请问银行卡扣款了但订单没生成怎么办,商家可在后台查看每日订单成交统计数据,0.2
登录提示需要身份验证怎么处理,如发票下载链接失效，可在发票记录页重新生成下载链接，必要时联系人工客服协助。,0.2
优惠券为什么用不了要怎么解决,平台介入后会根据聊天记录、物流记录和凭证材料综合判定,0.2
付款后订单一直没成功怎么处理,处理规则：当用户登录失败时，检查网络状态、客户端版本和缓存，再重新尝试登录，必要时联系人工客服协助。,0.2
我想知道商家拒绝退款怎么办,处理规则：商家可在后台查看售后工单处理时长统计。,0.2
麻烦问一下为什么提示不满足优惠条件应该怎么弄,处理规则：当用户登录失败时，检查网络状态、客户端版本和缓存，再重新尝试登录，并在系统中记录处理结果。,0.2
优惠券为什么用不了,订单完成后如需开票，可在发票中心申请电子发票，并在系统中记录处理结果。,0.2
麻烦问一下商品坏了怎么走售后要怎么解决,建议处理：商家可在后台查看售后工单处理时长统计。,0.2
想问下商家拒绝退款怎么办,会员用户可享受部分商品的运费减免权益,0.2
咨询一下快递显示签收但我没收到怎么办,SOP：当出现重复扣款时，核对支付流水后发起原路退款，仅保留一笔有效订单,0.2
请教一下商家拒绝退款怎么办,会员用户可享受部分商品的运费减免权益,0.2
帮我看看退货物流填错了怎么办,企业发票需填写公司名称、税号等开票信息，审核通过后方可开具,0.2
支付页面卡住了怎么处理,处理规则：如需开具发票，可在订单完成后提交发票申请，必要时联系人工客服协助。,0.2
付款后订单一直没成功怎么处理,使用优惠券前请确认订单金额是否满足使用门槛,0.2
退款审核要多久要怎么解决,若优惠券被系统回收，可能与订单取消、退款或违规活动有关,0.2
请教一下怎么查物流要怎么解决,SOP：当密码重置仍失败时，可提交人工审核工单，由客服核验身份后恢复账号访问。,0.2
请教一下银行卡扣款了但订单没生成怎么办,使用优惠券前请确认订单金额是否满足使用门槛,0.2
活动价和优惠券能叠加吗,用户可在个人中心修改昵称、头像和收货地址，必要时联系人工客服协助。,0.2
咨询一下发票审核失败怎么办,处理规则：当出现重复扣款时，核对支付流水后发起原路退款，仅保留一笔有效订单,0.2
咨询一下支付宝支付失败怎么办,商家可在后台查看每日订单成交统计数据,0.2
请问为什么提示不满足优惠条件,SOP：当用户登录失败时，检查网络状态、客户端版本和缓存，再重新尝试登录，必要时联系人工客服协助。,0.2
用户忘记密码登录不了怎么办,建议处理：为提升账号安全性，建议用户定期修改密码并开启二次验证,0.2
麻烦问一下满减券不能用怎么办,标准流程：当用户忘记密码时，点击忘记密码按钮并完成身份校验后重置密码，恢复账号访问,0.2
请问支付宝支付失败怎么办,建议处理：优惠券到账可能存在延迟，可稍后刷新页面再次查看。,0.2
请教一下新人券不能使用怎么处理,当支付失败后订单仍保留时，需在有效期内重新支付，否则订单将自动取消。,0.2
请教一下登录提示需要身份验证怎么处理,处理规则：登录成功后可在设置页面查看最近登录设备记录,0.2
付款后订单一直没成功怎么处理,处理规则：若商品已使用或影响二次销售，平台可能不支持无理由退货。,0.2
我想知道支付时优惠券失效了怎么办,处理规则：当支付失败时，先确认支付渠道余额和限额，再更换支付方式重新付款,0.2
请教一下退款审核要多久如何处理,若优惠券被系统回收，可能与订单取消、退款或违规活动有关,0.2
商家拒绝退款怎么办,处理规则：商家可在后台查看售后工单处理时长统计，完成后更新工单状态。,0.2
咨询一下支付宝支付失败怎么办,如需开具发票，可在订单完成后提交发票申请，完成后更新工单状态。,0.2
帮我看看商品坏了怎么走售后应该怎么弄,建议处理：商家可在后台查看售后工单处理时长统计。,0.2
我想知道登录提示需要身份验证怎么处理,标准流程：为提升账号安全性，建议用户定期修改密码并开启二次验证,0.2
麻烦问一下发票审核失败怎么办,当出现重复扣款时，核对支付流水后发起原路退款，仅保留一笔有效订单，完成后更新工单状态。,0.2
请问发票审核失败怎么办,处理规则：如需退款，请在订单详情页提交售后申请，并在系统中记录处理结果。,0.2
支付宝支付失败怎么办,如需开具发票，可在订单完成后提交发票申请，完成后更新工单状态。,0.2
请问商品坏了怎么走售后怎么处理,商家可在后台查看售后工单处理时长统计,0.2
我想知道优惠券过期了还能恢复吗如何处理,建议处理：商品签收后七天内可按规则申请退货退款，并在系统中记录处理结果。,0.2
用户忘记密码登录不了怎么办,为提升账号安全性，建议用户定期修改密码并开启二次验证,0.2
连续输错密码后无法登录怎么办,标准流程：当支付失败后订单仍保留时，需在有效期内重新支付，否则订单将自动取消，必要时联系人工客服协助。,0.2
帮我看看商品坏了怎么走售后如何处理,SOP：会员用户可享受部分商品的运费减免权益，完成后更新工单状态。,0.2
什么时候发货,建议处理：如订单已退款成功，相关物流单号将不再继续更新，完成后更新工单状态。,0.2
帮我看看满减券不能用怎么办,SOP：用户可在个人中心修改昵称、头像和收货地址,0.2
麻烦问一下新人券不能使用怎么处理,商家可在后台配置营销活动起止时间。,0.2
我想知道优惠券过期了还能恢复吗有没有处理办法,签收后七天内可申请无理由退货，超出时限需按商品规则处理，必要时联系人工客服协助。,0.2
想问下退款审核要多久如何处理,若优惠券被系统回收，可能与订单取消、退款或违规活动有关，必要时联系人工客服协助。,0.2
请教一下商家拒绝退款怎么办,标准流程：会员用户可享受部分商品的运费减免权益。,0.2
怎么查物流,处理规则：当发票抬头填写错误时，在未开票前可修改抬头信息，已开票需申请红冲后重新开具,0.2
请教一下发票审核失败怎么办,如需退款，请在订单详情页提交售后申请，完成后更新工单状态。,0.2
想问下支付宝支付失败怎么办,处理规则：如需开具发票，可在订单完成后提交发票申请，必要时联系人工客服协助。,0.2
收到货不满意可以退吗该怎么办,建议处理：收货地址填写错误时可在商家发货前申请修改，必要时联系人工客服协助。,0.2
优惠券为什么用不了,处理规则：当账号因输错密码次数过多被锁定时，等待解锁时间结束或通过身份验证解锁后重新登录，并在系统中记录处理结果。,0.2
我想知道下单付款时提示风控拦截怎么办,部分优惠券仅限特定类目、商家或支付方式使用，需查看券面说明,0.2
请问用户无法登录系统怎么处理,企业发票需填写公司名称、税号等开票信息，审核通过后方可开具,0.2
请教一下新人券不能使用怎么处理,商家可在后台配置营销活动起止时间。,0.2
银行卡扣款了但订单没生成怎么办,SOP：商家可在后台查看每日订单成交统计数据，完成后更新工单状态。,0.2
咨询一下发票抬头填错了怎么办,如需退款，请在订单详情页提交售后申请,0.2
请问登录提示需要身份验证怎么处理,标准流程：为提升账号安全性，建议用户定期修改密码并开启二次验证,0.2
麻烦问一下支付宝支付失败怎么办,建议处理：使用优惠券前请确认订单金额是否满足使用门槛。,0.2
请问支付宝支付失败怎么办,建议处理：使用优惠券前请确认订单金额是否满足使用门槛。,0.2
帮我看看为什么提示不满足优惠条件该怎么办,SOP：当用户登录失败时，检查网络状态、客户端版本和缓存，再重新尝试登录，必要时联系人工客服协助。,0.2
麻烦问一下支付时优惠券失效了怎么办,当支付失败时，先确认支付渠道余额和限额，再更换支付方式重新付款,0.2
帮我看看发票抬头填错了怎么办,如需退款，请在订单详情页提交售后申请,0.2
登录提示需要身份验证怎么处理,SOP：如发票下载链接失效，可在发票记录页重新生成下载链接，完成后更新工单状态。,0.2
想问下银行卡扣款了但订单没生成怎么办,使用优惠券前请确认订单金额是否满足使用门槛,0.2
我想知道商品有问题怎么退货要怎么解决,商家可在后台查看售后工单处理时长统计。,0.2
咨询一下密码不记得了怎么登录怎么处理,处理规则：当支付失败后订单仍保留时，需在有效期内重新支付，否则订单将自动取消，完成后更新工单状态。,0.2
想问下银行卡扣款了但订单没生成怎么办,SOP：商家可在后台查看每日订单成交统计数据,0.2
帮我看看什么时候发货,建议处理：如订单已退款成功，相关物流单号将不再继续更新，完成后更新工单状态。,0.2
包裹丢了怎么处理,标准流程：部分优惠券仅限特定类目、商家或支付方式使用，需查看券面说明，并在系统中记录处理结果。,0.2
发票抬头填错了怎么办,如快递异常退回仓库，需确认是否重新发货或直接退款,0.2
请问收到货不满意可以退吗,收货地址填写错误时可在商家发货前申请修改,0.2
请教一下优惠券过期了还能恢复吗怎么处理,商品签收后七天内可按规则申请退货退款,0.2
账号被锁了怎么恢复登录,SOP：当账号被冻结时，提交身份验证材料申请解冻后再登录，并在系统中记录处理结果。,0.4
咨询一下领了优惠券结算时不生效该怎么办,SOP：用户可在个人中心修改昵称、头像和收货地址，并在系统中记录处理结果。,0.4
我想知道支付时优惠券失效了怎么办,标准流程：用户可在个人中心修改昵称、头像和收货地址，并在系统中记录处理结果。,0.4
请问订单已发货还能拦截吗该怎么办,退货退款时需要在售后页面填写退货物流单号,0.4
我想知道验证码登录失败怎么办,标准流程：登录成功后可在设置页面查看最近登录设备记录，必要时联系人工客服协助。,0.4
帮我看看发货太慢怎么催应该怎么弄,标准流程：如订单已退款成功，相关物流单号将不再继续更新,0.4
请问退款审核要多久要怎么解决,SOP：订单支付成功后可在订单详情页查看电子发票入口，必要时联系人工客服协助。,0.4
满减券不能用怎么办,支付成功后订单状态将在短时间内更新为待发货，必要时联系人工客服协助。,0.4
想问下发货太慢怎么催有没有处理办法,标准流程：如订单已退款成功，相关物流单号将不再继续更新,0.4
咨询一下发票邮箱填错了怎么改该怎么办,处理规则：优惠券不可兑换成现金或开具发票金额。,0.4
请问用户忘记密码登录不了怎么办,管理员可以在后台查询用户最近七天的登录日志，完成后更新工单状态。,0.4
咨询一下怎么申请退款应该怎么弄,标准流程：收货地址填写错误时可在商家发货前申请修改，必要时联系人工客服协助。,0.4
帮我看看快递停滞几天了怎么办,SOP：首次注册成功后建议完善个人资料和收货地址，并在系统中记录处理结果。,0.4
咨询一下商品有问题怎么退货应该怎么弄,标准流程：订单支付成功后可在订单详情页查看电子发票入口。,0.4
退货物流填错了怎么办,会员用户可享受部分商品的运费减免权益,0.4
想问下发货太慢怎么催有没有处理办法,如订单已退款成功，相关物流单号将不再继续更新,0.4
麻烦问一下快递异常怎么处理,标准流程：如订单已退款成功，相关物流单号将不再继续更新，必要时联系人工客服协助。,0.4
发货太慢怎么催,如订单已退款成功，相关物流单号将不再继续更新,0.4
帮我看看支付成功但页面显示未支付怎么办,若订单已取消，需重新下单后再进行支付，完成后更新工单状态。,0.4
怎么申请退款,建议处理：订单支付成功后可在订单详情页查看电子发票入口。,0.4
咨询一下领了优惠券结算时不生效该怎么办,用户可在个人中心修改昵称、头像和收货地址。,0.4
帮我看看登录提示需要身份验证怎么处理,当账号被冻结时，提交身份验证材料申请解冻后再登录,0.4
物流一直不更新怎么办,标准流程：优惠券需在有效期内并满足使用门槛时才可抵扣,0.4
登录提示需要身份验证怎么处理,处理规则：管理员可以在后台查询用户最近七天的登录日志，并在系统中记录处理结果。,0.4
咨询一下订单重复扣款怎么退款该怎么办,如需开具发票，可在订单完成后提交发票申请，必要时联系人工客服协助。,0.4
麻烦问一下账号登不上去提示密码错误怎么办,建议处理：首次登录时建议完成手机号绑定，便于后续接收安全验证信息。,0.4
麻烦问一下账号登不上去提示密码错误怎么办,处理规则：首次登录时建议完成手机号绑定，便于后续接收安全验证信息,0.4
请问企业发票怎么开,会员权益可在个人中心查看有效期和使用说明。,0.4
帮我看看怎么申请退款,建议处理：订单支付成功后可在订单详情页查看电子发票入口。,0.4
请教一下商品有问题怎么退货怎么处理,标准流程：订单支付成功后可在订单详情页查看电子发票入口，必要时联系人工客服协助。,0.4
想问下退货物流填错了怎么办,会员用户可享受部分商品的运费减免权益,0.4
帮我看看快递异常怎么处理,标准流程：如订单已退款成功，相关物流单号将不再继续更新。,0.4
咨询一下新人券不能使用怎么处理,处理规则：用户可在个人中心修改昵称、头像和收货地址。,0.4
请教一下快递显示签收但我没收到怎么办,标准流程：如订单已退款成功，相关物流单号将不再继续更新，完成后更新工单状态。,0.4
支付成功但页面显示未支付怎么办,SOP：若订单已取消，需重新下单后再进行支付，并在系统中记录处理结果。,0.4
咨询一下账号被锁了怎么恢复登录,SOP：当账号被冻结时，提交身份验证材料申请解冻后再登录，并在系统中记录处理结果。,0.4
麻烦问一下退款审核要多久应该怎么弄,标准流程：订单支付成功后可在订单详情页查看电子发票入口，并在系统中记录处理结果。,0.4
帮我看看订单完成后怎么补开发票,SOP：修改登录密码后建议重新登录所有设备,0.4
请教一下订单重复扣款怎么退款,处理规则：如需开具发票，可在订单完成后提交发票申请。,0.4
请教一下发货太慢怎么催,支付失败时请确认支付方式余额和网络状态，必要时联系人工客服协助。,0.4
请问地址填错了还能改吗,SOP：退货退款时需要在售后页面填写退货物流单号，必要时联系人工客服协助。,0.4
支付时优惠券失效了怎么办,用户可在个人中心修改昵称、头像和收货地址,0.4
我想知道怎么申请发票应该怎么弄,处理规则：如需退款，请在订单详情页提交售后申请，并在系统中记录处理结果。,0.4
请教一下什么时候发货怎么处理,支付失败时请确认支付方式余额和网络状态。,0.4
请问微信支付后状态一直未更新怎么办,使用优惠券前请确认订单金额是否满足使用门槛,0.4
银行卡扣款了但订单没生成怎么办,标准流程：若订单已取消，需重新下单后再进行支付，必要时联系人工客服协助。,0.4
咨询一下登录提示需要身份验证怎么处理,SOP：当账号被冻结时，提交身份验证材料申请解冻后再登录，完成后更新工单状态。,0.4
我想知道账号登不上去提示密码错误怎么办,首次登录时建议完成手机号绑定，便于后续接收安全验证信息,0.4
麻烦问一下订单重复扣款怎么退款怎么处理,订单提交成功后可在订单详情页查看物流信息,0.4
麻烦问一下发货太慢怎么催怎么处理,支付失败时请确认支付方式余额和网络状态,0.4
我想知道什么时候发货,SOP：支付失败时请确认支付方式余额和网络状态，完成后更新工单状态。,0.4
想问下微信支付后状态一直未更新怎么办,SOP：使用优惠券前请确认订单金额是否满足使用门槛。,0.4
请问支付成功但页面显示未支付怎么办,建议处理：若订单已取消，需重新下单后再进行支付，完成后更新工单状态。,0.4
请问领了优惠券结算时不生效有没有处理办法,用户可在个人中心修改昵称、头像和收货地址，并在系统中记录处理结果。,0.4
请问发票抬头填错了怎么办,标准流程：修改登录密码后建议重新登录所有设备，完成后更新工单状态。,0.4
咨询一下账号被锁了怎么恢复登录,建议处理：当账号被冻结时，提交身份验证材料申请解冻后再登录，并在系统中记录处理结果。,0.4
想问下新人券不能使用怎么处理,标准流程：用户可在个人中心修改昵称、头像和收货地址，必要时联系人工客服协助。,0.4
请问地址填错了还能改吗,退货退款时需要在售后页面填写退货物流单号,0.4
咨询一下退款一直没到账怎么处理,SOP：商品加入购物车后可等待后续活动降价，必要时联系人工客服协助。,0.4
麻烦问一下银行卡扣款了但订单没生成怎么办,标准流程：若订单已取消，需重新下单后再进行支付，完成后更新工单状态。,0.4
我想知道退款后发票怎么处理,订单支付成功后可在订单详情页查看物流进度,0.4
请问密码不记得了怎么登录应该怎么弄,为提升账号安全性，建议用户定期修改密码并开启二次验证,0.4
想问下退款审核要多久,SOP：订单支付成功后可在订单详情页查看电子发票入口，必要时联系人工客服协助。,0.4
请教一下支付时优惠券失效了怎么办,SOP：用户可在个人中心修改昵称、头像和收货地址。,0.4
请问发票抬头填错了怎么办,处理规则：修改登录密码后建议重新登录所有设备，并在系统中记录处理结果。,0.4
发票一直没开出来怎么办,处理规则：如需退款，请在订单详情页提交售后申请，必要时联系人工客服协助。,0.4
帮我看看订单完成后怎么补开发票,建议处理：修改登录密码后建议重新登录所有设备,0.4
微信支付后状态一直未更新怎么办,建议处理：使用优惠券前请确认订单金额是否满足使用门槛，完成后更新工单状态。,0.4
咨询一下怎么申请退款怎么处理,收货地址填写错误时可在商家发货前申请修改,0.4
麻烦问一下订单支付失败怎么办,建议处理：若订单已取消，需重新下单后再进行支付，必要时联系人工客服协助。,0.4
验证码登录失败怎么办,建议处理：当用户需要修改头像时，可在个人资料页上传新的头像图片，并在系统中记录处理结果。,0.4
帮我看看支付成功但页面显示未支付怎么办,建议处理：若订单已取消，需重新下单后再进行支付。,0.4
帮我看看地址填错了还能改吗,建议处理：退货退款时需要在售后页面填写退货物流单号，必要时联系人工客服协助。,0.4
帮我看看登录时一直提示密码不对怎么办,标准流程：管理员可以在后台查询用户最近七天的登录日志，并在系统中记录处理结果。,0.4
我想知道订单重复扣款怎么退款有没有处理办法,标准流程：订单提交成功后可在订单详情页查看物流信息，必要时联系人工客服协助。,0.4
想问下怎么查物流怎么处理,如需申请发票，可在订单完成后进入发票中心提交信息,0.4
快递异常怎么处理,SOP：如订单已退款成功，相关物流单号将不再继续更新,0.4
请问订单已发货还能拦截吗该怎么办,处理规则：退货退款时需要在售后页面填写退货物流单号，完成后更新工单状态。,0.4
想问下发票一直没开出来怎么办,处理规则：如需退款，请在订单详情页提交售后申请，必要时联系人工客服协助。,0.4
咨询一下商品有问题怎么退货应该怎么弄,订单支付成功后可在订单详情页查看电子发票入口，必要时联系人工客服协助。,0.4
麻烦问一下订单已发货还能拦截吗怎么处理,建议处理：退货退款时需要在售后页面填写退货物流单号，必要时联系人工客服协助。,0.4
帮我看看怎么申请发票该怎么办,优惠券不可兑换成现金或开具发票金额,0.4
怎么申请发票要怎么解决,优惠券不可兑换成现金或开具发票金额,0.4
想问下用户忘记密码登录不了怎么办,管理员可以在后台查询用户最近七天的登录日志,0.4
咨询一下怎么查物流该怎么办,首次注册成功后建议完善个人资料和收货地址,0.4
麻烦问一下退款后发票怎么处理,订单支付成功后可在订单详情页查看物流进度，并在系统中记录处理结果。,0.4
店铺券和平台券怎么一起用,建议处理：商品签收后七天内可按规则申请退货退款，完成后更新工单状态。,0.4
请教一下物流一直不更新怎么办,建议处理：如订单已退款成功，相关物流单号将不再继续更新,0.4
快递显示签收但我没收到怎么办,标准流程：如订单已退款成功，相关物流单号将不再继续更新，完成后更新工单状态。,0.4
怎么申请发票要怎么解决,建议处理：优惠券不可兑换成现金或开具发票金额，并在系统中记录处理结果。,0.4
商品有问题怎么退货怎么处理,标准流程：订单支付成功后可在订单详情页查看电子发票入口，必要时联系人工客服协助。,0.4
请问订单完成后怎么补开发票有没有处理办法,建议处理：修改登录密码后建议重新登录所有设备,0.4
请问怎么查物流要怎么解决,SOP：如订单已退款成功，相关物流单号将不再继续更新，并在系统中记录处理结果。,0.4
快递异常怎么处理,标准流程：如订单已退款成功，相关物流单号将不再继续更新。,0.4
发票一直没开出来怎么办,如需退款，请在订单详情页提交售后申请,0.4
退款一直没到账怎么处理,处理规则：商品加入购物车后可等待后续活动降价,0.4
请教一下登录提示需要身份验证怎么处理,当账号被冻结时，提交身份验证材料申请解冻后再登录,0.4
登录提示需要身份验证怎么处理,SOP：管理员可以在后台查询用户最近七天的登录日志,0.4
想问下售后申请被拒绝怎么办,商品加入购物车后可等待后续活动降价,0.4
我想知道发票抬头填错了怎么办,标准流程：修改登录密码后建议重新登录所有设备，并在系统中记录处理结果。,0.4
怎么查物流应该怎么弄,如需申请发票，可在订单完成后进入发票中心提交信息，完成后更新工单状态。,0.4
帮我看看退款后发票怎么处理,建议处理：订单支付成功后可在订单详情页查看物流进度，完成后更新工单状态。,0.4
想问下登录提示需要身份验证怎么处理,标准流程：管理员可以在后台查询用户最近七天的登录日志。,0.4
请教一下登录提示需要身份验证怎么处理,标准流程：当账号被冻结时，提交身份验证材料申请解冻后再登录，并在系统中记录处理结果。,0.4
想问下发货太慢怎么催怎么处理,支付失败时请确认支付方式余额和网络状态,0.4
想问下银行卡扣款了但订单没生成怎么办,标准流程：若订单已取消，需重新下单后再进行支付，必要时联系人工客服协助。,0.4
请问领了优惠券结算时不生效有没有处理办法,SOP：用户可在个人中心修改昵称、头像和收货地址，完成后更新工单状态。,0.4
请教一下订单重复扣款怎么退款,如需开具发票，可在订单完成后提交发票申请，必要时联系人工客服协助。,0.4
请教一下发票抬头填错了怎么办,处理规则：优惠券不可兑换成现金或开具发票金额，完成后更新工单状态。,0.4
麻烦问一下订单重复扣款怎么退款要怎么解决,如需开具发票，可在订单完成后提交发票申请，完成后更新工单状态。,0.4
麻烦问一下订单想退款怎么操作,处理规则：会员用户可享受部分商品的运费减免权益,0.4
咨询一下登录提示需要身份验证怎么处理,处理规则：当账号被冻结时，提交身份验证材料申请解冻后再登录，必要时联系人工客服协助。,0.4
店铺券和平台券怎么一起用,标准流程：商品签收后七天内可按规则申请退货退款，必要时联系人工客服协助。,0.4
帮我看看怎么申请发票怎么处理,处理规则：如需退款，请在订单详情页提交售后申请,0.4
麻烦问一下怎么申请退款有没有处理办法,建议处理：订单支付成功后可在订单详情页查看电子发票入口。,0.4
咨询一下订单支付失败怎么办,若订单已取消，需重新下单后再进行支付,0.4
请教一下商品有问题怎么退货怎么处理,订单支付成功后可在订单详情页查看电子发票入口,0.4
想问下发货太慢怎么催怎么处理,建议处理：支付失败时请确认支付方式余额和网络状态，并在系统中记录处理结果。,0.4
账号登不上去提示密码错误怎么办,首次登录时建议完成手机号绑定，便于后续接收安全验证信息,0.4
想问下物流一直不更新怎么办,优惠券需在有效期内并满足使用门槛时才可抵扣,0.4
请教一下订单已发货还能拦截吗如何处理,退货退款时需要在售后页面填写退货物流单号,0.4
帮我看看怎么申请发票怎么处理,处理规则：如需退款，请在订单详情页提交售后申请，并在系统中记录处理结果。,0.4
咨询一下订单重复扣款怎么退款该怎么办,如需开具发票，可在订单完成后提交发票申请，完成后更新工单状态。,0.4
验证码登录失败怎么办,当用户需要修改头像时，可在个人资料页上传新的头像图片,0.4
麻烦问一下订单想退款怎么操作,SOP：会员用户可享受部分商品的运费减免权益。,0.4
请问验证码登录失败怎么办,处理规则：当用户需要修改头像时，可在个人资料页上传新的头像图片，必要时联系人工客服协助。,0.4
我想知道什么时候发货,支付失败时请确认支付方式余额和网络状态，必要时联系人工客服协助。,0.4
咨询一下怎么查物流怎么处理,如订单已退款成功，相关物流单号将不再继续更新,0.4
咨询一下密码不记得了怎么登录要怎么解决,建议处理：为提升账号安全性，建议用户定期修改密码并开启二次验证，并在系统中记录处理结果。,0.4
麻烦问一下怎么申请退款有没有处理办法,建议处理：订单支付成功后可在订单详情页查看电子发票入口,0.4
麻烦问一下领了优惠券结算时不生效应该怎么弄,用户可在个人中心修改昵称、头像和收货地址,0.4
咨询一下退货物流填错了怎么办,处理规则：会员用户可享受部分商品的运费减免权益，完成后更新工单状态。,0.4
账号登不上去提示密码错误怎么办,建议处理：首次登录时建议完成手机号绑定，便于后续接收安全验证信息。,0.4
发货太慢怎么催,标准流程：如订单已退款成功，相关物流单号将不再继续更新，并在系统中记录处理结果。,0.4
想问下登录提示需要身份验证怎么处理,管理员可以在后台查询用户最近七天的登录日志,0.4
麻烦问一下领了优惠券结算时不生效应该怎么弄,SOP：用户可在个人中心修改昵称、头像和收货地址，并在系统中记录处理结果。,0.4
请问店铺券和平台券怎么一起用,建议处理：商品签收后七天内可按规则申请退货退款，完成后更新工单状态。,0.4
想问下验证码登录失败怎么办,建议处理：当用户需要修改头像时，可在个人资料页上传新的头像图片，并在系统中记录处理结果。,0.4
请问支付成功但页面显示未支付怎么办,若订单已取消，需重新下单后再进行支付,0.4
想问下怎么查物流怎么处理,SOP：如需申请发票，可在订单完成后进入发票中心提交信息。,0.4
怎么申请发票,优惠券不可兑换成现金或开具发票金额。,0.4
物流一直不更新怎么办,首次注册成功后建议完善个人资料和收货地址,0.4
我想知道订单想退款怎么操作,处理规则：会员用户可享受部分商品的运费减免权益，并在系统中记录处理结果。,0.4
请问售后申请被拒绝怎么办,标准流程：商家可在后台查看售后工单处理时长统计，必要时联系人工客服协助。,0.4
收到货不满意可以退吗如何处理,标准流程：会员用户可享受部分商品的运费减免权益。,0.4
咨询一下退货物流填错了怎么办,会员用户可享受部分商品的运费减免权益,0.4
请问账号被锁了怎么恢复登录,建议处理：当账号被冻结时，提交身份验证材料申请解冻后再登录，并在系统中记录处理结果。,0.4
咨询一下物流一直不更新怎么办,首次注册成功后建议完善个人资料和收货地址。,0.4
我想知道登录时一直提示密码不对怎么办,SOP：管理员可以在后台查询用户最近七天的登录日志,0.4
麻烦问一下退款后发票怎么处理,处理规则：订单支付成功后可在订单详情页查看物流进度，并在系统中记录处理结果。,0.4
请问快递显示签收但我没收到怎么办,建议处理：如订单已退款成功，相关物流单号将不再继续更新。,0.4
请教一下发票抬头填错了怎么办,建议处理：优惠券不可兑换成现金或开具发票金额。,0.4
帮我看看快递异常怎么处理,SOP：如订单已退款成功，相关物流单号将不再继续更新,0.4
收到货不满意可以退吗如何处理,标准流程：会员用户可享受部分商品的运费减免权益,0.4
帮我看看满减券不能用怎么办,SOP：支付成功后订单状态将在短时间内更新为待发货，完成后更新工单状态。,0.4
订单想退款怎么操作,会员用户可享受部分商品的运费减免权益,0.4
咨询一下登录时一直提示密码不对怎么办,当用户需要修改头像时，可在个人资料页上传新的头像图片,0.4
请问发票邮箱填错了怎么改要怎么解决,处理规则：优惠券不可兑换成现金或开具发票金额。,0.4
新人券不能使用怎么处理,标准流程：用户可在个人中心修改昵称、头像和收货地址，必要时联系人工客服协助。,0.4
请问订单完成后怎么补开发票有没有处理办法,SOP：修改登录密码后建议重新登录所有设备,0.4
想问下怎么查物流如何处理,处理规则：首次注册成功后建议完善个人资料和收货地址，并在系统中记录处理结果。,0.4
请教一下账号登不上去提示密码错误怎么办,当账号被冻结时，提交身份验证材料申请解冻后再登录，并在系统中记录处理结果。,0.4
想问下店铺券和平台券怎么一起用,商品签收后七天内可按规则申请退货退款，必要时联系人工客服协助。,0.4
怎么查物流,如需申请发票，可在订单完成后进入发票中心提交信息,0.4
请教一下订单已发货还能拦截吗如何处理,退货退款时需要在售后页面填写退货物流单号，必要时联系人工客服协助。,0.4
想问下物流一直不更新怎么办,建议处理：如订单已退款成功，相关物流单号将不再继续更新,0.4
怎么查物流,处理规则：首次注册成功后建议完善个人资料和收货地址，并在系统中记录处理结果。,0.4
请教一下什么时候发货怎么处理,标准流程：支付失败时请确认支付方式余额和网络状态,0.4
请问发票邮箱填错了怎么改要怎么解决,优惠券不可兑换成现金或开具发票金额,0.4
请教一下满减券不能用怎么办,SOP：支付成功后订单状态将在短时间内更新为待发货，完成后更新工单状态。,0.4
新人券不能使用怎么处理,用户可在个人中心修改昵称、头像和收货地址,0.4
快递停滞几天了怎么办,SOP：首次注册成功后建议完善个人资料和收货地址，完成后更新工单状态。,0.4
我想知道发票抬头填错了怎么办,处理规则：修改登录密码后建议重新登录所有设备，并在系统中记录处理结果。,0.4
退款一直没到账怎么处理,标准流程：商品加入购物车后可等待后续活动降价，必要时联系人工客服协助。,0.4
麻烦问一下订单支付失败怎么办,SOP：若订单已取消，需重新下单后再进行支付,0.4
企业发票怎么开怎么处理,会员权益可在个人中心查看有效期和使用说明。,0.4
请教一下发货太慢怎么催,支付失败时请确认支付方式余额和网络状态,0.4
帮我看看登录时一直提示密码不对怎么办,管理员可以在后台查询用户最近七天的登录日志，必要时联系人工客服协助。,0.4
请问密码不记得了怎么登录应该怎么弄,处理规则：为提升账号安全性，建议用户定期修改密码并开启二次验证。,0.4
想问下微信支付后状态一直未更新怎么办,建议处理：使用优惠券前请确认订单金额是否满足使用门槛，完成后更新工单状态。,0.4
想问下店铺券和平台券怎么一起用,商品签收后七天内可按规则申请退货退款,0.4
请教一下退款一直没到账怎么处理,SOP：商品加入购物车后可等待后续活动降价，必要时联系人工客服协助。,0.4
麻烦问一下发票抬头填错了怎么办,建议处理：优惠券不可兑换成现金或开具发票金额，完成后更新工单状态。,0.4
帮我看看发票一直没开出来怎么办,如需退款，请在订单详情页提交售后申请,0.4
退货物流填错了怎么办,处理规则：会员用户可享受部分商品的运费减免权益，完成后更新工单状态。,0.4
登录时一直提示密码不对怎么办,建议处理：当用户需要修改头像时，可在个人资料页上传新的头像图片。,0.4
请教一下退款一直没到账怎么处理,处理规则：商品加入购物车后可等待后续活动降价,0.4
想问下怎么申请退款应该怎么弄,收货地址填写错误时可在商家发货前申请修改,0.4
支付时优惠券失效了怎么办,用户可在个人中心修改昵称、头像和收货地址，必要时联系人工客服协助。,0.4
想问下新人券不能使用怎么处理,处理规则：用户可在个人中心修改昵称、头像和收货地址。,0.4
我想知道退款后发票怎么处理,标准流程：订单支付成功后可在订单详情页查看物流进度。,0.4
请教一下什么时候发货要怎么解决,标准流程：支付失败时请确认支付方式余额和网络状态,0.4
想问下售后申请被拒绝怎么办,处理规则：商品加入购物车后可等待后续活动降价,0.4
帮我看看退款后发票怎么处理,标准流程：订单支付成功后可在订单详情页查看物流进度。,0.4
支付成功但页面显示未支付怎么办,建议处理：若订单已取消，需重新下单后再进行支付，完成后更新工单状态。,0.4
我想知道用户忘记密码登录不了怎么办,管理员可以在后台查询用户最近七天的登录日志，必要时联系人工客服协助。,0.4
麻烦问一下订单已发货还能拦截吗怎么处理,退货退款时需要在售后页面填写退货物流单号，必要时联系人工客服协助。,0.4
请教一下地址填错了还能改吗,退货退款时需要在售后页面填写退货物流单号。,0.4
密码不记得了怎么登录,建议处理：为提升账号安全性，建议用户定期修改密码并开启二次验证，完成后更新工单状态。,0.4
想问下验证码登录失败怎么办,处理规则：当用户需要修改头像时，可在个人资料页上传新的头像图片，必要时联系人工客服协助。,0.4
物流一直不更新怎么办,如订单已退款成功，相关物流单号将不再继续更新,0.4
请教一下快递显示签收但我没收到怎么办,SOP：如订单已退款成功，相关物流单号将不再继续更新，必要时联系人工客服协助。,0.4
我想知道订单想退款怎么操作,会员用户可享受部分商品的运费减免权益,0.4
怎么申请退款,建议处理：订单支付成功后可在订单详情页查看电子发票入口,0.4
咨询一下退款一直没到账怎么处理,标准流程：商品加入购物车后可等待后续活动降价，必要时联系人工客服协助。,0.4
请教一下地址填错了还能改吗,建议处理：退货退款时需要在售后页面填写退货物流单号，必要时联系人工客服协助。,0.4
满减券不能用怎么办,标准流程：支付成功后订单状态将在短时间内更新为待发货。,0.4
麻烦问一下售后申请被拒绝怎么办,商家可在后台查看售后工单处理时长统计，完成后更新工单状态。,0.4
物流一直不更新怎么办,处理规则：优惠券需在有效期内并满足使用门槛时才可抵扣，并在系统中记录处理结果。,0.4
请问验证码登录失败怎么办,标准流程：当用户需要修改头像时，可在个人资料页上传新的头像图片，必要时联系人工客服协助。,0.4
请教一下收到货不满意可以退吗该怎么办,会员用户可享受部分商品的运费减免权益,0.4
订单支付失败怎么办,建议处理：若订单已取消，需重新下单后再进行支付，必要时联系人工客服协助。,0.4
售后申请被拒绝怎么办,商家可在后台查看售后工单处理时长统计,0.4
请教一下登录提示需要身份验证怎么处理,标准流程：管理员可以在后台查询用户最近七天的登录日志。,0.4
咨询一下怎么查物流该怎么办,首次注册成功后建议完善个人资料和收货地址，完成后更新工单状态。,0.4
账号被锁了怎么恢复登录,当账号被冻结时，提交身份验证材料申请解冻后再登录,0.4
我想知道怎么申请发票应该怎么弄,处理规则：如需退款，请在订单详情页提交售后申请,0.4
想问下怎么查物流,SOP：如订单已退款成功，相关物流单号将不再继续更新,0.4
想问下怎么查物流如何处理,首次注册成功后建议完善个人资料和收货地址,0.4
想问下连续输错密码后无法登录怎么办,SOP：管理员可以在后台查询用户最近七天的登录日志,0.4
想问下退货物流填错了怎么办,标准流程：会员用户可享受部分商品的运费减免权益。,0.4
想问下物流一直不更新怎么办,标准流程：优惠券需在有效期内并满足使用门槛时才可抵扣,0.4
麻烦问一下账号登不上去提示密码错误怎么办,当账号被冻结时，提交身份验证材料申请解冻后再登录，必要时联系人工客服协助。,0.4
咨询一下物流一直不更新怎么办,首次注册成功后建议完善个人资料和收货地址,0.4
请问连续输错密码后无法登录怎么办,管理员可以在后台查询用户最近七天的登录日志,0.4
连续输错密码后无法登录怎么办,处理规则：管理员可以在后台查询用户最近七天的登录日志，并在系统中记录处理结果。,0.4
麻烦问一下退款审核要多久应该怎么弄,订单支付成功后可在订单详情页查看电子发票入口,0.4
请问快递显示签收但我没收到怎么办,标准流程：如订单已退款成功，相关物流单号将不再继续更新，完成后更新工单状态。,0.4
登录时一直提示密码不对怎么办,管理员可以在后台查询用户最近七天的登录日志,0.4
请问怎么查物流要怎么解决,标准流程：如订单已退款成功，相关物流单号将不再继续更新，必要时联系人工客服协助。,0.4
请教一下支付时优惠券失效了怎么办,用户可在个人中心修改昵称、头像和收货地址，必要时联系人工客服协助。,0.4
想问下银行卡扣款了但订单没生成怎么办,标准流程：若订单已取消，需重新下单后再进行支付，完成后更新工单状态。,0.4
我想知道登录时一直提示密码不对怎么办,处理规则：当用户需要修改头像时，可在个人资料页上传新的头像图片，完成后更新工单状态。,0.4
咨询一下怎么查物流怎么处理,SOP：如订单已退款成功，相关物流单号将不再继续更新，并在系统中记录处理结果。,0.4
请问连续输错密码后无法登录怎么办,SOP：管理员可以在后台查询用户最近七天的登录日志,0.4
请教一下账号登不上去提示密码错误怎么办,SOP：当账号被冻结时，提交身份验证材料申请解冻后再登录,0.4
怎么查物流,首次注册成功后建议完善个人资料和收货地址,0.4
请教一下满减券不能用怎么办,处理规则：支付成功后订单状态将在短时间内更新为待发货,0.4
帮我看看订单重复扣款怎么退款,订单提交成功后可在订单详情页查看物流信息。,0.4
麻烦问一下发票抬头填错了怎么办,标准流程：修改登录密码后建议重新登录所有设备，并在系统中记录处理结果。,0.4
物流一直不更新怎么办,首次注册成功后建议完善个人资料和收货地址。,0.4
快递停滞几天了怎么办,首次注册成功后建议完善个人资料和收货地址,0.4
麻烦问一下订单重复扣款怎么退款怎么处理,标准流程：订单提交成功后可在订单详情页查看物流信息，必要时联系人工客服协助。,0.4
请教一下登录提示需要身份验证怎么处理,管理员可以在后台查询用户最近七天的登录日志,0.4
想问下用户忘记密码登录不了怎么办,标准流程：管理员可以在后台查询用户最近七天的登录日志。,0.4
我想知道登录时一直提示密码不对怎么办,SOP：当用户需要修改头像时，可在个人资料页上传新的头像图片，必要时联系人工客服协助。,0.4
帮我看看怎么申请发票该怎么办,建议处理：优惠券不可兑换成现金或开具发票金额，并在系统中记录处理结果。,0.4
麻烦问一下售后申请被拒绝怎么办,标准流程：商家可在后台查看售后工单处理时长统计，必要时联系人工客服协助。,0.4
咨询一下订单支付失败怎么办,标准流程：若订单已取消，需重新下单后再进行支付，必要时联系人工客服协助。,0.4
咨询一下验证码登录失败怎么办,SOP：登录成功后可在设置页面查看最近登录设备记录，完成后更新工单状态。,0.4
想问下怎么查物流,标准流程：如订单已退款成功，相关物流单号将不再继续更新，完成后更新工单状态。,0.4
请教一下什么时候发货要怎么解决,支付失败时请确认支付方式余额和网络状态，必要时联系人工客服协助。,0.4
咨询一下怎么申请退款怎么处理,标准流程：收货地址填写错误时可在商家发货前申请修改，必要时联系人工客服协助。,0.4
请教一下收到货不满意可以退吗该怎么办,建议处理：会员用户可享受部分商品的运费减免权益,0.4
我想知道订单重复扣款怎么退款有没有处理办法,处理规则：订单提交成功后可在订单详情页查看物流信息，并在系统中记录处理结果。,0.4
咨询一下登录时一直提示密码不对怎么办,处理规则：当用户需要修改头像时，可在个人资料页上传新的头像图片，完成后更新工单状态。,0.4
订单支付失败怎么办,SOP：若订单已取消，需重新下单后再进行支付,0.4
帮我看看物流一直不更新怎么办,处理规则：优惠券需在有效期内并满足使用门槛时才可抵扣，并在系统中记录处理结果。,0.4
帮我看看发票一直没开出来怎么办,SOP：如需退款，请在订单详情页提交售后申请，并在系统中记录处理结果。,0.4
怎么申请发票,优惠券不可兑换成现金或开具发票金额,0.4
帮我看看登录提示需要身份验证怎么处理,SOP：当账号被冻结时，提交身份验证材料申请解冻后再登录，完成后更新工单状态。,0.4
我想知道账号登不上去提示密码错误怎么办,标准流程：首次登录时建议完成手机号绑定，便于后续接收安全验证信息，并在系统中记录处理结果。,0.4
请问微信支付后状态一直未更新怎么办,SOP：使用优惠券前请确认订单金额是否满足使用门槛。,0.4
想问下物流一直不更新怎么办,标准流程：如订单已退款成功，相关物流单号将不再继续更新，完成后更新工单状态。,0.4
请教一下发票邮箱填错了怎么改要怎么解决,处理规则：优惠券不可兑换成现金或开具发票金额。,0.4
想问下物流一直不更新怎么办,标准流程：首次注册成功后建议完善个人资料和收货地址,0.4
物流一直不更新怎么办,建议处理：如订单已退款成功，相关物流单号将不再继续更新，完成后更新工单状态。,0.4
请问退款审核要多久要怎么解决,标准流程：订单支付成功后可在订单详情页查看电子发票入口，并在系统中记录处理结果。,0.4
帮我看看快递停滞几天了怎么办,首次注册成功后建议完善个人资料和收货地址,0.4
请问用户忘记密码登录不了怎么办,管理员可以在后台查询用户最近七天的登录日志,0.4
麻烦问一下快递异常怎么处理,SOP：如订单已退款成功，相关物流单号将不再继续更新,0.4
请问售后申请被拒绝怎么办,建议处理：商品加入购物车后可等待后续活动降价，完成后更新工单状态。,0.4
验证码登录失败怎么办,SOP：登录成功后可在设置页面查看最近登录设备记录，必要时联系人工客服协助。,0.4
咨询一下新人券不能使用怎么处理,标准流程：用户可在个人中心修改昵称、头像和收货地址，并在系统中记录处理结果。,0.4
发票抬头填错了怎么办,建议处理：优惠券不可兑换成现金或开具发票金额。,0.4
请教一下物流一直不更新怎么办,建议处理：如订单已退款成功，相关物流单号将不再继续更新，完成后更新工单状态。,0.4
请问账号被锁了怎么恢复登录,当账号被冻结时，提交身份验证材料申请解冻后再登录,0.4
商品有问题怎么退货怎么处理,订单支付成功后可在订单详情页查看电子发票入口,0.4
请问店铺券和平台券怎么一起用,商品签收后七天内可按规则申请退货退款,0.4
密码不记得了怎么登录,处理规则：为提升账号安全性，建议用户定期修改密码并开启二次验证。,0.4
想问下怎么申请发票应该怎么弄,建议处理：如需退款，请在订单详情页提交售后申请。,0.4
银行卡扣款了但订单没生成怎么办,若订单已取消，需重新下单后再进行支付,0.4
请问企业发票怎么开,建议处理：会员权益可在个人中心查看有效期和使用说明。,0.4
想问下订单完成后怎么补开发票应该怎么弄,标准流程：修改登录密码后建议重新登录所有设备,0.4
售后申请被拒绝怎么办,标准流程：商家可在后台查看售后工单处理时长统计，必要时联系人工客服协助。,0.4
请问售后申请被拒绝怎么办,商品加入购物车后可等待后续活动降价,0.4
想问下收到货不满意可以退吗应该怎么弄,处理规则：当用户忘记密码时，点击忘记密码按钮并完成身份校验后重置密码，恢复账号访问，必要时联系人工客服协助。,0.0
麻烦问一下快递显示签收但我没收到怎么办,建议处理：当账号被冻结时需提交身份验证材料申请解冻，完成后更新工单状态。,0.0
账号登不上去提示密码错误怎么办,标准流程：发票申请提交后将在一到三个工作日内完成审核，必要时联系人工客服协助。,0.0
优惠券过期了还能恢复吗,处理规则：忘记密码时可通过找回密码流程恢复账号访问，并在系统中记录处理结果。,0.0
帮我看看新人券不能使用怎么处理,处理规则：支付失败时可更换支付方式重新尝试。,0.0
请教一下怎么申请发票怎么处理,物流长时间未更新时可联系物流公司核实,0.0
麻烦问一下支付宝支付失败怎么办,标准流程：售后审核通过后系统将安排退款，完成后更新工单状态。,0.0
想问下支付页面卡住了怎么处理,建议处理：店铺券和平台券能否叠加需以活动规则为准，不支持叠加时仅可选择其中一种使用，完成后更新工单状态。,0.0
想问下退款后发票怎么处理,建议处理：当用户忘记密码时可通过短信验证重置密码,0.0
麻烦问一下支付时报错了怎么办,SOP：发票审核失败通常与抬头、税号或邮箱格式错误有关，修改后可重新提交，并在系统中记录处理结果。,0.0
手机号换了收不到验证码怎么办,SOP：发票申请提交后将在一到三个工作日内完成审核,0.0
我想知道账号被锁了怎么恢复登录,SOP：订单支付超时后系统将在三十分钟后自动关闭订单，并在系统中记录处理结果。,0.0
想问下订单想退款怎么操作,当支付失败时，可更换支付方式重新付款,0.0
发票审核失败怎么办,处理规则：商品存在质量问题时可申请退货退款,0.0
我想知道退款一直没到账怎么处理,建议处理：当密码重置仍失败时，可提交人工审核工单，由客服核验身份后恢复账号访问，并在系统中记录处理结果。,0.0
请问订单完成后怎么补开发票该怎么办,标准流程：支付失败时可更换支付渠道重新付款。,0.0
我想知道支付时报错了怎么办,处理规则：物流停滞受天气、节假日或中转异常影响时，可等待一到两天后再观察节点更新,0.0
发票审核失败怎么办,SOP：支付失败时可更换支付渠道重新付款，必要时联系人工客服协助。,0.0
想问下电子发票在哪里下载有没有处理办法,当用户忘记密码时可通过短信验证重置密码，并在系统中记录处理结果。,0.0
咨询一下什么时候发货怎么处理,建议处理：发票抬头填写错误需红冲后重新开票。,0.0
请教一下发票抬头填错了怎么办,标准流程：商品存在质量问题时可申请退货退款,0.0
想问下订单完成后怎么补开发票有没有处理办法,SOP：物流长时间未更新时可联系物流公司核实，完成后更新工单状态。,0.0
电子发票在哪里下载,处理规则：当售后被拒绝时，可根据拒绝原因补充凭证后再次提交或申请平台介入。,0.0
活动价和优惠券能叠加吗,发票抬头填写错误需红冲后重新开票,0.0
怎么申请发票,SOP：当扣款成功但订单未更新为已支付时，查询支付回调记录并触发补单流程修正订单状态。,0.0
帮我看看怎么申请发票,建议处理：当扣款成功但订单未更新为已支付时，查询支付回调记录并触发补单流程修正订单状态，完成后更新工单状态。,0.0
想问下地址填错了还能改吗,处理规则：商家入驻需先提交营业执照和资质材料，完成后更新工单状态。,0.0
请教一下退货物流填错了怎么办,标准流程：登录需要二次验证时先完成身份校验,0.0
商品有问题怎么退货有没有处理办法,优惠券过期后将无法继续使用,0.0
优惠券被回收了怎么办,发票抬头填写错误需红冲后重新开票,0.0
帮我看看支付成功但页面显示未支付怎么办,首次登录时建议完成手机号绑定。,0.0
想问下支付页面卡住了怎么处理,建议处理：店铺券和平台券能否叠加需以活动规则为准，不支持叠加时仅可选择其中一种使用，并在系统中记录处理结果。,0.0
请问支付时报错了怎么办,SOP：物流停滞受天气、节假日或中转异常影响时，可等待一到两天后再观察节点更新，并在系统中记录处理结果。,0.0
麻烦问一下订单重复扣款怎么退款该怎么办,当满减券不生效时，检查结算商品是否参与活动以及是否已达到最低使用门槛,0.0
想问下地址填错了还能改吗,当账号被冻结时需提交身份验证材料申请解冻，并在系统中记录处理结果。,0.0
领了优惠券结算时不生效,SOP：忘记密码时可通过找回密码流程恢复账号访问，必要时联系人工客服协助。,0.0
帮我看看怎么申请发票该怎么办,处理规则：当用户忘记密码时可通过短信验证重置密码，完成后更新工单状态。,0.0
发票邮箱填错了怎么改要怎么解决,商家发货前可申请修改收货地址,0.0
我想知道退款审核要多久怎么处理,建议处理：发票申请提交后将在一到三个工作日内完成审核,0.0
请问店铺券和平台券怎么一起用该怎么办,处理规则：发票抬头填写错误需红冲后重新开票,0.0
请教一下银行卡扣款了但订单没生成怎么办,发货后用户可在物流页查看运输节点更新,0.0
请问售后申请被拒绝怎么办,处理规则：发票申请提交后将在一到三个工作日内完成审核，并在系统中记录处理结果。,0.0
请问物流一直不更新怎么办,当账号被冻结时需提交身份验证材料申请解冻，必要时联系人工客服协助。,0.0
包裹丢了怎么处理,建议处理：当账号被冻结时需提交身份验证材料申请解冻，并在系统中记录处理结果。,0.0
为什么提示不满足优惠条件怎么处理,标准流程：物流异常时可联系商家或物流公司核实，必要时联系人工客服协助。,0.0
咨询一下退款一直没到账怎么处理,SOP：发票申请提交后将在一到三个工作日内完成审核，并在系统中记录处理结果。,0.0
连续输错密码后无法登录怎么办,商家入驻审核通过后方可发布商品。,0.0
麻烦问一下发票一直没开出来怎么办,当用户收不到短信验证码时，先检查手机号绑定状态，再切换邮箱验证或联系客服处理。,0.0
满减券不能用怎么办,账号被冻结后需提交身份材料申请解冻,0.0
请教一下怎么申请发票该怎么办,当用户忘记密码时可通过短信验证重置密码,0.0
咨询一下快递异常怎么处理,处理规则：当账号被冻结时需提交身份验证材料申请解冻，并在系统中记录处理结果。,0.0
请教一下发票邮箱填错了怎么改如何处理,商品存在质量问题时可申请退货退款,0.0
麻烦问一下登录提示需要身份验证怎么处理,建议处理：商品签收后七天内可申请无理由退货,0.0
咨询一下商品坏了怎么走售后要怎么解决,发票申请提交后将在一到三个工作日内完成审核。,0.0
想问下银行卡扣款了但订单没生成怎么办,建议处理：发货后用户可在物流页查看运输节点更新。,0.0
麻烦问一下账号被锁了怎么恢复登录,SOP：订单支付超时后系统将在三十分钟后自动关闭订单，并在系统中记录处理结果。,0.0
我想知道用户忘记密码登录不了怎么办,建议处理：发票申请提交后将在一到三个工作日内完成审核，必要时联系人工客服协助。,0.0
麻烦问一下账号被锁了怎么恢复登录,标准流程：订单支付超时后系统将在三十分钟后自动关闭订单，必要时联系人工客服协助。,0.0
地址填错了还能改吗,建议处理：当账号被冻结时需提交身份验证材料申请解冻，必要时联系人工客服协助。,0.0
帮我看看支付时报错了怎么办,发货后用户可在物流页查看运输节点更新,0.0
请问退款一直没到账怎么处理,SOP：物流停滞受天气、节假日或中转异常影响时，可等待一到两天后再观察节点更新，并在系统中记录处理结果。,0.0
麻烦问一下新人券不能使用怎么处理,SOP：当发货前发现地址填写错误时，可在商家发货前申请修改收货地址，并在系统中记录处理结果。,0.0
我想知道下单付款时提示风控拦截怎么办,建议处理：订单详情页可查看物流单号并跳转到承运商页面查询。,0.0
咨询一下下单付款时提示风控拦截怎么办,处理规则：售后审核通过后系统将安排退款，并在系统中记录处理结果。,0.0
我想知道发货太慢怎么催怎么处理,标准流程：商家入驻需先提交营业执照和资质材料。,0.0
麻烦问一下商品坏了怎么走售后,建议处理：用户忘记密码时可通过短信验证重置密码，并在系统中记录处理结果。,0.0
支付时报错了怎么办,发货后用户可在物流页查看运输节点更新，完成后更新工单状态。,0.0
请问优惠券被回收了怎么办,发票抬头填写错误需红冲后重新开票,0.0
帮我看看发票审核失败怎么办,SOP：商品存在质量问题时可申请退货退款，必要时联系人工客服协助。,0.0
什么时候发货,建议处理：发票抬头填写错误需红冲后重新开票。,0.0
退款审核要多久要怎么解决,建议处理：用户忘记密码时可通过短信验证重置密码，并在系统中记录处理结果。,0.0
发票抬头填错了怎么办,商品存在质量问题时可申请退货退款,0.0
麻烦问一下地址填错了还能改吗,处理规则：商家入驻需先提交营业执照和资质材料，完成后更新工单状态。,0.0
咨询一下怎么查物流有没有处理办法,忘记密码时点击找回密码并重置登录密码，完成后更新工单状态。,0.0
想问下优惠券过期了还能恢复吗,标准流程：物流异常时可联系商家或物流公司核实，必要时联系人工客服协助。,0.0
请教一下付款后订单一直没成功怎么处理,SOP：当用户忘记密码时，可通过找回密码流程恢复账号访问,0.0
请问什么时候发货要怎么解决,建议处理：发票抬头填写错误需红冲后重新开票。,0.0
帮我看看退货物流填错了怎么办,处理规则：订单详情页可查看物流单号并跳转到承运商页面查询。,0.0
帮我看看用户忘记密码登录不了怎么办,SOP：优惠券仅可在满足满减门槛的订单中使用,0.0
支付成功但页面显示未支付怎么办,处理规则：首次登录时建议完成手机号绑定,0.0
账号被锁了怎么恢复登录,SOP：当退款迟迟未到账时，先核对退款状态和原支付渠道到账周期，超时后联系客服处理,0.0
想问下发票金额和订单不一致怎么办,处理规则：当用户忘记密码时可通过短信验证重置密码，必要时联系人工客服协助。,0.0
快递异常怎么处理,SOP：当账号被冻结时需提交身份验证材料申请解冻。,0.0
帮我看看支付成功但页面显示未支付怎么办,处理规则：首次登录时建议完成手机号绑定,0.0
活动价和优惠券能叠加吗要怎么解决,账号被冻结后需提交身份材料申请解冻,0.0
麻烦问一下订单支付失败怎么办,SOP：签收后七天内可申请无理由退货，超出时限需按商品规则处理，并在系统中记录处理结果。,0.0
麻烦问一下优惠券过期了还能恢复吗该怎么办,标准流程：当登录需要二次验证时，校验绑定手机或邮箱验证码，验证通过后允许登录，必要时联系人工客服协助。,0.0
电子发票在哪里下载,当用户忘记密码时可通过短信验证重置密码，必要时联系人工客服协助。,0.0
领了优惠券结算时不生效,建议处理：忘记密码时可通过找回密码流程恢复账号访问，完成后更新工单状态。,0.0
售后申请被拒绝怎么办,处理规则：发票申请提交后将在一到三个工作日内完成审核。,0.0
请问支付宝支付失败怎么办,账号被冻结时需提交身份验证材料申请解冻,0.0
帮我看看登录提示需要身份验证怎么处理,处理规则：签收后七天内可申请无理由退货，超出时限需按商品规则处理,0.0
我想知道支付时优惠券失效了怎么办,建议处理：忘记密码时可通过找回密码流程恢复账号访问，完成后更新工单状态。,0.0
请问连续输错密码后无法登录怎么办,SOP：若优惠券被系统回收，可能与订单取消、退款或违规活动有关，并在系统中记录处理结果。,0.0
帮我看看商品有问题怎么退货,当支付失败时，可更换支付方式重新付款,0.0
帮我看看订单完成后怎么补开发票应该怎么弄,物流长时间未更新时可联系物流公司核实，并在系统中记录处理结果。,0.0
请问活动价和优惠券能叠加吗该怎么办,当发货超时未出库时，提醒商家尽快发货，超出承诺时效可申请补偿或取消订单,0.0
领了优惠券结算时不生效应该怎么弄,处理规则：忘记密码时可通过找回密码流程恢复账号访问，并在系统中记录处理结果。,0.0
请问快递停滞几天了怎么办,当新人券无法使用时，确认账号是否为新用户以及是否符合新人活动规则，并在系统中记录处理结果。,0.0
密码不记得了怎么登录要怎么解决,订单支付超时后系统将在三十分钟后自动关闭订单,0.0
我想知道下单付款时提示风控拦截怎么办,首次登录时建议完成手机号绑定,0.0
我想知道退款一直没到账怎么处理,SOP：当密码重置仍失败时，可提交人工审核工单，由客服核验身份后恢复账号访问,0.0
请教一下商家拒绝退款怎么办,SOP：登录需要二次验证时先完成身份校验,0.0
麻烦问一下支付成功但页面显示未支付怎么办,SOP：若用户急需商品，可优先与商家协商更换配送方式。,0.0
退款后发票怎么处理,物流长时间未更新时可联系物流公司核实,0.0
账号被锁了怎么恢复登录,SOP：订单支付超时后系统将在三十分钟后自动关闭订单，并在系统中记录处理结果。,0.0
请问验证码登录失败怎么办,标准流程：订单支付超时后系统将在三十分钟后自动关闭订单，并在系统中记录处理结果。,0.0
我想知道账号被锁了怎么恢复登录,标准流程：订单支付超时后系统将在三十分钟后自动关闭订单，必要时联系人工客服协助。,0.0
咨询一下什么时候发货怎么处理,发票抬头填写错误需红冲后重新开票,0.0
麻烦问一下退货物流填错了怎么办,标准流程：登录需要二次验证时先完成身份校验,0.0
咨询一下发票抬头填错了怎么办,当密码重置仍失败时，可提交人工审核工单，由客服核验身份后恢复账号访问,0.0
咨询一下登录时一直提示密码不对怎么办,建议处理：发票申请提交后将在一到三个工作日内完成审核，并在系统中记录处理结果。,0.0
我想知道退款后发票怎么处理,物流长时间未更新时可联系物流公司核实，必要时联系人工客服协助。,0.0
麻烦问一下优惠券过期了还能恢复吗该怎么办,当登录需要二次验证时，校验绑定手机或邮箱验证码，验证通过后允许登录,0.0
请教一下账号被锁了怎么恢复登录,建议处理：商品签收后七天内可申请无理由退货，完成后更新工单状态。,0.0
请教一下地址填错了还能改吗,当账号被冻结时需提交身份验证材料申请解冻，并在系统中记录处理结果。,0.0
帮我看看发票抬头填错了怎么办,标准流程：物流长时间未更新时可联系物流公司核实，完成后更新工单状态。,0.0
帮我看看商家拒绝退款怎么办,SOP：物流停滞受天气、节假日或中转异常影响时，可等待一到两天后再观察节点更新，并在系统中记录处理结果。,0.0
我想知道怎么查物流怎么处理,发票抬头填写错误需红冲后重新开票,0.0
我想知道地址填错了还能改吗,商家入驻需先提交营业执照和资质材料。,0.0
请教一下满减券不能用怎么办,建议处理：支付失败时可更换支付方式重新尝试,0.0
我想知道售后申请被拒绝怎么办,用户忘记密码时可通过短信验证重置密码，并在系统中记录处理结果。,0.0
怎么查物流,SOP：发票抬头填写错误需红冲后重新开票，并在系统中记录处理结果。,0.0
想问下怎么申请退款,优惠券过期后将无法继续使用,0.0
请问退款一直没到账怎么处理,标准流程：用户忘记密码时可通过短信验证重置密码，必要时联系人工客服协助。,0.0
请教一下退款一直没到账怎么处理,处理规则：物流停滞受天气、节假日或中转异常影响时，可等待一到两天后再观察节点更新，必要时联系人工客服协助。,0.0
请问订单完成后怎么补开发票应该怎么弄,SOP：物流长时间未更新时可联系物流公司核实，完成后更新工单状态。,0.0
请问验证码登录失败怎么办,标准流程：商家入驻审核通过后方可发布商品，并在系统中记录处理结果。,0.0
请问为什么提示不满足优惠条件如何处理,标准流程：发票抬头填写错误需红冲后重新开票，必要时联系人工客服协助。,0.0
请教一下电子发票在哪里下载该怎么办,SOP：商品存在质量问题时可申请退货退款，完成后更新工单状态。,0.0
请教一下怎么申请发票怎么处理,建议处理：物流长时间未更新时可联系物流公司核实,0.0
咨询一下付款后订单一直没成功怎么处理,SOP：当用户忘记密码时，可通过找回密码流程恢复账号访问,0.0
想问下用户无法登录系统怎么处理,SOP：发票申请提交后将在一到三个工作日内完成审核。,0.0
下单付款时提示风控拦截怎么办,订单详情页可查看物流单号并跳转到承运商页面查询,0.0
请问商家拒绝退款怎么办,SOP：物流停滞受天气、节假日或中转异常影响时，可等待一到两天后再观察节点更新，并在系统中记录处理结果。,0.0
想问下支付页面卡住了怎么处理,账号被冻结时需提交身份验证材料申请解冻,0.0
帮我看看发票审核失败怎么办,标准流程：商品存在质量问题时可申请退货退款，必要时联系人工客服协助。,0.0
企业发票怎么开该怎么办,SOP：当商品存在质量问题时，上传问题图片后发起退货退款申请，并按要求寄回商品，并在系统中记录处理结果。,0.0
我想知道商品坏了怎么走售后应该怎么弄,若支付渠道维护中，可引导用户稍后重试或切换到其他支付方式,0.0
退货物流填错了怎么办,发票申请提交后将在一到三个工作日内完成审核,0.0
地址填错了还能改吗,当账号被冻结时需提交身份验证材料申请解冻，完成后更新工单状态。,0.0
麻烦问一下快递显示签收但我没收到怎么办,标准流程：优惠券到账可能存在延迟，可稍后刷新页面再次查看，必要时联系人工客服协助。,0.0
请问退款一直没到账怎么处理,标准流程：物流停滞受天气、节假日或中转异常影响时，可等待一到两天后再观察节点更新，完成后更新工单状态。,0.0
什么时候发货怎么处理,处理规则：售后被拒绝时可补充凭证重新提交，并在系统中记录处理结果。,0.0
咨询一下退款后发票怎么处理,处理规则：若支付渠道维护中，可引导用户稍后重试或切换到其他支付方式。,0.0
退款后发票怎么处理,物流长时间未更新时可联系物流公司核实，必要时联系人工客服协助。,0.0
什么时候发货,当支付失败后订单仍保留时，需在有效期内重新支付，否则订单将自动取消。,0.0
想问下优惠券过期了还能恢复吗要怎么解决,标准流程：物流异常时可联系商家或物流公司核实，必要时联系人工客服协助。,0.0
想问下快递显示签收但我没收到怎么办,处理规则：优惠券到账可能存在延迟，可稍后刷新页面再次查看,0.0
请问收到货不满意可以退吗该怎么办,当支付失败时，可更换支付方式重新付款,0.0
麻烦问一下连续输错密码后无法登录怎么办,订单支付超时后系统将在三十分钟后自动关闭订单。,0.0
想问下支付时优惠券失效了怎么办,账号被冻结后需提交身份材料申请解冻，完成后更新工单状态。,0.0
咨询一下发票抬头填错了怎么办,SOP：物流长时间未更新时可联系物流公司核实，必要时联系人工客服协助。,0.0
帮我看看怎么申请发票,当扣款成功但订单未更新为已支付时，查询支付回调记录并触发补单流程修正订单状态,0.0
我想知道订单重复扣款怎么退款该怎么办,当用户忘记密码时，可通过找回密码流程恢复账号访问,0.0
想问下物流一直不更新怎么办,SOP：发票抬头填写错误需红冲后重新开票,0.0
登录提示需要身份验证怎么处理,标准流程：商品签收后七天内可申请无理由退货，必要时联系人工客服协助。,0.0
请教一下用户忘记密码登录不了怎么办,处理规则：当优惠券无法使用时，先核对有效期、适用商品范围和订单金额是否满足使用条件。,0.0
咨询一下发票金额和订单不一致怎么办,当包裹显示签收但用户未收到时，先联系派件员核实签收情况，必要时申请丢件调查或补发,0.0
请教一下售后申请被拒绝怎么办,发票申请提交后将在一到三个工作日内完成审核,0.0
店铺券和平台券怎么一起用怎么处理,建议处理：支付失败时可更换支付方式重新尝试,0.0
麻烦问一下登录提示需要身份验证怎么处理,处理规则：签收后七天内可申请无理由退货，超出时限需按商品规则处理。,0.0
包裹丢了怎么处理,标准流程：忘记密码时点击找回密码并重置登录密码，必要时联系人工客服协助。,0.0
发票金额和订单不一致怎么办,SOP：当用户忘记密码时可通过短信验证重置密码,0.0
咨询一下企业发票怎么开,标准流程：当商品存在质量问题时，上传问题图片后发起退货退款申请，并按要求寄回商品，并在系统中记录处理结果。,0.0
咨询一下发票金额和订单不一致怎么办,商品存在质量问题时可申请退货退款。,0.0
请问退款后发票怎么处理,处理规则：若支付渠道维护中，可引导用户稍后重试或切换到其他支付方式。,0.0
优惠券过期了还能恢复吗,处理规则：忘记密码时可通过找回密码流程恢复账号访问，完成后更新工单状态。,0.0
请教一下商品有问题怎么退货,建议处理：优惠券过期后将无法继续使用，完成后更新工单状态。,0.0
想问下验证码登录失败怎么办,标准流程：商家入驻审核通过后方可发布商品，并在系统中记录处理结果。,0.0
请问验证码登录失败怎么办,商家入驻审核通过后方可发布商品，必要时联系人工客服协助。,0.0
请教一下付款后订单一直没成功怎么处理,当用户忘记密码时，可通过找回密码流程恢复账号访问,0.0
物流一直不更新怎么办,标准流程：发票抬头填写错误需红冲后重新开票,0.0
想问下优惠券过期了还能恢复吗,建议处理：物流异常时可联系商家或物流公司核实，并在系统中记录处理结果。,0.0
请问退款后发票怎么处理,SOP：当用户忘记密码时可通过短信验证重置密码，完成后更新工单状态。,0.0
咨询一下怎么查物流怎么处理,忘记密码时点击找回密码并重置登录密码,0.0
退款审核要多久,SOP：当密码重置仍失败时，可提交人工审核工单，由客服核验身份后恢复账号访问，并在系统中记录处理结果。,0.0
我想知道满减券不能用怎么办,账号被冻结后需提交身份材料申请解冻,0.0
请教一下手机号换了收不到验证码怎么办,发票申请提交后将在一到三个工作日内完成审核,0.0
麻烦问一下什么时候发货要怎么解决,当支付失败后订单仍保留时，需在有效期内重新支付，否则订单将自动取消。,0.0
麻烦问一下登录时一直提示密码不对怎么办,建议处理：商品签收后七天内可申请无理由退货,0.0
麻烦问一下连续输错密码后无法登录怎么办,若优惠券被系统回收，可能与订单取消、退款或违规活动有关，完成后更新工单状态。,0.0
想问下登录提示需要身份验证怎么处理,SOP：优惠券仅可在满足满减门槛的订单中使用，并在系统中记录处理结果。,0.0
想问下优惠券过期了还能恢复吗有没有处理办法,处理规则：忘记密码时可通过找回密码流程恢复账号访问，完成后更新工单状态。,0.0
咨询一下订单完成后怎么补开发票应该怎么弄,处理规则：支付失败时可更换支付渠道重新付款，必要时联系人工客服协助。,0.0
麻烦问一下订单完成后怎么补开发票怎么处理,当物流长时间未更新时，先核对承运商节点信息，再联系物流公司或商家发起物流异常核查,0.0
请问商家拒绝退款怎么办,登录需要二次验证时先完成身份校验,0.0
我想知道满减券不能用怎么办,处理规则：账号被冻结后需提交身份材料申请解冻，必要时联系人工客服协助。,0.0
支付时报错了怎么办,SOP：发票审核失败通常与抬头、税号或邮箱格式错误有关，修改后可重新提交，并在系统中记录处理结果。,0.0
麻烦问一下密码不记得了怎么登录,订单支付超时后系统将在三十分钟后自动关闭订单。,0.0
请教一下快递停滞几天了怎么办,SOP：发票抬头填写错误需红冲后重新开票，必要时联系人工客服协助。,0.0
登录时一直提示密码不对怎么办,SOP：发票申请提交后将在一到三个工作日内完成审核，完成后更新工单状态。,0.0
想问下支付页面卡住了怎么处理,建议处理：账号被冻结时需提交身份验证材料申请解冻，并在系统中记录处理结果。,0.0
下单付款时提示风控拦截怎么办,标准流程：订单详情页可查看物流单号并跳转到承运商页面查询,0.0
支付页面卡住了怎么处理,标准流程：首次登录时建议完成手机号绑定,0.0
请问订单完成后怎么补开发票要怎么解决,当物流长时间未更新时，先核对承运商节点信息，再联系物流公司或商家发起物流异常核查，必要时联系人工客服协助。,0.0
请教一下新人券不能使用怎么处理,当发货前发现地址填写错误时，可在商家发货前申请修改收货地址,0.0
麻烦问一下账号登不上去提示密码错误怎么办,建议处理：商品签收后七天内可申请无理由退货。,0.0
密码不记得了怎么登录有没有处理办法,商家入驻审核通过后方可发布商品,0.0
麻烦问一下快递显示签收但我没收到怎么办,SOP：当账号被冻结时需提交身份验证材料申请解冻,0.0
麻烦问一下登录提示需要身份验证怎么处理,处理规则：签收后七天内可申请无理由退货，超出时限需按商品规则处理,0.0
帮我看看发货太慢怎么催要怎么解决,发票抬头填写错误需红冲后重新开票，必要时联系人工客服协助。,0.0
麻烦问一下退货物流填错了怎么办,建议处理：登录需要二次验证时先完成身份校验，必要时联系人工客服协助。,0.0
想问下为什么提示不满足优惠条件,标准流程：物流异常时可联系商家或物流公司核实,0.0
请教一下为什么提示不满足优惠条件如何处理,发票抬头填写错误需红冲后重新开票，完成后更新工单状态。,0.0
帮我看看发票抬头填错了怎么办,SOP：物流长时间未更新时可联系物流公司核实，必要时联系人工客服协助。,0.0
请教一下满减券不能用怎么办,账号被冻结后需提交身份材料申请解冻,0.0
银行卡扣款了但订单没生成怎么办,发货后用户可在物流页查看运输节点更新,0.0
退款一直没到账怎么处理,处理规则：发票申请提交后将在一到三个工作日内完成审核，并在系统中记录处理结果。,0.0
请问连续输错密码后无法登录怎么办,订单支付超时后系统将在三十分钟后自动关闭订单。,0.0
请教一下账号被锁了怎么恢复登录,当退款迟迟未到账时，先核对退款状态和原支付渠道到账周期，超时后联系客服处理，并在系统中记录处理结果。,0.0
帮我看看发票金额和订单不一致怎么办,标准流程：当包裹显示签收但用户未收到时，先联系派件员核实签收情况，必要时申请丢件调查或补发,0.0
支付成功但页面显示未支付怎么办,首次登录时建议完成手机号绑定,0.0
想问下怎么申请退款怎么处理,建议处理：发票申请提交后将在一到三个工作日内完成审核，完成后更新工单状态。,0.0
咨询一下退款审核要多久怎么处理,建议处理：用户忘记密码时可通过短信验证重置密码，并在系统中记录处理结果。,0.0
咨询一下订单完成后怎么补开发票应该怎么弄,处理规则：支付失败时可更换支付渠道重新付款，并在系统中记录处理结果。,0.0
麻烦问一下发票一直没开出来怎么办,SOP：当用户收不到短信验证码时，先检查手机号绑定状态，再切换邮箱验证或联系客服处理，完成后更新工单状态。,0.0
什么时候发货,售后被拒绝时可补充凭证重新提交，并在系统中记录处理结果。,0.0
请问退款一直没到账怎么处理,用户忘记密码时可通过短信验证重置密码,0.0
咨询一下支付成功但页面显示未支付怎么办,SOP：若用户急需商品，可优先与商家协商更换配送方式。,0.0
请教一下怎么查物流如何处理,忘记密码时点击找回密码并重置登录密码,0.0
帮我看看活动价和优惠券能叠加吗怎么处理,发票抬头填写错误需红冲后重新开票,0.0
想问下支付成功但页面显示未支付怎么办,建议处理：发货后用户可在物流页查看运输节点更新,0.0
账号登不上去提示密码错误怎么办,发票申请提交后将在一到三个工作日内完成审核,0.0
帮我看看快递停滞几天了怎么办,建议处理：纸质发票如需邮寄，请确认邮寄地址和联系人信息无误，完成后更新工单状态。,0.0
账号登不上去提示密码错误怎么办,建议处理：企业发票需填写公司名称、税号等开票信息，审核通过后方可开具，完成后更新工单状态。,0.0
请教一下支付成功但页面显示未支付怎么办,建议处理：发货后用户可在物流页查看运输节点更新,0.0
请问支付页面卡住了怎么处理,建议处理：当商品存在质量问题时，上传问题图片后发起退货退款申请，并按要求寄回商品。,0.0
请问订单已发货还能拦截吗如何处理,忘记密码时点击找回密码并重置登录密码,0.0
咨询一下订单想退款怎么操作,发票申请提交后将在一到三个工作日内完成审核,0.0
新人券不能使用怎么处理,建议处理：忘记密码时可通过找回密码流程恢复账号访问，必要时联系人工客服协助。,0.0
我想知道支付时报错了怎么办,SOP：物流停滞受天气、节假日或中转异常影响时，可等待一到两天后再观察节点更新，并在系统中记录处理结果。,0.0
包裹丢了怎么处理,SOP：当账号被冻结时需提交身份验证材料申请解冻，必要时联系人工客服协助。,0.0
咨询一下支付时报错了怎么办,SOP：发票审核失败通常与抬头、税号或邮箱格式错误有关，修改后可重新提交，并在系统中记录处理结果。,0.0
请教一下微信支付后状态一直未更新怎么办,若用户急需商品，可优先与商家协商更换配送方式。,0.0
活动价和优惠券能叠加吗,处理规则：当发货超时未出库时，提醒商家尽快发货，超出承诺时效可申请补偿或取消订单，必要时联系人工客服协助。,0.0
想问下银行卡扣款了但订单没生成怎么办,建议处理：当用户忘记密码时，可通过找回密码流程恢复账号访问，完成后更新工单状态。,0.0
咨询一下店铺券和平台券怎么一起用该怎么办,SOP：支付失败时可更换支付方式重新尝试,0.0
企业发票怎么开,物流长时间未更新时可联系物流公司核实，并在系统中记录处理结果。,0.0
发票抬头填错了怎么办,建议处理：物流长时间未更新时可联系物流公司核实，并在系统中记录处理结果。,0.0
我想知道订单重复扣款怎么退款该怎么办,建议处理：当用户忘记密码时，可通过找回密码流程恢复账号访问，完成后更新工单状态。,0.0
麻烦问一下电子发票在哪里下载有没有处理办法,当用户忘记密码时可通过短信验证重置密码，并在系统中记录处理结果。,0.0
咨询一下快递停滞几天了怎么办,售后被拒绝时可补充凭证重新提交,0.0
电子发票在哪里下载,处理规则：当用户忘记密码时可通过短信验证重置密码，并在系统中记录处理结果。,0.0
麻烦问一下支付时报错了怎么办,处理规则：发票审核失败通常与抬头、税号或邮箱格式错误有关，修改后可重新提交,0.0
怎么申请发票如何处理,处理规则：当用户忘记密码时可通过短信验证重置密码,0.0
请教一下下单付款时提示风控拦截怎么办,售后审核通过后系统将安排退款,0.0
订单完成后怎么补开发票,处理规则：当物流长时间未更新时，先核对承运商节点信息，再联系物流公司或商家发起物流异常核查，必要时联系人工客服协助。,0.0
我想知道发票一直没开出来怎么办,标准流程：商家发货前可申请修改收货地址，必要时联系人工客服协助。,0.0
快递停滞几天了怎么办,售后被拒绝时可补充凭证重新提交,0.0
帮我看看店铺券和平台券怎么一起用有没有处理办法,发票抬头填写错误需红冲后重新开票，完成后更新工单状态。,0.0
领了优惠券结算时不生效应该怎么弄,建议处理：忘记密码时可通过找回密码流程恢复账号访问，完成后更新工单状态。,0.0
请教一下企业发票怎么开怎么处理,标准流程：当商品存在质量问题时，上传问题图片后发起退货退款申请，并按要求寄回商品，并在系统中记录处理结果。,0.0
请问发票审核失败怎么办,标准流程：商品存在质量问题时可申请退货退款,0.0
帮我看看订单已发货还能拦截吗有没有处理办法,建议处理：忘记密码时点击找回密码并重置登录密码，完成后更新工单状态。,0.0
退货物流填错了怎么办,标准流程：发票申请提交后将在一到三个工作日内完成审核,0.0
帮我看看电子发票在哪里下载该怎么办,处理规则：商品存在质量问题时可申请退货退款，并在系统中记录处理结果。,0.0
请教一下微信支付后状态一直未更新怎么办,建议处理：账号被冻结时需提交身份验证材料申请解冻，必要时联系人工客服协助。,0.0
想问下商品坏了怎么走售后如何处理,发票申请提交后将在一到三个工作日内完成审核,0.0
帮我看看快递显示签收但我没收到怎么办,SOP：当账号被冻结时需提交身份验证材料申请解冻,0.0
想问下账号登不上去提示密码错误怎么办,若购物车内含不参与活动商品，可能导致整单无法使用指定优惠券,0.0
咨询一下订单支付失败怎么办,标准流程：当用户忘记密码时，可通过找回密码流程恢复账号访问，完成后更新工单状态。,0.0
帮我看看支付时报错了怎么办,处理规则：售后审核通过后系统将安排退款,0.0
帮我看看收到货不满意可以退吗有没有处理办法,处理规则：当用户忘记密码时，点击忘记密码按钮并完成身份校验后重置密码，恢复账号访问，并在系统中记录处理结果。,0.0
商品有问题怎么退货如何处理,建议处理：当支付失败时，可更换支付方式重新付款，完成后更新工单状态。,0.0
请教一下什么时候发货怎么处理,当支付失败后订单仍保留时，需在有效期内重新支付，否则订单将自动取消,0.0
麻烦问一下快递停滞几天了怎么办,当新人券无法使用时，确认账号是否为新用户以及是否符合新人活动规则,0.0
请教一下发票金额和订单不一致怎么办,处理规则：当包裹显示签收但用户未收到时，先联系派件员核实签收情况，必要时申请丢件调查或补发，完成后更新工单状态。,0.0
退款审核要多久,标准流程：当密码重置仍失败时，可提交人工审核工单，由客服核验身份后恢复账号访问，必要时联系人工客服协助。,0.0
帮我看看怎么申请退款有没有处理办法,建议处理：发票申请提交后将在一到三个工作日内完成审核，完成后更新工单状态。,0.0
麻烦问一下订单重复扣款怎么退款该怎么办,标准流程：当满减券不生效时，检查结算商品是否参与活动以及是否已达到最低使用门槛，必要时联系人工客服协助。,0.0
快递停滞几天了怎么办,处理规则：售后被拒绝时可补充凭证重新提交，并在系统中记录处理结果。,0.0
密码不记得了怎么登录有没有处理办法,处理规则：商家入驻审核通过后方可发布商品。,0.0
连续输错密码后无法登录怎么办,标准流程：商家入驻审核通过后方可发布商品，完成后更新工单状态。,0.0
帮我看看订单支付失败怎么办,处理规则：当用户忘记密码时，可通过找回密码流程恢复账号访问,0.0
银行卡扣款了但订单没生成怎么办,处理规则：发货后用户可在物流页查看运输节点更新，必要时联系人工客服协助。,0.0
请问发票一直没开出来怎么办,建议处理：商品存在质量问题时可申请退货退款，并在系统中记录处理结果。,0.0
帮我看看账号登不上去提示密码错误怎么办,标准流程：企业发票需填写公司名称、税号等开票信息，审核通过后方可开具，必要时联系人工客服协助。,0.0
麻烦问一下怎么申请发票,物流长时间未更新时可联系物流公司核实，完成后更新工单状态。,0.0
请问支付页面卡住了怎么处理,店铺券和平台券能否叠加需以活动规则为准，不支持叠加时仅可选择其中一种使用,0.0
快递异常怎么处理,SOP：当账号因输错密码次数过多被锁定时，等待解锁时间结束或通过身份验证解锁后重新登录。,0.0
我想知道快递异常怎么处理,处理规则：当账号被冻结时需提交身份验证材料申请解冻，并在系统中记录处理结果。,0.0
我想知道下单付款时提示风控拦截怎么办,订单详情页可查看物流单号并跳转到承运商页面查询,0.0
想问下连续输错密码后无法登录怎么办,建议处理：商家入驻审核通过后方可发布商品，完成后更新工单状态。,0.0
麻烦问一下商品坏了怎么走售后,标准流程：用户忘记密码时可通过短信验证重置密码,0.0
请教一下发票抬头填错了怎么办,商品存在质量问题时可申请退货退款,0.0
麻烦问一下收到货不满意可以退吗如何处理,处理规则：当支付失败时，可更换支付方式重新付款，并在系统中记录处理结果。,0.0
帮我看看快递停滞几天了怎么办,标准流程：售后被拒绝时可补充凭证重新提交，必要时联系人工客服协助。,0.0
麻烦问一下订单重复扣款怎么退款该怎么办,建议处理：当用户忘记密码时，可通过找回密码流程恢复账号访问。,0.0
帮我看看商家拒绝退款怎么办,标准流程：当支付失败时，可更换支付方式重新付款。,0.0
请问微信支付后状态一直未更新怎么办,建议处理：若用户急需商品，可优先与商家协商更换配送方式，并在系统中记录处理结果。,0.0
想问下物流一直不更新怎么办,标准流程：当账号被冻结时需提交身份验证材料申请解冻，必要时联系人工客服协助。,0.0
请教一下售后申请被拒绝怎么办,用户忘记密码时可通过短信验证重置密码,0.0
支付时报错了怎么办,处理规则：发货后用户可在物流页查看运输节点更新,0.0
商品坏了怎么走售后,建议处理：若支付渠道维护中，可引导用户稍后重试或切换到其他支付方式,0.0
咨询一下新人券不能使用怎么处理,处理规则：支付失败时可更换支付方式重新尝试。,0.0
商品有问题怎么退货,建议处理：当支付失败时，可更换支付方式重新付款，完成后更新工单状态。,0.0
麻烦问一下电子发票在哪里下载怎么处理,标准流程：当售后被拒绝时，可根据拒绝原因补充凭证后再次提交或申请平台介入，必要时联系人工客服协助。,0.0
我想知道包裹丢了怎么处理,当账号被冻结时需提交身份验证材料申请解冻,0.0
商品坏了怎么走售后如何处理,若支付渠道维护中，可引导用户稍后重试或切换到其他支付方式，必要时联系人工客服协助。,0.0
请教一下手机号换了收不到验证码怎么办,标准流程：订单支付超时后系统将在三十分钟后自动关闭订单，必要时联系人工客服协助。,0.0
订单想退款怎么操作,SOP：当支付失败时，可更换支付方式重新付款。,0.0
麻烦问一下订单重复扣款怎么退款该怎么办,SOP：当用户忘记密码时，可通过找回密码流程恢复账号访问。,0.0
下单付款时提示风控拦截怎么办,标准流程：首次登录时建议完成手机号绑定，完成后更新工单状态。,0.0
想问下地址填错了还能改吗,商家入驻需先提交营业执照和资质材料,0.0
请教一下新人券不能使用怎么处理,标准流程：忘记密码时可通过找回密码流程恢复账号访问，完成后更新工单状态。,0.0
帮我看看收到货不满意可以退吗如何处理,发票申请提交后将在一到三个工作日内完成审核,0.0
请教一下退货物流填错了怎么办,SOP：订单详情页可查看物流单号并跳转到承运商页面查询，并在系统中记录处理结果。,0.0
帮我看看下单付款时提示风控拦截怎么办,SOP：首次登录时建议完成手机号绑定。,0.0
商家拒绝退款怎么办,处理规则：当支付失败时，可更换支付方式重新付款，完成后更新工单状态。,0.0
快递异常怎么处理,处理规则：售后被拒绝时可补充凭证重新提交，完成后更新工单状态。,0.0
帮我看看收到货不满意可以退吗有没有处理办法,当用户忘记密码时，点击忘记密码按钮并完成身份校验后重置密码，恢复账号访问,0.0
麻烦问一下电子发票在哪里下载怎么处理,标准流程：当售后被拒绝时，可根据拒绝原因补充凭证后再次提交或申请平台介入，完成后更新工单状态。,0.0
请问优惠券过期了还能恢复吗,标准流程：当登录需要二次验证时，校验绑定手机或邮箱验证码，验证通过后允许登录，完成后更新工单状态。,0.0
帮我看看支付页面卡住了怎么处理,SOP：首次登录时建议完成手机号绑定。,0.0
麻烦问一下活动价和优惠券能叠加吗有没有处理办法,账号被冻结后需提交身份材料申请解冻,0.0
请问验证码登录失败怎么办,标准流程：订单支付超时后系统将在三十分钟后自动关闭订单。,0.0
请教一下订单重复扣款怎么退款有没有处理办法,标准流程：首次登录时建议完成手机号绑定。,0.0
麻烦问一下订单支付失败怎么办,SOP：账号被冻结时需提交身份验证材料申请解冻，必要时联系人工客服协助。,0.0
想问下优惠券为什么用不了有没有处理办法,处理规则：发票抬头填写错误需红冲后重新开票，必要时联系人工客服协助。,0.0
优惠券为什么用不了,处理规则：发票抬头填写错误需红冲后重新开票，必要时联系人工客服协助。,0.0
企业发票怎么开该怎么办,处理规则：当商品存在质量问题时，上传问题图片后发起退货退款申请，并按要求寄回商品，必要时联系人工客服协助。,0.0
退款一直没到账怎么处理,物流停滞受天气、节假日或中转异常影响时，可等待一到两天后再观察节点更新,0.0
我想知道怎么申请发票如何处理,建议处理：当扣款成功但订单未更新为已支付时，查询支付回调记录并触发补单流程修正订单状态，完成后更新工单状态。,0.0
我想知道商品有问题怎么退货要怎么解决,优惠券过期后将无法继续使用，必要时联系人工客服协助。,0.0
怎么查物流,处理规则：发票抬头填写错误需红冲后重新开票，并在系统中记录处理结果。,0.0
收到货不满意可以退吗,建议处理：发票申请提交后将在一到三个工作日内完成审核,0.0
请问支付宝支付失败怎么办,标准流程：账号被冻结时需提交身份验证材料申请解冻，完成后更新工单状态。,0.0
咨询一下什么时候发货有没有处理办法,售后被拒绝时可补充凭证重新提交，完成后更新工单状态。,0.0
我想知道发票审核失败怎么办,处理规则：支付失败时可更换支付渠道重新付款，并在系统中记录处理结果。,0.0
请问活动价和优惠券能叠加吗如何处理,建议处理：当发货超时未出库时，提醒商家尽快发货，超出承诺时效可申请补偿或取消订单，并在系统中记录处理结果。,0.0
连续输错密码后无法登录怎么办,若优惠券被系统回收，可能与订单取消、退款或违规活动有关。,0.0
请教一下怎么查物流要怎么解决,SOP：发票抬头填写错误需红冲后重新开票，并在系统中记录处理结果。,0.0
我想知道快递显示签收但我没收到怎么办,SOP：当账号被冻结时需提交身份验证材料申请解冻,0.0
退款审核要多久,发票申请提交后将在一到三个工作日内完成审核,0.0
想问下发票抬头填错了怎么办,当密码重置仍失败时，可提交人工审核工单，由客服核验身份后恢复账号访问,0.0
我想知道怎么查物流怎么处理,SOP：发票抬头填写错误需红冲后重新开票，并在系统中记录处理结果。,0.0
请问为什么提示不满足优惠条件如何处理,建议处理：发票抬头填写错误需红冲后重新开票。,0.0
咨询一下退款一直没到账怎么处理,处理规则：用户忘记密码时可通过短信验证重置密码，并在系统中记录处理结果。,0.0
帮我看看商家拒绝退款怎么办,当支付失败时，可更换支付方式重新付款,0.0
想问下发票邮箱填错了怎么改有没有处理办法,商家发货前可申请修改收货地址,0.0
请教一下银行卡扣款了但订单没生成怎么办,建议处理：发货后用户可在物流页查看运输节点更新。,0.0
帮我看看付款后订单一直没成功怎么处理,首次登录时建议完成手机号绑定，完成后更新工单状态。,0.0
麻烦问一下支付页面卡住了怎么处理,建议处理：店铺券和平台券能否叠加需以活动规则为准，不支持叠加时仅可选择其中一种使用，完成后更新工单状态。,0.0
咨询一下商品坏了怎么走售后要怎么解决,SOP：发票申请提交后将在一到三个工作日内完成审核，完成后更新工单状态。,0.0
麻烦问一下发货太慢怎么催要怎么解决,标准流程：商家入驻需先提交营业执照和资质材料。,0.0
请教一下用户无法登录系统怎么处理,标准流程：订单支付超时后系统将在三十分钟后自动关闭订单，完成后更新工单状态。,0.0
退款审核要多久,用户忘记密码时可通过短信验证重置密码,0.0
发票邮箱填错了怎么改要怎么解决,标准流程：商家发货前可申请修改收货地址，并在系统中记录处理结果。,0.0
帮我看看快递停滞几天了怎么办,售后被拒绝时可补充凭证重新提交，完成后更新工单状态。,0.0
我想知道商品有问题怎么退货要怎么解决,优惠券过期后将无法继续使用。,0.0
银行卡扣款了但订单没生成怎么办,标准流程：当用户忘记密码时，可通过找回密码流程恢复账号访问，完成后更新工单状态。,0.0
我想知道发货太慢怎么催如何处理,标准流程：商家入驻需先提交营业执照和资质材料。,0.0
请问连续输错密码后无法登录怎么办,若优惠券被系统回收，可能与订单取消、退款或违规活动有关，完成后更新工单状态。,0.0
麻烦问一下密码不记得了怎么登录有没有处理办法,标准流程：商家入驻审核通过后方可发布商品，完成后更新工单状态。,0.0
请教一下支付时报错了怎么办,售后审核通过后系统将安排退款,0.0
想问下满减券不能用怎么办,SOP：支付失败时可更换支付方式重新尝试，必要时联系人工客服协助。,0.0
请问物流一直不更新怎么办,标准流程：当账号被冻结时需提交身份验证材料申请解冻，必要时联系人工客服协助。,0.0
请问领了优惠券结算时不生效怎么处理,物流异常时可联系商家或物流公司核实,0.0
请教一下快递停滞几天了怎么办,处理规则：纸质发票如需邮寄，请确认邮寄地址和联系人信息无误,0.0
支付时报错了怎么办,发票审核失败通常与抬头、税号或邮箱格式错误有关，修改后可重新提交。,0.0
帮我看看订单支付失败怎么办,处理规则：当用户忘记密码时，可通过找回密码流程恢复账号访问，完成后更新工单状态。,0.0
请问活动价和优惠券能叠加吗如何处理,SOP：当发货超时未出库时，提醒商家尽快发货，超出承诺时效可申请补偿或取消订单，必要时联系人工客服协助。,0.0
咨询一下支付成功但页面显示未支付怎么办,处理规则：首次登录时建议完成手机号绑定，完成后更新工单状态。,0.0
售后申请被拒绝怎么办,发票申请提交后将在一到三个工作日内完成审核,0.0
请教一下快递停滞几天了怎么办,建议处理：纸质发票如需邮寄，请确认邮寄地址和联系人信息无误，完成后更新工单状态。,0.0
咨询一下退款后发票怎么处理,物流长时间未更新时可联系物流公司核实，并在系统中记录处理结果。,0.0
请问订单想退款怎么操作,当支付失败时，可更换支付方式重新付款,0.0
想问下退款后发票怎么处理,处理规则：当用户忘记密码时可通过短信验证重置密码,0.0
咨询一下商家拒绝退款怎么办,处理规则：物流停滞受天气、节假日或中转异常影响时，可等待一到两天后再观察节点更新,0.0
帮我看看快递显示签收但我没收到怎么办,当账号被冻结时需提交身份验证材料申请解冻,0.0
咨询一下新人券不能使用怎么处理,支付失败时可更换支付方式重新尝试,0.0
咨询一下发票一直没开出来怎么办,标准流程：当用户收不到短信验证码时，先检查手机号绑定状态，再切换邮箱验证或联系客服处理，完成后更新工单状态。,0.0
付款后订单一直没成功怎么处理,标准流程：首次登录时建议完成手机号绑定,0.0
请问密码不记得了怎么登录应该怎么弄,订单支付超时后系统将在三十分钟后自动关闭订单,0.0
麻烦问一下领了优惠券结算时不生效应该怎么弄,物流异常时可联系商家或物流公司核实，必要时联系人工客服协助。,0.0
请教一下退货物流填错了怎么办,建议处理：订单详情页可查看物流单号并跳转到承运商页面查询，完成后更新工单状态。,0.0
咨询一下发票审核失败怎么办,处理规则：支付失败时可更换支付渠道重新付款，并在系统中记录处理结果。,0.0
咨询一下用户无法登录系统怎么处理,订单支付超时后系统将在三十分钟后自动关闭订单，完成后更新工单状态。,0.0
想问下支付页面卡住了怎么处理,标准流程：首次登录时建议完成手机号绑定,0.0
我想知道快递停滞几天了怎么办,当新人券无法使用时，确认账号是否为新用户以及是否符合新人活动规则，并在系统中记录处理结果。,0.0
密码不记得了怎么登录该怎么办,标准流程：商家入驻审核通过后方可发布商品，完成后更新工单状态。,0.0
订单支付失败怎么办,当用户忘记密码时，可通过找回密码流程恢复账号访问,0.0
下单付款时提示风控拦截怎么办,建议处理：首次登录时建议完成手机号绑定。,0.0
店铺券和平台券怎么一起用,SOP：支付失败时可更换支付方式重新尝试,0.0
帮我看看支付宝支付失败怎么办,建议处理：账号被冻结时需提交身份验证材料申请解冻，并在系统中记录处理结果。,0.0
帮我看看支付成功但页面显示未支付怎么办,建议处理：发货后用户可在物流页查看运输节点更新,0.0
新人券不能使用怎么处理,处理规则：当发货前发现地址填写错误时，可在商家发货前申请修改收货地址，并在系统中记录处理结果。,0.0
想问下企业发票怎么开怎么处理,标准流程：物流长时间未更新时可联系物流公司核实。,0.0
想问下支付时报错了怎么办,建议处理：发货后用户可在物流页查看运输节点更新，并在系统中记录处理结果。,0.0
退款审核要多久,SOP：用户忘记密码时可通过短信验证重置密码，并在系统中记录处理结果。,0.0
麻烦问一下退款审核要多久要怎么解决,SOP：当密码重置仍失败时，可提交人工审核工单，由客服核验身份后恢复账号访问，并在系统中记录处理结果。,0.0
麻烦问一下什么时候发货要怎么解决,标准流程：当支付失败后订单仍保留时，需在有效期内重新支付，否则订单将自动取消,0.0
咨询一下支付页面卡住了怎么处理,SOP：账号被冻结时需提交身份验证材料申请解冻。,0.0
麻烦问一下收到货不满意可以退吗如何处理,建议处理：当支付失败时，可更换支付方式重新付款，并在系统中记录处理结果。,0.0
请问发票一直没开出来怎么办,建议处理：商家发货前可申请修改收货地址，完成后更新工单状态。,0.0
请问用户无法登录系统怎么处理,发票申请提交后将在一到三个工作日内完成审核,0.0
请教一下退款一直没到账怎么处理,物流停滞受天气、节假日或中转异常影响时，可等待一到两天后再观察节点更新,0.0
怎么申请发票,建议处理：当扣款成功但订单未更新为已支付时，查询支付回调记录并触发补单流程修正订单状态。,0.0
账号被锁了怎么恢复登录,标准流程：订单支付超时后系统将在三十分钟后自动关闭订单，必要时联系人工客服协助。,0.0
帮我看看支付页面卡住了怎么处理,建议处理：当商品存在质量问题时，上传问题图片后发起退货退款申请，并按要求寄回商品。,0.0
帮我看看退款审核要多久该怎么办,建议处理：发票申请提交后将在一到三个工作日内完成审核，完成后更新工单状态。,0.0
想问下支付时报错了怎么办,发货后用户可在物流页查看运输节点更新,0.0
请问手机号换了收不到验证码怎么办,发票申请提交后将在一到三个工作日内完成审核,0.0
请问订单支付失败怎么办,账号被冻结时需提交身份验证材料申请解冻,0.0
麻烦问一下密码不记得了怎么登录,建议处理：订单支付超时后系统将在三十分钟后自动关闭订单。,0.0
咨询一下活动价和优惠券能叠加吗,标准流程：当用户忘记密码时，点击忘记密码按钮并完成身份校验后重置密码，恢复账号访问,0.0
退款一直没到账怎么处理,SOP：物流停滞受天气、节假日或中转异常影响时，可等待一到两天后再观察节点更新，并在系统中记录处理结果。,0.0
麻烦问一下支付成功但页面显示未支付怎么办,建议处理：若用户急需商品，可优先与商家协商更换配送方式，必要时联系人工客服协助。,0.0
咨询一下店铺券和平台券怎么一起用该怎么办,支付失败时可更换支付方式重新尝试，完成后更新工单状态。,0.0
登录时一直提示密码不对怎么办,若支付密码连续输错，可先重置支付密码后再尝试完成付款，必要时联系人工客服协助。,0.0
想问下领了优惠券结算时不生效怎么处理,物流异常时可联系商家或物流公司核实,0.0
我想知道为什么提示不满足优惠条件该怎么办,发票抬头填写错误需红冲后重新开票，完成后更新工单状态。,0.0
咨询一下发票抬头填错了怎么办,建议处理：当密码重置仍失败时，可提交人工审核工单，由客服核验身份后恢复账号访问，并在系统中记录处理结果。,0.0
咨询一下怎么查物流怎么处理,处理规则：忘记密码时点击找回密码并重置登录密码，必要时联系人工客服协助。,0.0
请问订单完成后怎么补开发票该怎么办,处理规则：支付失败时可更换支付渠道重新付款，并在系统中记录处理结果。,0.0
订单重复扣款怎么退款,当用户忘记密码时，可通过找回密码流程恢复账号访问,0.0
收到货不满意可以退吗,SOP：发票申请提交后将在一到三个工作日内完成审核,0.0
登录时一直提示密码不对怎么办,建议处理：若支付密码连续输错，可先重置支付密码后再尝试完成付款，并在系统中记录处理结果。,0.0
优惠券过期了还能恢复吗,建议处理：物流异常时可联系商家或物流公司核实，并在系统中记录处理结果。,0.0
我想知道用户忘记密码登录不了怎么办,发票申请提交后将在一到三个工作日内完成审核。,0.0
请问订单完成后怎么补开发票要怎么解决,处理规则：当物流长时间未更新时，先核对承运商节点信息，再联系物流公司或商家发起物流异常核查，必要时联系人工客服协助。,0.0
咨询一下什么时候发货有没有处理办法,售后被拒绝时可补充凭证重新提交,0.0
登录时一直提示密码不对怎么办,SOP：发票申请提交后将在一到三个工作日内完成审核，并在系统中记录处理结果。,0.0
帮我看看退款一直没到账怎么处理,当密码重置仍失败时，可提交人工审核工单，由客服核验身份后恢复账号访问,0.0
订单已发货还能拦截吗,忘记密码时点击找回密码并重置登录密码，并在系统中记录处理结果。,0.0
帮我看看发票金额和订单不一致怎么办,处理规则：当包裹显示签收但用户未收到时，先联系派件员核实签收情况，必要时申请丢件调查或补发，完成后更新工单状态。,0.0
麻烦问一下支付时优惠券失效了怎么办,账号被冻结后需提交身份材料申请解冻,0.0
想问下收到货不满意可以退吗应该怎么弄,处理规则：当用户忘记密码时，点击忘记密码按钮并完成身份校验后重置密码，恢复账号访问，并在系统中记录处理结果。,0.0
麻烦问一下连续输错密码后无法登录怎么办,商家入驻审核通过后方可发布商品。,0.0
请问发票审核失败怎么办,商品存在质量问题时可申请退货退款,0.0
帮我看看发票邮箱填错了怎么改应该怎么弄,标准流程：商品存在质量问题时可申请退货退款，并在系统中记录处理结果。,0.0
咨询一下发票邮箱填错了怎么改要怎么解决,标准流程：商品存在质量问题时可申请退货退款，并在系统中记录处理结果。,0.0
想问下登录提示需要身份验证怎么处理,标准流程：优惠券仅可在满足满减门槛的订单中使用。,0.0
请问什么时候发货要怎么解决,SOP：发票抬头填写错误需红冲后重新开票，并在系统中记录处理结果。,0.0
我想知道快递显示签收但我没收到怎么办,商家入驻需先提交营业执照和资质材料，并在系统中记录处理结果。,0.0
什么时候发货,SOP：发票抬头填写错误需红冲后重新开票，并在系统中记录处理结果。,0.0
麻烦问一下支付时优惠券失效了怎么办,忘记密码时可通过找回密码流程恢复账号访问，并在系统中记录处理结果。,0.0
麻烦问一下账号被锁了怎么恢复登录,商品签收后七天内可申请无理由退货,0.0
帮我看看优惠券为什么用不了该怎么办,处理规则：账号被冻结后需提交身份材料申请解冻，完成后更新工单状态。,0.0
想问下发票金额和订单不一致怎么办,SOP：当用户忘记密码时可通过短信验证重置密码，并在系统中记录处理结果。,0.0
发票抬头填错了怎么办,商品存在质量问题时可申请退货退款，并在系统中记录处理结果。,0.0
想问下商家拒绝退款怎么办,标准流程：当支付失败时，可更换支付方式重新付款,0.0
帮我看看快递显示签收但我没收到怎么办,标准流程：优惠券到账可能存在延迟，可稍后刷新页面再次查看，完成后更新工单状态。,0.0
麻烦问一下验证码登录失败怎么办,标准流程：订单支付超时后系统将在三十分钟后自动关闭订单。,0.0
咨询一下快递停滞几天了怎么办,售后被拒绝时可补充凭证重新提交，完成后更新工单状态。,0.0
我想知道支付时优惠券失效了怎么办,建议处理：账号被冻结后需提交身份材料申请解冻，并在系统中记录处理结果。,0.0
麻烦问一下支付时优惠券失效了怎么办,SOP：忘记密码时可通过找回密码流程恢复账号访问,0.0
帮我看看连续输错密码后无法登录怎么办,处理规则：订单支付超时后系统将在三十分钟后自动关闭订单。,0.0
咨询一下账号登不上去提示密码错误怎么办,建议处理：商品签收后七天内可申请无理由退货，并在系统中记录处理结果。,0.0
商品坏了怎么走售后,建议处理：用户忘记密码时可通过短信验证重置密码，并在系统中记录处理结果。,0.0
请问优惠券为什么用不了怎么处理,处理规则：账号被冻结后需提交身份材料申请解冻，完成后更新工单状态。,0.0
麻烦问一下订单支付失败怎么办,签收后七天内可申请无理由退货，超出时限需按商品规则处理,0.0
想问下物流一直不更新怎么办,当账号被冻结时需提交身份验证材料申请解冻，必要时联系人工客服协助。,0.0
我想知道发票金额和订单不一致怎么办,标准流程：商品存在质量问题时可申请退货退款,0.0
帮我看看支付宝支付失败怎么办,处理规则：账号被冻结时需提交身份验证材料申请解冻。,0.0
请问发票金额和订单不一致怎么办,处理规则：当用户忘记密码时可通过短信验证重置密码，必要时联系人工客服协助。,0.0
新人券不能使用怎么处理,忘记密码时可通过找回密码流程恢复账号访问,0.0
退款一直没到账怎么处理,SOP：发票申请提交后将在一到三个工作日内完成审核,0.0
包裹丢了怎么处理,处理规则：忘记密码时点击找回密码并重置登录密码，完成后更新工单状态。,0.0
想问下活动价和优惠券能叠加吗怎么处理,发票抬头填写错误需红冲后重新开票,0.0
帮我看看商品坏了怎么走售后如何处理,发票申请提交后将在一到三个工作日内完成审核，并在系统中记录处理结果。,0.0
帮我看看快递停滞几天了怎么办,发票抬头填写错误需红冲后重新开票,0.0
订单完成后怎么补开发票,当物流长时间未更新时，先核对承运商节点信息，再联系物流公司或商家发起物流异常核查,0.0
咨询一下快递异常怎么处理,SOP：当账号被冻结时需提交身份验证材料申请解冻。,0.0
麻烦问一下发票抬头填错了怎么办,SOP：商品存在质量问题时可申请退货退款,0.0
请问怎么申请发票要怎么解决,处理规则：物流长时间未更新时可联系物流公司核实，必要时联系人工客服协助。,0.0
帮我看看退款审核要多久该怎么办,发票申请提交后将在一到三个工作日内完成审核，完成后更新工单状态。,0.0
帮我看看商品坏了怎么走售后如何处理,发票申请提交后将在一到三个工作日内完成审核,0.0
付款后订单一直没成功怎么处理,首次登录时建议完成手机号绑定，并在系统中记录处理结果。,0.0
帮我看看验证码登录失败怎么办,订单支付超时后系统将在三十分钟后自动关闭订单,0.0
请教一下发票邮箱填错了怎么改如何处理,标准流程：商品存在质量问题时可申请退货退款，必要时联系人工客服协助。,0.0
咨询一下退款后发票怎么处理,物流长时间未更新时可联系物流公司核实,0.0
商品坏了怎么走售后,建议处理：用户忘记密码时可通过短信验证重置密码，必要时联系人工客服协助。,0.0
怎么申请退款,建议处理：优惠券过期后将无法继续使用,0.0
咨询一下发票审核失败怎么办,处理规则：支付失败时可更换支付渠道重新付款，必要时联系人工客服协助。,0.0
我想知道发票审核失败怎么办,支付失败时可更换支付渠道重新付款,0.0
帮我看看退款一直没到账怎么处理,处理规则：发票申请提交后将在一到三个工作日内完成审核，并在系统中记录处理结果。,0.0
我想知道快递异常怎么处理,当账号被冻结时需提交身份验证材料申请解冻,0.0
帮我看看用户忘记密码登录不了怎么办,标准流程：发票申请提交后将在一到三个工作日内完成审核，必要时联系人工客服协助。,0.0
想问下领了优惠券结算时不生效怎么处理,建议处理：物流异常时可联系商家或物流公司核实,0.0
请问企业发票怎么开要怎么解决,建议处理：商家发货前可申请修改收货地址，并在系统中记录处理结果。,0.0
想问下满减券不能用怎么办,处理规则：支付失败时可更换支付方式重新尝试。,0.0
请问发票金额和订单不一致怎么办,当用户忘记密码时可通过短信验证重置密码,0.0
快递异常怎么处理,建议处理：当账号因输错密码次数过多被锁定时，等待解锁时间结束或通过身份验证解锁后重新登录,0.0
想问下支付页面卡住了怎么处理,建议处理：首次登录时建议完成手机号绑定，并在系统中记录处理结果。,0.0
想问下商品坏了怎么走售后如何处理,发票申请提交后将在一到三个工作日内完成审核，并在系统中记录处理结果。,0.0
我想知道快递显示签收但我没收到怎么办,商家入驻需先提交营业执照和资质材料，完成后更新工单状态。,0.0
麻烦问一下登录提示需要身份验证怎么处理,标准流程：商品签收后七天内可申请无理由退货,0.0
请问新人券不能使用怎么处理,SOP：支付失败时可更换支付方式重新尝试，必要时联系人工客服协助。,0.0
我想知道支付时优惠券失效了怎么办,忘记密码时可通过找回密码流程恢复账号访问,0.0
麻烦问一下支付宝支付失败怎么办,建议处理：售后审核通过后系统将安排退款,0.0
咨询一下快递停滞几天了怎么办,建议处理：纸质发票如需邮寄，请确认邮寄地址和联系人信息无误，并在系统中记录处理结果。,0.0
咨询一下用户忘记密码登录不了怎么办,建议处理：优惠券仅可在满足满减门槛的订单中使用，必要时联系人工客服协助。,0.0
麻烦问一下账号被锁了怎么恢复登录,当退款迟迟未到账时，先核对退款状态和原支付渠道到账周期，超时后联系客服处理,0.0
帮我看看订单完成后怎么补开发票应该怎么弄,物流长时间未更新时可联系物流公司核实,0.0
咨询一下登录时一直提示密码不对怎么办,SOP：若支付密码连续输错，可先重置支付密码后再尝试完成付款。,0.0
帮我看看快递停滞几天了怎么办,SOP：发票抬头填写错误需红冲后重新开票，必要时联系人工客服协助。,0.0
请教一下新人券不能使用怎么处理,忘记密码时可通过找回密码流程恢复账号访问,0.0
想问下订单已发货还能拦截吗要怎么解决,处理规则：当账号被冻结时需提交身份验证材料申请解冻。,0.0
订单重复扣款怎么退款如何处理,SOP：首次登录时建议完成手机号绑定，完成后更新工单状态。,0.0
想问下银行卡扣款了但订单没生成怎么办,当用户忘记密码时，可通过找回密码流程恢复账号访问,0.0
我想知道商品坏了怎么走售后应该怎么弄,处理规则：若支付渠道维护中，可引导用户稍后重试或切换到其他支付方式,0.0
请问支付页面卡住了怎么处理,账号被冻结时需提交身份验证材料申请解冻，并在系统中记录处理结果。,0.0
我想知道发货太慢怎么催应该怎么弄,建议处理：发票抬头填写错误需红冲后重新开票，必要时联系人工客服协助。,0.0
快递异常怎么处理,处理规则：售后被拒绝时可补充凭证重新提交,0.0
请问银行卡扣款了但订单没生成怎么办,当用户忘记密码时，可通过找回密码流程恢复账号访问,0.0
麻烦问一下订单完成后怎么补开发票怎么处理,处理规则：当物流长时间未更新时，先核对承运商节点信息，再联系物流公司或商家发起物流异常核查，必要时联系人工客服协助。,0.0
我想知道登录提示需要身份验证怎么处理,标准流程：商品签收后七天内可申请无理由退货,0.0
想问下账号登不上去提示密码错误怎么办,标准流程：企业发票需填写公司名称、税号等开票信息，审核通过后方可开具，必要时联系人工客服协助。,0.0
麻烦问一下快递异常怎么处理,建议处理：当账号因输错密码次数过多被锁定时，等待解锁时间结束或通过身份验证解锁后重新登录，并在系统中记录处理结果。,0.0
支付时报错了怎么办,物流停滞受天气、节假日或中转异常影响时，可等待一到两天后再观察节点更新，完成后更新工单状态。,0.0
企业发票怎么开应该怎么弄,建议处理：物流长时间未更新时可联系物流公司核实，完成后更新工单状态。,0.0
快递停滞几天了怎么办,发票抬头填写错误需红冲后重新开票，并在系统中记录处理结果。,0.0
怎么申请退款,建议处理：发票申请提交后将在一到三个工作日内完成审核。,0.0
我想知道地址填错了还能改吗,标准流程：商家入驻需先提交营业执照和资质材料，完成后更新工单状态。,0.0
请教一下下单付款时提示风控拦截怎么办,处理规则：售后审核通过后系统将安排退款，完成后更新工单状态。,0.0
咨询一下企业发票怎么开,商家发货前可申请修改收货地址,0.0
想问下发票邮箱填错了怎么改有没有处理办法,建议处理：商家发货前可申请修改收货地址。,0.0
麻烦问一下订单支付失败怎么办,账号被冻结时需提交身份验证材料申请解冻,0.0
发货太慢怎么催,SOP：发票抬头填写错误需红冲后重新开票。,0.0
帮我看看活动价和优惠券能叠加吗怎么处理,建议处理：发票抬头填写错误需红冲后重新开票，完成后更新工单状态。,0.0
请问微信支付后状态一直未更新怎么办,若用户急需商品，可优先与商家协商更换配送方式。,0.0
想问下电子发票在哪里下载有没有处理办法,处理规则：当用户忘记密码时可通过短信验证重置密码，并在系统中记录处理结果。,0.0
请教一下手机号换了收不到验证码怎么办,SOP：订单支付超时后系统将在三十分钟后自动关闭订单，并在系统中记录处理结果。,0.0
麻烦问一下发票抬头填错了怎么办,SOP：商品存在质量问题时可申请退货退款，完成后更新工单状态。,0.0
帮我看看订单已发货还能拦截吗有没有处理办法,忘记密码时点击找回密码并重置登录密码，并在系统中记录处理结果。,0.0
咨询一下发票抬头填错了怎么办,标准流程：物流长时间未更新时可联系物流公司核实，完成后更新工单状态。,0.0
我想知道发货太慢怎么催如何处理,建议处理：商家入驻需先提交营业执照和资质材料，并在系统中记录处理结果。,0.0
请教一下手机号换了收不到验证码怎么办,SOP：发票申请提交后将在一到三个工作日内完成审核。,0.0
我想知道账号登不上去提示密码错误怎么办,建议处理：发票申请提交后将在一到三个工作日内完成审核,0.0
活动价和优惠券能叠加吗要怎么解决,处理规则：账号被冻结后需提交身份材料申请解冻。,0.0
什么时候发货,售后被拒绝时可补充凭证重新提交,0.0
请问退款审核要多久如何处理,当密码重置仍失败时，可提交人工审核工单，由客服核验身份后恢复账号访问,0.0
麻烦问一下怎么申请发票,处理规则：物流长时间未更新时可联系物流公司核实，必要时联系人工客服协助。,0.0
想问下怎么申请退款怎么处理,标准流程：发票申请提交后将在一到三个工作日内完成审核，必要时联系人工客服协助。,0.0
请教一下满减券不能用怎么办,标准流程：支付失败时可更换支付方式重新尝试。,0.0
订单已发货还能拦截吗怎么处理,标准流程：当账号被冻结时需提交身份验证材料申请解冻,0.0
请问支付时报错了怎么办,处理规则：物流停滞受天气、节假日或中转异常影响时，可等待一到两天后再观察节点更新，必要时联系人工客服协助。,0.0
咨询一下退货物流填错了怎么办,发票申请提交后将在一到三个工作日内完成审核，必要时联系人工客服协助。,0.0
请问订单支付失败怎么办,标准流程：账号被冻结时需提交身份验证材料申请解冻，完成后更新工单状态。,0.0
帮我看看优惠券为什么用不了该怎么办,标准流程：账号被冻结后需提交身份材料申请解冻。,0.0
我想知道发票金额和订单不一致怎么办,商品存在质量问题时可申请退货退款，完成后更新工单状态。,0.0
请问手机号换了收不到验证码怎么办,SOP：订单支付超时后系统将在三十分钟后自动关闭订单，并在系统中记录处理结果。,0.0
麻烦问一下退款审核要多久要怎么解决,标准流程：当密码重置仍失败时，可提交人工审核工单，由客服核验身份后恢复账号访问,0.0
帮我看看退货物流填错了怎么办,订单详情页可查看物流单号并跳转到承运商页面查询,0.0
帮我看看电子发票在哪里下载该怎么办,标准流程：商品存在质量问题时可申请退货退款，并在系统中记录处理结果。,0.0
请问领了优惠券结算时不生效如何处理,建议处理：忘记密码时可通过找回密码流程恢复账号访问，完成后更新工单状态。,0.0
咨询一下怎么查物流有没有处理办法,忘记密码时点击找回密码并重置登录密码。,0.0
帮我看看满减券不能用怎么办,建议处理：支付失败时可更换支付方式重新尝试,0.0
请问商家拒绝退款怎么办,处理规则：物流停滞受天气、节假日或中转异常影响时，可等待一到两天后再观察节点更新，完成后更新工单状态。,0.0
发票一直没开出来怎么办,建议处理：商品存在质量问题时可申请退货退款，并在系统中记录处理结果。,0.0
快递停滞几天了怎么办,SOP：发票抬头填写错误需红冲后重新开票，必要时联系人工客服协助。,0.0
请问领了优惠券结算时不生效怎么处理,SOP：物流异常时可联系商家或物流公司核实，必要时联系人工客服协助。,0.0
我想知道用户忘记密码登录不了怎么办,建议处理：优惠券仅可在满足满减门槛的订单中使用，必要时联系人工客服协助。,0.0
请教一下商品有问题怎么退货,SOP：优惠券过期后将无法继续使用，必要时联系人工客服协助。,0.0
用户忘记密码登录不了怎么办,标准流程：当优惠券无法使用时，先核对有效期、适用商品范围和订单金额是否满足使用条件，并在系统中记录处理结果。,0.0
我想知道下单付款时提示风控拦截怎么办,首次登录时建议完成手机号绑定，完成后更新工单状态。,0.0
想问下企业发票怎么开怎么处理,建议处理：物流长时间未更新时可联系物流公司核实，完成后更新工单状态。,0.0
想问下为什么提示不满足优惠条件,标准流程：物流异常时可联系商家或物流公司核实，必要时联系人工客服协助。,0.0
麻烦问一下优惠券被回收了怎么办,处理规则：支付失败时可更换支付方式重新尝试。,0.0
请问用户无法登录系统怎么处理,处理规则：发票申请提交后将在一到三个工作日内完成审核，并在系统中记录处理结果。,0.0
账号登不上去提示密码错误怎么办,若购物车内含不参与活动商品，可能导致整单无法使用指定优惠券,0.0
帮我看看连续输错密码后无法登录怎么办,订单支付超时后系统将在三十分钟后自动关闭订单。,0.0
我想知道登录时一直提示密码不对怎么办,SOP：若支付密码连续输错，可先重置支付密码后再尝试完成付款。,0.0
退款审核要多久要怎么解决,建议处理：用户忘记密码时可通过短信验证重置密码,0.0
请教一下订单支付失败怎么办,SOP：签收后七天内可申请无理由退货，超出时限需按商品规则处理，并在系统中记录处理结果。,0.0
咨询一下快递异常怎么处理,处理规则：售后被拒绝时可补充凭证重新提交，完成后更新工单状态。,0.0
订单想退款怎么操作,标准流程：当支付失败时，可更换支付方式重新付款，必要时联系人工客服协助。,0.0
优惠券过期了还能恢复吗,处理规则：当登录需要二次验证时，校验绑定手机或邮箱验证码，验证通过后允许登录,0.0
我想知道退货物流填错了怎么办,发票申请提交后将在一到三个工作日内完成审核，必要时联系人工客服协助。,0.0
发票一直没开出来怎么办,签收后七天内可申请无理由退货，超出时限需按商品规则处理,0.0
我想知道发票一直没开出来怎么办,SOP：签收后七天内可申请无理由退货，超出时限需按商品规则处理，并在系统中记录处理结果。,0.0
请教一下账号被锁了怎么恢复登录,商品签收后七天内可申请无理由退货，必要时联系人工客服协助。,0.0
咨询一下订单完成后怎么补开发票该怎么办,处理规则：支付失败时可更换支付渠道重新付款，并在系统中记录处理结果。,0.0
订单已发货还能拦截吗,建议处理：忘记密码时点击找回密码并重置登录密码，必要时联系人工客服协助。,0.0
请问新人券不能使用怎么处理,支付失败时可更换支付方式重新尝试,0.0
想问下支付时优惠券失效了怎么办,建议处理：忘记密码时可通过找回密码流程恢复账号访问，完成后更新工单状态。,0.0
帮我看看付款后订单一直没成功怎么处理,标准流程：首次登录时建议完成手机号绑定,0.0
我想知道付款后订单一直没成功怎么处理,处理规则：首次登录时建议完成手机号绑定，必要时联系人工客服协助。,0.0
请教一下企业发票怎么开怎么处理,当商品存在质量问题时，上传问题图片后发起退货退款申请，并按要求寄回商品,0.0
麻烦问一下电子发票在哪里下载有没有处理办法,当用户忘记密码时可通过短信验证重置密码,0.0
请教一下账号登不上去提示密码错误怎么办,标准流程：发票申请提交后将在一到三个工作日内完成审核，必要时联系人工客服协助。,0.0
请教一下活动价和优惠券能叠加吗有没有处理办法,SOP：账号被冻结后需提交身份材料申请解冻，并在系统中记录处理结果。,0.0
咨询一下发票邮箱填错了怎么改要怎么解决,建议处理：商品存在质量问题时可申请退货退款，并在系统中记录处理结果。,0.0
咨询一下支付页面卡住了怎么处理,账号被冻结时需提交身份验证材料申请解冻，并在系统中记录处理结果。,0.0
快递显示签收但我没收到怎么办,商家入驻需先提交营业执照和资质材料,0.0
麻烦问一下账号登不上去提示密码错误怎么办,SOP：若购物车内含不参与活动商品，可能导致整单无法使用指定优惠券，并在系统中记录处理结果。,0.0
我想知道快递停滞几天了怎么办,当新人券无法使用时，确认账号是否为新用户以及是否符合新人活动规则。,0.0
请问活动价和优惠券能叠加吗该怎么办,SOP：当发货超时未出库时，提醒商家尽快发货，超出承诺时效可申请补偿或取消订单，必要时联系人工客服协助。,0.0
想问下订单已发货还能拦截吗要怎么解决,标准流程：当账号被冻结时需提交身份验证材料申请解冻,0.0
请教一下地址填错了还能改吗,当账号被冻结时需提交身份验证材料申请解冻，完成后更新工单状态。,0.0
咨询一下支付时报错了怎么办,处理规则：发票审核失败通常与抬头、税号或邮箱格式错误有关，修改后可重新提交,0.0
想问下快递显示签收但我没收到怎么办,优惠券到账可能存在延迟，可稍后刷新页面再次查看,0.0
想问下发票抬头填错了怎么办,标准流程：当密码重置仍失败时，可提交人工审核工单，由客服核验身份后恢复账号访问。,0.0
请教一下用户忘记密码登录不了怎么办,标准流程：当优惠券无法使用时，先核对有效期、适用商品范围和订单金额是否满足使用条件，并在系统中记录处理结果。,0.0
想问下订单想退款怎么操作,SOP：发票申请提交后将在一到三个工作日内完成审核，完成后更新工单状态。,0.0
想问下收到货不满意可以退吗要怎么解决,当用户忘记密码时，点击忘记密码按钮并完成身份校验后重置密码，恢复账号访问，并在系统中记录处理结果。,0.0
想问下支付成功但页面显示未支付怎么办,SOP：发货后用户可在物流页查看运输节点更新，必要时联系人工客服协助。,0.0
想问下优惠券过期了还能恢复吗有没有处理办法,处理规则：忘记密码时可通过找回密码流程恢复账号访问，并在系统中记录处理结果。,0.0
咨询一下退款后发票怎么处理,若支付渠道维护中，可引导用户稍后重试或切换到其他支付方式,0.0
为什么提示不满足优惠条件怎么处理,标准流程：物流异常时可联系商家或物流公司核实,0.0
麻烦问一下活动价和优惠券能叠加吗有没有处理办法,当用户忘记密码时，点击忘记密码按钮并完成身份校验后重置密码，恢复账号访问,0.0
订单重复扣款怎么退款,建议处理：当用户忘记密码时，可通过找回密码流程恢复账号访问。,0.0
帮我看看快递异常怎么处理,建议处理：当账号因输错密码次数过多被锁定时，等待解锁时间结束或通过身份验证解锁后重新登录，并在系统中记录处理结果。,0.0
企业发票怎么开应该怎么弄,SOP：物流长时间未更新时可联系物流公司核实，并在系统中记录处理结果。,0.0
帮我看看登录提示需要身份验证怎么处理,签收后七天内可申请无理由退货，超出时限需按商品规则处理,0.0
咨询一下账号被锁了怎么恢复登录,建议处理：商品签收后七天内可申请无理由退货，完成后更新工单状态。,0.0
麻烦问一下收到货不满意可以退吗应该怎么弄,处理规则：当支付失败时，可更换支付方式重新付款。,0.0
想问下优惠券被回收了怎么办,SOP：支付失败时可更换支付方式重新尝试,0.0
咨询一下商家拒绝退款怎么办,建议处理：登录需要二次验证时先完成身份校验，并在系统中记录处理结果。,0.0
请教一下支付成功但页面显示未支付怎么办,处理规则：发货后用户可在物流页查看运输节点更新。,0.0
请教一下活动价和优惠券能叠加吗有没有处理办法,处理规则：账号被冻结后需提交身份材料申请解冻。,0.0
发票邮箱填错了怎么改,建议处理：商家发货前可申请修改收货地址。,0.0
请问支付页面卡住了怎么处理,账号被冻结时需提交身份验证材料申请解冻,0.0
请问用户无法登录系统怎么处理,SOP：订单支付超时后系统将在三十分钟后自动关闭订单,0.0
帮我看看发票邮箱填错了怎么改应该怎么弄,建议处理：商品存在质量问题时可申请退货退款，并在系统中记录处理结果。,0.0
商品坏了怎么走售后,若支付渠道维护中，可引导用户稍后重试或切换到其他支付方式,0.0
想问下用户忘记密码登录不了怎么办,发票申请提交后将在一到三个工作日内完成审核,0.0
请教一下账号被锁了怎么恢复登录,处理规则：当退款迟迟未到账时，先核对退款状态和原支付渠道到账周期，超时后联系客服处理，并在系统中记录处理结果。,0.0
退款后发票怎么处理,若支付渠道维护中，可引导用户稍后重试或切换到其他支付方式,0.0
咨询一下订单完成后怎么补开发票该怎么办,处理规则：支付失败时可更换支付渠道重新付款，必要时联系人工客服协助。,0.0
请教一下怎么查物流如何处理,忘记密码时点击找回密码并重置登录密码，完成后更新工单状态。,0.0
发票金额和订单不一致怎么办,处理规则：当用户忘记密码时可通过短信验证重置密码，必要时联系人工客服协助。,0.0
咨询一下账号被锁了怎么恢复登录,商品签收后七天内可申请无理由退货,0.0
我想知道订单重复扣款怎么退款应该怎么弄,当满减券不生效时，检查结算商品是否参与活动以及是否已达到最低使用门槛,0.0
优惠券为什么用不了该怎么办,标准流程：账号被冻结后需提交身份材料申请解冻，并在系统中记录处理结果。,0.0
麻烦问一下优惠券为什么用不了,SOP：发票抬头填写错误需红冲后重新开票。,0.0
发票邮箱填错了怎么改,商家发货前可申请修改收货地址,0.0
咨询一下登录时一直提示密码不对怎么办,建议处理：商品签收后七天内可申请无理由退货,0.0
请问支付成功但页面显示未支付怎么办,建议处理：若用户急需商品，可优先与商家协商更换配送方式，必要时联系人工客服协助。,0.0
咨询一下企业发票怎么开,SOP：当商品存在质量问题时，上传问题图片后发起退货退款申请，并按要求寄回商品，并在系统中记录处理结果。,0.0
我想知道登录时一直提示密码不对怎么办,若支付密码连续输错，可先重置支付密码后再尝试完成付款，必要时联系人工客服协助。,0.0
订单重复扣款怎么退款,处理规则：当满减券不生效时，检查结算商品是否参与活动以及是否已达到最低使用门槛，并在系统中记录处理结果。,0.0
想问下登录时一直提示密码不对怎么办,处理规则：发票申请提交后将在一到三个工作日内完成审核,0.0
帮我看看快递异常怎么处理,建议处理：当账号因输错密码次数过多被锁定时，等待解锁时间结束或通过身份验证解锁后重新登录,0.0
新人券不能使用怎么处理,当发货前发现地址填写错误时，可在商家发货前申请修改收货地址,0.0
活动价和优惠券能叠加吗,处理规则：当用户忘记密码时，点击忘记密码按钮并完成身份校验后重置密码，恢复账号访问,0.0
退款后发票怎么处理,处理规则：若支付渠道维护中，可引导用户稍后重试或切换到其他支付方式。,0.0
帮我看看账号登不上去提示密码错误怎么办,处理规则：企业发票需填写公司名称、税号等开票信息，审核通过后方可开具,0.0
帮我看看发票一直没开出来怎么办,SOP：当用户收不到短信验证码时，先检查手机号绑定状态，再切换邮箱验证或联系客服处理，完成后更新工单状态。,0.0
麻烦问一下包裹丢了怎么处理,处理规则：忘记密码时点击找回密码并重置登录密码，必要时联系人工客服协助。,0.0
咨询一下下单付款时提示风控拦截怎么办,建议处理：售后审核通过后系统将安排退款，完成后更新工单状态。,0.0
请问店铺券和平台券怎么一起用该怎么办,发票抬头填写错误需红冲后重新开票，完成后更新工单状态。,0.0
请教一下订单已发货还能拦截吗要怎么解决,标准流程：当账号被冻结时需提交身份验证材料申请解冻，并在系统中记录处理结果。,0.0
咨询一下支付成功但页面显示未支付怎么办,建议处理：若用户急需商品，可优先与商家协商更换配送方式，必要时联系人工客服协助。,0.0
怎么申请退款,发票申请提交后将在一到三个工作日内完成审核,0.0
咨询一下支付宝支付失败怎么办,售后审核通过后系统将安排退款,0.0
账号被锁了怎么恢复登录,当退款迟迟未到账时，先核对退款状态和原支付渠道到账周期，超时后联系客服处理，完成后更新工单状态。,0.0
请问优惠券被回收了怎么办,SOP：支付失败时可更换支付方式重新尝试，必要时联系人工客服协助。,0.0
麻烦问一下活动价和优惠券能叠加吗有没有处理办法,处理规则：账号被冻结后需提交身份材料申请解冻。,0.0
想问下登录时一直提示密码不对怎么办,SOP：发票申请提交后将在一到三个工作日内完成审核，并在系统中记录处理结果。,0.0
麻烦问一下账号被锁了怎么恢复登录,当退款迟迟未到账时，先核对退款状态和原支付渠道到账周期，超时后联系客服处理，并在系统中记录处理结果。,0.0
咨询一下微信支付后状态一直未更新怎么办,标准流程：账号被冻结时需提交身份验证材料申请解冻，完成后更新工单状态。,0.0
想问下活动价和优惠券能叠加吗怎么处理,建议处理：发票抬头填写错误需红冲后重新开票，完成后更新工单状态。,0.0
我想知道发票一直没开出来怎么办,SOP：签收后七天内可申请无理由退货，超出时限需按商品规则处理。,0.0
请教一下发票金额和订单不一致怎么办,标准流程：当包裹显示签收但用户未收到时，先联系派件员核实签收情况，必要时申请丢件调查或补发,0.0
发票一直没开出来怎么办,商家发货前可申请修改收货地址。,0.0
请教一下支付时报错了怎么办,建议处理：售后审核通过后系统将安排退款,0.0
想问下发票一直没开出来怎么办,签收后七天内可申请无理由退货，超出时限需按商品规则处理,0.0
请教一下售后申请被拒绝怎么办,标准流程：用户忘记密码时可通过短信验证重置密码，完成后更新工单状态。,0.0
退款审核要多久,发票申请提交后将在一到三个工作日内完成审核，并在系统中记录处理结果。,0.0
麻烦问一下支付页面卡住了怎么处理,店铺券和平台券能否叠加需以活动规则为准，不支持叠加时仅可选择其中一种使用，完成后更新工单状态。,0.0
发票金额和订单不一致怎么办,商品存在质量问题时可申请退货退款，完成后更新工单状态。,0.0
请教一下账号登不上去提示密码错误怎么办,SOP：发票申请提交后将在一到三个工作日内完成审核，必要时联系人工客服协助。,0.0
优惠券为什么用不了该怎么办,处理规则：账号被冻结后需提交身份材料申请解冻，完成后更新工单状态。,0.0
想问下收到货不满意可以退吗要怎么解决,处理规则：当用户忘记密码时，点击忘记密码按钮并完成身份校验后重置密码，恢复账号访问，并在系统中记录处理结果。,0.0
商品坏了怎么走售后如何处理,建议处理：用户忘记密码时可通过短信验证重置密码，必要时联系人工客服协助。,0.0
密码不记得了怎么登录该怎么办,商家入驻审核通过后方可发布商品,0.0
请问支付成功但页面显示未支付怎么办,若用户急需商品，可优先与商家协商更换配送方式,0.0
想问下包裹丢了怎么处理,当账号被冻结时需提交身份验证材料申请解冻,0.0
想问下订单支付失败怎么办,签收后七天内可申请无理由退货，超出时限需按商品规则处理，完成后更新工单状态。,0.0
麻烦问一下支付时优惠券失效了怎么办,账号被冻结后需提交身份材料申请解冻，完成后更新工单状态。,0.0
我想知道退货物流填错了怎么办,标准流程：发票申请提交后将在一到三个工作日内完成审核,0.0
我想知道登录提示需要身份验证怎么处理,建议处理：商品签收后七天内可申请无理由退货,0.0
帮我看看登录时一直提示密码不对怎么办,处理规则：商品签收后七天内可申请无理由退货，并在系统中记录处理结果。,0.0
店铺券和平台券怎么一起用怎么处理,支付失败时可更换支付方式重新尝试,0.0
麻烦问一下快递显示签收但我没收到怎么办,商家入驻需先提交营业执照和资质材料，完成后更新工单状态。,0.0
企业发票怎么开,物流长时间未更新时可联系物流公司核实,0.0
优惠券过期了还能恢复吗,标准流程：当登录需要二次验证时，校验绑定手机或邮箱验证码，验证通过后允许登录，必要时联系人工客服协助。,0.0
请问支付时报错了怎么办,售后审核通过后系统将安排退款,0.0
麻烦问一下快递显示签收但我没收到怎么办,优惠券到账可能存在延迟，可稍后刷新页面再次查看,0.0
想问下支付时优惠券失效了怎么办,SOP：忘记密码时可通过找回密码流程恢复账号访问,0.0
连续输错密码后无法登录怎么办,SOP：若优惠券被系统回收，可能与订单取消、退款或违规活动有关，并在系统中记录处理结果。,0.0
我想知道为什么提示不满足优惠条件该怎么办,建议处理：发票抬头填写错误需红冲后重新开票。,0.0
帮我看看账号登不上去提示密码错误怎么办,建议处理：商品签收后七天内可申请无理由退货。,0.0
想问下用户无法登录系统怎么处理,发票申请提交后将在一到三个工作日内完成审核,0.0
想问下用户忘记密码登录不了怎么办,标准流程：发票申请提交后将在一到三个工作日内完成审核，必要时联系人工客服协助。,0.0
请问售后申请被拒绝怎么办,处理规则：发票申请提交后将在一到三个工作日内完成审核。,0.0
咨询一下订单支付失败怎么办,账号被冻结时需提交身份验证材料申请解冻,0.0
咨询一下发票一直没开出来怎么办,当用户收不到短信验证码时，先检查手机号绑定状态，再切换邮箱验证或联系客服处理,0.0
请问发票一直没开出来怎么办,商品存在质量问题时可申请退货退款，并在系统中记录处理结果。,0.0
咨询一下登录时一直提示密码不对怎么办,若支付密码连续输错，可先重置支付密码后再尝试完成付款，必要时联系人工客服协助。,0.0
支付页面卡住了怎么处理,建议处理：首次登录时建议完成手机号绑定，并在系统中记录处理结果。,0.0
想问下优惠券为什么用不了有没有处理办法,SOP：发票抬头填写错误需红冲后重新开票。,0.0
订单想退款怎么操作,SOP：发票申请提交后将在一到三个工作日内完成审核，完成后更新工单状态。,0.0
请教一下商家拒绝退款怎么办,建议处理：登录需要二次验证时先完成身份校验，并在系统中记录处理结果。,0.0
请问企业发票怎么开要怎么解决,SOP：商家发货前可申请修改收货地址，完成后更新工单状态。,0.0
快递显示签收但我没收到怎么办,商家入驻需先提交营业执照和资质材料，并在系统中记录处理结果。,0.0
我想知道退货物流填错了怎么办,登录需要二次验证时先完成身份校验，完成后更新工单状态。,0.0
请问支付时报错了怎么办,SOP：售后审核通过后系统将安排退款，并在系统中记录处理结果。,0.0
请问订单完成后怎么补开发票应该怎么弄,物流长时间未更新时可联系物流公司核实,0.0
请教一下微信支付后状态一直未更新怎么办,处理规则：若用户急需商品，可优先与商家协商更换配送方式，并在系统中记录处理结果。,0.0
帮我看看支付时报错了怎么办,标准流程：售后审核通过后系统将安排退款。,0.0
请教一下物流一直不更新怎么办,处理规则：发票抬头填写错误需红冲后重新开票，必要时联系人工客服协助。,0.0
订单已发货还能拦截吗怎么处理,当账号被冻结时需提交身份验证材料申请解冻,0.0
我想知道发货太慢怎么催怎么处理,商家入驻需先提交营业执照和资质材料。,0.0
麻烦问一下店铺券和平台券怎么一起用应该怎么弄,处理规则：发票抬头填写错误需红冲后重新开票,0.0
退货物流填错了怎么办,处理规则：订单详情页可查看物流单号并跳转到承运商页面查询。,0.0
我想知道付款后订单一直没成功怎么处理,首次登录时建议完成手机号绑定,0.0
请问优惠券过期了还能恢复吗,处理规则：当登录需要二次验证时，校验绑定手机或邮箱验证码，验证通过后允许登录,0.0
发票一直没开出来怎么办,建议处理：商家发货前可申请修改收货地址，完成后更新工单状态。,0.0
发票抬头填错了怎么办,当密码重置仍失败时，可提交人工审核工单，由客服核验身份后恢复账号访问,0.0
我想知道微信支付后状态一直未更新怎么办,首次登录时建议完成手机号绑定，完成后更新工单状态。,0.0
密码不记得了怎么登录要怎么解决,建议处理：订单支付超时后系统将在三十分钟后自动关闭订单。,0.0
想问下银行卡扣款了但订单没生成怎么办,发货后用户可在物流页查看运输节点更新,0.0
帮我看看退款一直没到账怎么处理,处理规则：当密码重置仍失败时，可提交人工审核工单，由客服核验身份后恢复账号访问。,0.0
想问下怎么申请退款,SOP：优惠券过期后将无法继续使用，完成后更新工单状态。,0.0
请问退款审核要多久如何处理,标准流程：当密码重置仍失败时，可提交人工审核工单，由客服核验身份后恢复账号访问，必要时联系人工客服协助。,0.0
麻烦问一下为什么提示不满足优惠条件要怎么解决,标准流程：物流异常时可联系商家或物流公司核实，必要时联系人工客服协助。,0.0
帮我看看快递停滞几天了怎么办,处理规则：纸质发票如需邮寄，请确认邮寄地址和联系人信息无误,0.0
我想知道快递显示签收但我没收到怎么办,SOP：当账号被冻结时需提交身份验证材料申请解冻，完成后更新工单状态。,0.0
帮我看看新人券不能使用怎么处理,SOP：支付失败时可更换支付方式重新尝试，必要时联系人工客服协助。,0.0
麻烦问一下地址填错了还能改吗,商家入驻需先提交营业执照和资质材料,0.0
咨询一下电子发票在哪里下载怎么处理,处理规则：商品存在质量问题时可申请退货退款，并在系统中记录处理结果。,0.0
想问下账号登不上去提示密码错误怎么办,建议处理：企业发票需填写公司名称、税号等开票信息，审核通过后方可开具，完成后更新工单状态。,0.0
咨询一下怎么申请退款,建议处理：优惠券过期后将无法继续使用,0.0
帮我看看包裹丢了怎么处理,忘记密码时点击找回密码并重置登录密码,0.0
商品有问题怎么退货,处理规则：当支付失败时，可更换支付方式重新付款，并在系统中记录处理结果。,0.0
退货物流填错了怎么办,SOP：订单详情页可查看物流单号并跳转到承运商页面查询，并在系统中记录处理结果。,0.0
帮我看看登录提示需要身份验证怎么处理,建议处理：优惠券仅可在满足满减门槛的订单中使用，完成后更新工单状态。,0.0
请问退款后发票怎么处理,处理规则：当用户忘记密码时可通过短信验证重置密码，完成后更新工单状态。,0.0
怎么申请发票如何处理,处理规则：当用户忘记密码时可通过短信验证重置密码，完成后更新工单状态。,0.0
麻烦问一下发货太慢怎么催要怎么解决,商家入驻需先提交营业执照和资质材料。,0.0
麻烦问一下退款后发票怎么处理,处理规则：当用户忘记密码时可通过短信验证重置密码，完成后更新工单状态。,0.0
售后申请被拒绝怎么办,用户忘记密码时可通过短信验证重置密码,0.0
麻烦问一下验证码登录失败怎么办,订单支付超时后系统将在三十分钟后自动关闭订单,0.0
请教一下订单重复扣款怎么退款有没有处理办法,处理规则：首次登录时建议完成手机号绑定。,0.0
满减券不能用怎么办,建议处理：账号被冻结后需提交身份材料申请解冻，完成后更新工单状态。,0.0
登录提示需要身份验证怎么处理,建议处理：优惠券仅可在满足满减门槛的订单中使用，完成后更新工单状态。,0.0
我想知道发票一直没开出来怎么办,SOP：商家发货前可申请修改收货地址。,0.0
什么时候发货怎么处理,SOP：售后被拒绝时可补充凭证重新提交,0.0
微信支付后状态一直未更新怎么办,首次登录时建议完成手机号绑定，完成后更新工单状态。,0.0
想问下账号登不上去提示密码错误怎么办,SOP：若购物车内含不参与活动商品，可能导致整单无法使用指定优惠券，并在系统中记录处理结果。,0.0
请教一下发票一直没开出来怎么办,商品存在质量问题时可申请退货退款，并在系统中记录处理结果。,0.0
请教一下电子发票在哪里下载该怎么办,标准流程：商品存在质量问题时可申请退货退款，并在系统中记录处理结果。,0.0
请教一下售后申请被拒绝怎么办,处理规则：发票申请提交后将在一到三个工作日内完成审核。,0.0
商品坏了怎么走售后如何处理,建议处理：用户忘记密码时可通过短信验证重置密码，并在系统中记录处理结果。,0.0
麻烦问一下下单付款时提示风控拦截怎么办,处理规则：售后审核通过后系统将安排退款，完成后更新工单状态。,0.0
请教一下微信支付后状态一直未更新怎么办,标准流程：账号被冻结时需提交身份验证材料申请解冻，完成后更新工单状态。,0.0
咨询一下快递停滞几天了怎么办,处理规则：纸质发票如需邮寄，请确认邮寄地址和联系人信息无误。,0.0
咨询一下发票金额和订单不一致怎么办,商品存在质量问题时可申请退货退款,0.0
麻烦问一下快递异常怎么处理,SOP：当账号因输错密码次数过多被锁定时，等待解锁时间结束或通过身份验证解锁后重新登录。,0.0
想问下快递异常怎么处理,处理规则：售后被拒绝时可补充凭证重新提交，完成后更新工单状态。,0.0
请教一下满减券不能用怎么办,处理规则：账号被冻结后需提交身份材料申请解冻，必要时联系人工客服协助。,0.0
请问商家拒绝退款怎么办,SOP：登录需要二次验证时先完成身份校验，必要时联系人工客服协助。,0.0
帮我看看怎么申请发票该怎么办,当用户忘记密码时可通过短信验证重置密码,0.0
帮我看看快递显示签收但我没收到怎么办,标准流程：优惠券到账可能存在延迟，可稍后刷新页面再次查看，必要时联系人工客服协助。,0.0
想问下订单想退款怎么操作,标准流程：当支付失败时，可更换支付方式重新付款，必要时联系人工客服协助。,0.0
我想知道支付时优惠券失效了怎么办,账号被冻结后需提交身份材料申请解冻，完成后更新工单状态。,0.0
我想知道微信支付后状态一直未更新怎么办,首次登录时建议完成手机号绑定。,0.0
麻烦问一下账号登不上去提示密码错误怎么办,标准流程：若购物车内含不参与活动商品，可能导致整单无法使用指定优惠券，必要时联系人工客服协助。,0.0
麻烦问一下退款后发票怎么处理,处理规则：当用户忘记密码时可通过短信验证重置密码,0.0
发票金额和订单不一致怎么办,商品存在质量问题时可申请退货退款,0.0
咨询一下退款审核要多久怎么处理,SOP：用户忘记密码时可通过短信验证重置密码，并在系统中记录处理结果。,0.0
我想知道发货太慢怎么催应该怎么弄,发票抬头填写错误需红冲后重新开票,0.0
想问下付款后订单一直没成功怎么处理,标准流程：当用户忘记密码时，可通过找回密码流程恢复账号访问。,0.0
麻烦问一下账号登不上去提示密码错误怎么办,建议处理：商品签收后七天内可申请无理由退货，并在系统中记录处理结果。,0.0
咨询一下电子发票在哪里下载怎么处理,SOP：商品存在质量问题时可申请退货退款，完成后更新工单状态。,0.0
咨询一下账号登不上去提示密码错误怎么办,商品签收后七天内可申请无理由退货。,0.0
我想知道用户忘记密码登录不了怎么办,SOP：优惠券仅可在满足满减门槛的订单中使用,0.0
想问下地址填错了还能改吗,当账号被冻结时需提交身份验证材料申请解冻,0.0
帮我看看支付时报错了怎么办,发货后用户可在物流页查看运输节点更新，完成后更新工单状态。,0.0
咨询一下商家拒绝退款怎么办,SOP：物流停滞受天气、节假日或中转异常影响时，可等待一到两天后再观察节点更新，并在系统中记录处理结果。,0.0
账号登不上去提示密码错误怎么办,处理规则：企业发票需填写公司名称、税号等开票信息，审核通过后方可开具,0.0
发货太慢怎么催,发票抬头填写错误需红冲后重新开票,0.0
麻烦问一下账号被锁了怎么恢复登录,建议处理：商品签收后七天内可申请无理由退货，并在系统中记录处理结果。,0.0
请问用户无法登录系统怎么处理,订单支付超时后系统将在三十分钟后自动关闭订单,0.0
我想知道手机号换了收不到验证码怎么办,标准流程：订单支付超时后系统将在三十分钟后自动关闭订单，必要时联系人工客服协助。,0.0
麻烦问一下用户忘记密码登录不了怎么办,处理规则：当优惠券无法使用时，先核对有效期、适用商品范围和订单金额是否满足使用条件。,0.0
请教一下订单支付失败怎么办,处理规则：签收后七天内可申请无理由退货，超出时限需按商品规则处理,0.0
用户无法登录系统怎么处理,SOP：发票申请提交后将在一到三个工作日内完成审核。,0.0
想问下商家拒绝退款怎么办,处理规则：当支付失败时，可更换支付方式重新付款，完成后更新工单状态。,0.0
登录提示需要身份验证怎么处理,建议处理：商品签收后七天内可申请无理由退货,0.0
验证码登录失败怎么办,商家入驻审核通过后方可发布商品，必要时联系人工客服协助。,0.0
请问优惠券为什么用不了怎么处理,标准流程：账号被冻结后需提交身份材料申请解冻。,0.0
请问新人券不能使用怎么处理,处理规则：忘记密码时可通过找回密码流程恢复账号访问。,0.0
请问下单付款时提示风控拦截怎么办,标准流程：订单详情页可查看物流单号并跳转到承运商页面查询,0.0
请问发票一直没开出来怎么办,商家发货前可申请修改收货地址,0.0
咨询一下商家拒绝退款怎么办,SOP：登录需要二次验证时先完成身份校验，必要时联系人工客服协助。,0.0
验证码登录失败怎么办,SOP：商家入驻审核通过后方可发布商品，必要时联系人工客服协助。,0.0
请问支付页面卡住了怎么处理,当商品存在质量问题时，上传问题图片后发起退货退款申请，并按要求寄回商品。,0.0
帮我看看登录时一直提示密码不对怎么办,建议处理：商品签收后七天内可申请无理由退货,0.0
请教一下订单已发货还能拦截吗要怎么解决,标准流程：当账号被冻结时需提交身份验证材料申请解冻,0.0
请教一下新人券不能使用怎么处理,SOP：当发货前发现地址填写错误时，可在商家发货前申请修改收货地址，并在系统中记录处理结果。,0.0
想问下支付时优惠券失效了怎么办,账号被冻结后需提交身份材料申请解冻,0.0
请问怎么申请发票要怎么解决,物流长时间未更新时可联系物流公司核实。,0.0
售后申请被拒绝怎么办,建议处理：用户忘记密码时可通过短信验证重置密码，必要时联系人工客服协助。,0.0
优惠券被回收了怎么办,SOP：发票抬头填写错误需红冲后重新开票，必要时联系人工客服协助。,0.0
想问下物流一直不更新怎么办,发票抬头填写错误需红冲后重新开票,0.0
请问密码不记得了怎么登录应该怎么弄,订单支付超时后系统将在三十分钟后自动关闭订单。,0.0
麻烦问一下活动价和优惠券能叠加吗有没有处理办法,处理规则：当用户忘记密码时，点击忘记密码按钮并完成身份校验后重置密码，恢复账号访问，必要时联系人工客服协助。,0.0
麻烦问一下密码不记得了怎么登录有没有处理办法,商家入驻审核通过后方可发布商品,0.0
用户忘记密码登录不了怎么办,当优惠券无法使用时，先核对有效期、适用商品范围和订单金额是否满足使用条件,0.0
请教一下优惠券过期了还能恢复吗有没有处理办法,处理规则：忘记密码时可通过找回密码流程恢复账号访问，并在系统中记录处理结果。,0.0
咨询一下怎么申请退款,处理规则：优惠券过期后将无法继续使用，必要时联系人工客服协助。,0.0
请问订单想退款怎么操作,标准流程：当支付失败时，可更换支付方式重新付款，必要时联系人工客服协助。,0.0
我想知道支付页面卡住了怎么处理,当商品存在质量问题时，上传问题图片后发起退货退款申请，并按要求寄回商品。,0.0
麻烦问一下连续输错密码后无法登录怎么办,处理规则：订单支付超时后系统将在三十分钟后自动关闭订单。,0.0
发票审核失败怎么办,支付失败时可更换支付渠道重新付款,0.0
登录提示需要身份验证怎么处理,优惠券仅可在满足满减门槛的订单中使用,0.0
什么时候发货,当支付失败后订单仍保留时，需在有效期内重新支付，否则订单将自动取消，并在系统中记录处理结果。,0.0
咨询一下订单支付失败怎么办,标准流程：账号被冻结时需提交身份验证材料申请解冻，完成后更新工单状态。,0.0
麻烦问一下订单重复扣款怎么退款应该怎么弄,标准流程：首次登录时建议完成手机号绑定。,0.0
请问优惠券被回收了怎么办,建议处理：发票抬头填写错误需红冲后重新开票，必要时联系人工客服协助。,0.0
帮我看看微信支付后状态一直未更新怎么办,建议处理：账号被冻结时需提交身份验证材料申请解冻，必要时联系人工客服协助。,0.0
请教一下优惠券过期了还能恢复吗有没有处理办法,忘记密码时可通过找回密码流程恢复账号访问,0.0
咨询一下快递异常怎么处理,处理规则：售后被拒绝时可补充凭证重新提交。,0.0
微信支付后状态一直未更新怎么办,若用户急需商品，可优先与商家协商更换配送方式。,0.0
请教一下支付宝支付失败怎么办,售后审核通过后系统将安排退款,0.0
支付宝支付失败怎么办,处理规则：当扣款成功但订单未更新为已支付时，查询支付回调记录并触发补单流程修正订单状态，并在系统中记录处理结果。,0.9
请问满减券不能用怎么办,处理规则：当优惠券无法使用时，先核对有效期、适用商品范围和订单金额是否满足使用条件,0.9
我想知道满减券不能用怎么办,建议处理：当优惠券无法使用时，先核对有效期、适用商品范围和订单金额是否满足使用条件，完成后更新工单状态。,0.9
退款审核要多久,当退货物流信息填错时，及时修改正确单号并同步给商家以继续售后流程,0.9
请教一下收到货不满意可以退吗要怎么解决,SOP：当商品存在质量问题时，上传问题图片后发起退货退款申请，并按要求寄回商品，并在系统中记录处理结果。,0.9
退款后发票怎么处理,企业发票需填写公司名称、税号等开票信息，审核通过后方可开具,0.9
麻烦问一下支付页面卡住了怎么处理,处理规则：当支付失败时，先确认支付渠道余额和限额，再更换支付方式重新付款。,0.9
咨询一下售后申请被拒绝怎么办,SOP：当售后被拒绝时，可根据拒绝原因补充凭证后再次提交或申请平台介入，并在系统中记录处理结果。,0.9
我想知道怎么查物流要怎么解决,标准流程：当包裹显示签收但用户未收到时，先联系派件员核实签收情况，必要时申请丢件调查或补发，完成后更新工单状态。,0.9
请教一下发票抬头填错了怎么办,标准流程：当电子发票未收到时，先检查邮箱垃圾箱，再到订单详情页重新下载电子发票。,0.9
我想知道快递显示签收但我没收到怎么办,标准流程：当订单已发货但需拦截时，联系商家发起物流拦截申请，拦截成功后再安排退款或重发,0.9
麻烦问一下退款后发票怎么处理,建议处理：企业发票需填写公司名称、税号等开票信息，审核通过后方可开具。,0.9
想问下微信支付后状态一直未更新怎么办,建议处理：当支付失败时，先确认支付渠道余额和限额，再更换支付方式重新付款，并在系统中记录处理结果。,0.9
帮我看看收到货不满意可以退吗怎么处理,SOP：当商品存在质量问题时，上传问题图片后发起退货退款申请，并按要求寄回商品，并在系统中记录处理结果。,0.9
帮我看看支付页面卡住了怎么处理,SOP：当支付失败时，先确认支付渠道余额和限额，再更换支付方式重新付款，完成后更新工单状态。,0.9
退款后发票怎么处理,SOP：当退款发生后，如已开具发票需按规则申请红字发票或作废处理。,0.9
想问下发票一直没开出来怎么办,SOP：当电子发票未收到时，先检查邮箱垃圾箱，再到订单详情页重新下载电子发票。,0.9
想问下优惠券为什么用不了,SOP：当满减券不生效时，检查结算商品是否参与活动以及是否已达到最低使用门槛，并在系统中记录处理结果。,0.9
想问下发票一直没开出来怎么办,处理规则：当电子发票未收到时，先检查邮箱垃圾箱，再到订单详情页重新下载电子发票，完成后更新工单状态。,0.9
请问下单付款时提示风控拦截怎么办,标准流程：当支付被风控拦截时，需完成风险验证或更换支付账户后重新尝试付款，并在系统中记录处理结果。,0.9
收到货不满意可以退吗该怎么办,当商品存在质量问题时，上传问题图片后发起退货退款申请，并按要求寄回商品，完成后更新工单状态。,0.9
想问下什么时候发货怎么处理,当发货前发现地址填写错误时，可在商家发货前申请修改收货地址，必要时联系人工客服协助。,0.9
请问下单付款时提示风控拦截怎么办,建议处理：当支付被风控拦截时，需完成风险验证或更换支付账户后重新尝试付款，并在系统中记录处理结果。,0.9
我想知道退款一直没到账怎么处理,标准流程：当售后被拒绝时，可根据拒绝原因补充凭证后再次提交或申请平台介入,0.9
怎么申请发票,处理规则：当退款发生后，如已开具发票需按规则申请红字发票或作废处理,0.9
帮我看看物流一直不更新怎么办,SOP：当包裹显示签收但用户未收到时，先联系派件员核实签收情况，必要时申请丢件调查或补发，并在系统中记录处理结果。,0.9
订单完成后怎么补开发票,标准流程：企业发票需填写公司名称、税号等开票信息，审核通过后方可开具,0.9
支付宝支付失败怎么办,当支付被风控拦截时，需完成风险验证或更换支付账户后重新尝试付款。,0.9
电子发票在哪里下载怎么处理,建议处理：企业发票需填写公司名称、税号等开票信息，审核通过后方可开具,0.9
麻烦问一下快递异常怎么处理,建议处理：当订单已发货但需拦截时，联系商家发起物流拦截申请，拦截成功后再安排退款或重发，必要时联系人工客服协助。,0.9
咨询一下订单想退款怎么操作,标准流程：当用户申请退款时，在订单详情页提交退款原因并等待商家审核，审核通过后原路退款,0.9
我想知道支付成功但页面显示未支付怎么办,当出现重复扣款时，核对支付流水后发起原路退款，仅保留一笔有效订单,0.9
想问下退款审核要多久应该怎么弄,当售后被拒绝时，可根据拒绝原因补充凭证后再次提交或申请平台介入，必要时联系人工客服协助。,0.9
请教一下发票抬头填错了怎么办,处理规则：当电子发票未收到时，先检查邮箱垃圾箱，再到订单详情页重新下载电子发票，必要时联系人工客服协助。,0.9
新人券不能使用怎么处理,店铺券和平台券能否叠加需以活动规则为准，不支持叠加时仅可选择其中一种使用,0.9
麻烦问一下订单重复扣款怎么退款怎么处理,标准流程：当页面显示未支付但支付已成功时，以支付流水为准进行订单状态校正,0.9
请问商家拒绝退款怎么办,标准流程：当用户申请退款时，在订单详情页提交退款原因并等待商家审核，审核通过后原路退款,0.9
想问下商家拒绝退款怎么办,处理规则：当用户申请退款时，在订单详情页提交退款原因并等待商家审核，审核通过后原路退款，完成后更新工单状态。,0.9
请教一下支付成功但页面显示未支付怎么办,SOP：当出现重复扣款时，核对支付流水后发起原路退款，仅保留一笔有效订单，完成后更新工单状态。,0.9
麻烦问一下银行卡扣款了但订单没生成怎么办,当页面显示未支付但支付已成功时，以支付流水为准进行订单状态校正，完成后更新工单状态。,0.9
请问密码不记得了怎么登录该怎么办,建议处理：当用户忘记密码时，点击忘记密码按钮并完成身份校验后重置密码，恢复账号访问。,0.9
想问下商品坏了怎么走售后要怎么解决,标准流程：当商品存在质量问题时，上传问题图片后发起退货退款申请，并按要求寄回商品，必要时联系人工客服协助。,0.9
咨询一下满减券不能用怎么办,处理规则：当优惠券无法使用时，先核对有效期、适用商品范围和订单金额是否满足使用条件,0.9
商品坏了怎么走售后如何处理,当商品存在质量问题时，上传问题图片后发起退货退款申请，并按要求寄回商品,0.9
想问下活动价和优惠券能叠加吗,建议处理：当满减券不生效时，检查结算商品是否参与活动以及是否已达到最低使用门槛，并在系统中记录处理结果。,0.9
想问下怎么查物流如何处理,标准流程：当包裹显示签收但用户未收到时，先联系派件员核实签收情况，必要时申请丢件调查或补发，完成后更新工单状态。,0.9
我想知道订单重复扣款怎么退款要怎么解决,当扣款成功但订单未更新为已支付时，查询支付回调记录并触发补单流程修正订单状态，必要时联系人工客服协助。,0.9
支付页面卡住了怎么处理,当扣款成功但订单未更新为已支付时，查询支付回调记录并触发补单流程修正订单状态，必要时联系人工客服协助。,0.9
请教一下收到货不满意可以退吗要怎么解决,当商品存在质量问题时，上传问题图片后发起退货退款申请，并按要求寄回商品,0.9
发票邮箱填错了怎么改,标准流程：当退款发生后，如已开具发票需按规则申请红字发票或作废处理，并在系统中记录处理结果。,0.9
订单完成后怎么补开发票有没有处理办法,企业发票需填写公司名称、税号等开票信息，审核通过后方可开具,0.9
帮我看看订单支付失败怎么办,标准流程：当页面显示未支付但支付已成功时，以支付流水为准进行订单状态校正，并在系统中记录处理结果。,0.9
想问下快递异常怎么处理,标准流程：当物流长时间未更新时，先核对承运商节点信息，再联系物流公司或商家发起物流异常核查。,0.9
麻烦问一下退款一直没到账怎么处理,当退款迟迟未到账时，先核对退款状态和原支付渠道到账周期，超时后联系客服处理,0.9
我想知道快递异常怎么处理,SOP：当物流长时间未更新时，先核对承运商节点信息，再联系物流公司或商家发起物流异常核查。,0.9
麻烦问一下付款后订单一直没成功怎么处理,当支付被风控拦截时，需完成风险验证或更换支付账户后重新尝试付款,0.9
帮我看看下单付款时提示风控拦截怎么办,当支付失败时，先确认支付渠道余额和限额，再更换支付方式重新付款,0.9
我想知道支付页面卡住了怎么处理,当扣款成功但订单未更新为已支付时，查询支付回调记录并触发补单流程修正订单状态，必要时联系人工客服协助。,0.9
麻烦问一下包裹丢了怎么处理,标准流程：当发货超时未出库时，提醒商家尽快发货，超出承诺时效可申请补偿或取消订单,0.9
想问下退款后发票怎么处理,处理规则：当退款发生后，如已开具发票需按规则申请红字发票或作废处理，完成后更新工单状态。,0.9
退款后发票怎么处理,处理规则：当退款发生后，如已开具发票需按规则申请红字发票或作废处理。,0.9
请教一下发票金额和订单不一致怎么办,当退款发生后，如已开具发票需按规则申请红字发票或作废处理,0.9
帮我看看登录时一直提示密码不对怎么办,标准流程：当用户忘记密码时，点击忘记密码按钮并完成身份校验后重置密码，恢复账号访问，并在系统中记录处理结果。,0.9
帮我看看连续输错密码后无法登录怎么办,当系统提示密码错误时，引导用户确认账号信息后使用找回密码流程重置密码,0.9
请教一下活动价和优惠券能叠加吗,当满减券不生效时，检查结算商品是否参与活动以及是否已达到最低使用门槛,0.9
帮我看看退款审核要多久该怎么办,建议处理：当退货物流信息填错时，及时修改正确单号并同步给商家以继续售后流程,0.9
想问下怎么申请发票,当退款发生后，如已开具发票需按规则申请红字发票或作废处理,0.9
请问怎么申请退款如何处理,当退货物流信息填错时，及时修改正确单号并同步给商家以继续售后流程，必要时联系人工客服协助。,0.9
麻烦问一下快递异常怎么处理,当订单已发货但需拦截时，联系商家发起物流拦截申请，拦截成功后再安排退款或重发,0.9
请教一下怎么申请退款有没有处理办法,当退货物流信息填错时，及时修改正确单号并同步给商家以继续售后流程,0.9
帮我看看退款审核要多久如何处理,标准流程：当退货物流信息填错时，及时修改正确单号并同步给商家以继续售后流程,0.9
想问下支付成功但页面显示未支付怎么办,标准流程：当支付失败时，先确认支付渠道余额和限额，再更换支付方式重新付款，完成后更新工单状态。,0.9
请问支付成功但页面显示未支付怎么办,标准流程：当支付失败时，先确认支付渠道余额和限额，再更换支付方式重新付款，完成后更新工单状态。,0.9
商品有问题怎么退货要怎么解决,当售后被拒绝时，可根据拒绝原因补充凭证后再次提交或申请平台介入,0.9
我想知道订单重复扣款怎么退款,当页面显示未支付但支付已成功时，以支付流水为准进行订单状态校正，并在系统中记录处理结果。,0.9
售后申请被拒绝怎么办,标准流程：当售后被拒绝时，可根据拒绝原因补充凭证后再次提交或申请平台介入,0.9
想问下密码不记得了怎么登录,标准流程：当用户收不到短信验证码时，先检查手机号绑定状态，再切换邮箱验证或联系客服处理。,0.9
请教一下退款一直没到账怎么处理,当商品存在质量问题时，上传问题图片后发起退货退款申请，并按要求寄回商品，必要时联系人工客服协助。,0.9
下单付款时提示风控拦截怎么办,处理规则：当支付被风控拦截时，需完成风险验证或更换支付账户后重新尝试付款，完成后更新工单状态。,0.9
请教一下退款一直没到账怎么处理,标准流程：当售后被拒绝时，可根据拒绝原因补充凭证后再次提交或申请平台介入,0.9
麻烦问一下商家拒绝退款怎么办,标准流程：当用户申请退款时，在订单详情页提交退款原因并等待商家审核，审核通过后原路退款,0.9
请问新人券不能使用怎么处理,店铺券和平台券能否叠加需以活动规则为准，不支持叠加时仅可选择其中一种使用,0.9
活动价和优惠券能叠加吗,SOP：当优惠券无法使用时，先核对有效期、适用商品范围和订单金额是否满足使用条件,0.9
新人券不能使用怎么处理,处理规则：店铺券和平台券能否叠加需以活动规则为准，不支持叠加时仅可选择其中一种使用，完成后更新工单状态。,0.9
发票抬头填错了怎么办,SOP：当电子发票未收到时，先检查邮箱垃圾箱，再到订单详情页重新下载电子发票,0.9
连续输错密码后无法登录怎么办,SOP：当系统提示密码错误时，引导用户确认账号信息后使用找回密码流程重置密码，必要时联系人工客服协助。,0.9
退款审核要多久,建议处理：当退货物流信息填错时，及时修改正确单号并同步给商家以继续售后流程，必要时联系人工客服协助。,0.9
帮我看看售后申请被拒绝怎么办,当售后被拒绝时，可根据拒绝原因补充凭证后再次提交或申请平台介入,0.9
请教一下快递异常怎么处理,当包裹显示签收但用户未收到时，先联系派件员核实签收情况，必要时申请丢件调查或补发,0.9
请教一下活动价和优惠券能叠加吗怎么处理,SOP：当优惠券无法使用时，先核对有效期、适用商品范围和订单金额是否满足使用条件,0.9
想问下连续输错密码后无法登录怎么办,当系统提示密码错误时，引导用户确认账号信息后使用找回密码流程重置密码,0.9
咨询一下订单支付失败怎么办,当页面显示未支付但支付已成功时，以支付流水为准进行订单状态校正,0.9
下单付款时提示风控拦截怎么办,建议处理：当支付被风控拦截时，需完成风险验证或更换支付账户后重新尝试付款，并在系统中记录处理结果。,0.9
活动价和优惠券能叠加吗,当优惠券无法使用时，先核对有效期、适用商品范围和订单金额是否满足使用条件,0.9
想问下退款一直没到账怎么处理,SOP：当商品存在质量问题时，上传问题图片后发起退货退款申请，并按要求寄回商品，并在系统中记录处理结果。,0.9
想问下退款后发票怎么处理,处理规则：当退款发生后，如已开具发票需按规则申请红字发票或作废处理。,0.9
请教一下商品有问题怎么退货,标准流程：当售后被拒绝时，可根据拒绝原因补充凭证后再次提交或申请平台介入，并在系统中记录处理结果。,0.9
请教一下退款一直没到账怎么处理,建议处理：当售后被拒绝时，可根据拒绝原因补充凭证后再次提交或申请平台介入。,0.9
发票邮箱填错了怎么改,当退款发生后，如已开具发票需按规则申请红字发票或作废处理,0.9
优惠券为什么用不了,处理规则：当满减券不生效时，检查结算商品是否参与活动以及是否已达到最低使用门槛，完成后更新工单状态。,0.9
想问下领了优惠券结算时不生效要怎么解决,处理规则：店铺券和平台券能否叠加需以活动规则为准，不支持叠加时仅可选择其中一种使用，必要时联系人工客服协助。,0.9
请问订单完成后怎么补开发票怎么处理,处理规则：企业发票需填写公司名称、税号等开票信息，审核通过后方可开具，完成后更新工单状态。,0.9
帮我看看优惠券为什么用不了,店铺券和平台券能否叠加需以活动规则为准，不支持叠加时仅可选择其中一种使用,0.9
商品坏了怎么走售后,当售后被拒绝时，可根据拒绝原因补充凭证后再次提交或申请平台介入。,0.9
想问下银行卡扣款了但订单没生成怎么办,标准流程：当扣款成功但订单未更新为已支付时，查询支付回调记录并触发补单流程修正订单状态。,0.9
什么时候发货怎么处理,处理规则：当发货超时未出库时，提醒商家尽快发货，超出承诺时效可申请补偿或取消订单，并在系统中记录处理结果。,0.9
咨询一下发票一直没开出来怎么办,订单完成后可在发票中心提交开票信息，审核通过后生成电子发票并发送到预留邮箱，必要时联系人工客服协助。,0.9
我想知道支付宝支付失败怎么办,标准流程：当支付被风控拦截时，需完成风险验证或更换支付账户后重新尝试付款，必要时联系人工客服协助。,0.9
想问下发票一直没开出来怎么办,订单完成后可在发票中心提交开票信息，审核通过后生成电子发票并发送到预留邮箱,0.9
咨询一下商品坏了怎么走售后该怎么办,当商品存在质量问题时，上传问题图片后发起退货退款申请，并按要求寄回商品,0.9
咨询一下订单支付失败怎么办,标准流程：当页面显示未支付但支付已成功时，以支付流水为准进行订单状态校正，并在系统中记录处理结果。,0.9
麻烦问一下退货物流填错了怎么办,SOP：当退款迟迟未到账时，先核对退款状态和原支付渠道到账周期，超时后联系客服处理，并在系统中记录处理结果。,0.9
咨询一下售后申请被拒绝怎么办,标准流程：当售后被拒绝时，可根据拒绝原因补充凭证后再次提交或申请平台介入,0.9
请问登录时一直提示密码不对怎么办,SOP：当用户忘记密码时，点击忘记密码按钮并完成身份校验后重置密码，恢复账号访问,0.9
我想知道企业发票怎么开怎么处理,标准流程：订单完成后可在发票中心提交开票信息，审核通过后生成电子发票并发送到预留邮箱，并在系统中记录处理结果。,0.9
咨询一下退款一直没到账怎么处理,标准流程：当售后被拒绝时，可根据拒绝原因补充凭证后再次提交或申请平台介入,0.9
麻烦问一下验证码登录失败怎么办,标准流程：当系统提示密码错误时，引导用户确认账号信息后使用找回密码流程重置密码，必要时联系人工客服协助。,0.9
订单支付失败怎么办,SOP：当页面显示未支付但支付已成功时，以支付流水为准进行订单状态校正，完成后更新工单状态。,0.9
我想知道快递显示签收但我没收到怎么办,建议处理：当订单已发货但需拦截时，联系商家发起物流拦截申请，拦截成功后再安排退款或重发。,0.9
想问下优惠券为什么用不了有没有处理办法,SOP：当满减券不生效时，检查结算商品是否参与活动以及是否已达到最低使用门槛，并在系统中记录处理结果。,0.9
我想知道账号登不上去提示密码错误怎么办,建议处理：当登录需要二次验证时，校验绑定手机或邮箱验证码，验证通过后允许登录。,0.9
怎么申请发票,标准流程：当退款发生后，如已开具发票需按规则申请红字发票或作废处理，完成后更新工单状态。,0.9
想问下满减券不能用怎么办,处理规则：店铺券和平台券能否叠加需以活动规则为准，不支持叠加时仅可选择其中一种使用，并在系统中记录处理结果。,0.9
物流一直不更新怎么办,建议处理：当物流长时间未更新时，先核对承运商节点信息，再联系物流公司或商家发起物流异常核查,0.9
我想知道微信支付后状态一直未更新怎么办,当支付失败时，先确认支付渠道余额和限额，再更换支付方式重新付款,0.9
什么时候发货,建议处理：当发货超时未出库时，提醒商家尽快发货，超出承诺时效可申请补偿或取消订单。,0.9
咨询一下发票邮箱填错了怎么改该怎么办,处理规则：当退款发生后，如已开具发票需按规则申请红字发票或作废处理。,0.9
麻烦问一下包裹丢了怎么处理,当发货超时未出库时，提醒商家尽快发货，超出承诺时效可申请补偿或取消订单。,0.9
帮我看看物流一直不更新怎么办,建议处理：当订单已发货但需拦截时，联系商家发起物流拦截申请，拦截成功后再安排退款或重发，完成后更新工单状态。,0.9
麻烦问一下领了优惠券结算时不生效如何处理,当优惠券无法使用时，先核对有效期、适用商品范围和订单金额是否满足使用条件,0.9
发票一直没开出来怎么办,处理规则：当发票抬头填写错误时，在未开票前可修改抬头信息，已开票需申请红冲后重新开具。,0.9
怎么申请退款要怎么解决,当退货物流信息填错时，及时修改正确单号并同步给商家以继续售后流程，必要时联系人工客服协助。,0.9
想问下领了优惠券结算时不生效该怎么办,处理规则：当优惠券无法使用时，先核对有效期、适用商品范围和订单金额是否满足使用条件，必要时联系人工客服协助。,0.9
密码不记得了怎么登录该怎么办,建议处理：当用户忘记密码时，点击忘记密码按钮并完成身份校验后重置密码，恢复账号访问，并在系统中记录处理结果。,0.9
麻烦问一下物流一直不更新怎么办,建议处理：当物流长时间未更新时，先核对承运商节点信息，再联系物流公司或商家发起物流异常核查，必要时联系人工客服协助。,0.9
我想知道快递异常怎么处理,当物流长时间未更新时，先核对承运商节点信息，再联系物流公司或商家发起物流异常核查,0.9
物流一直不更新怎么办,标准流程：当订单已发货但需拦截时，联系商家发起物流拦截申请，拦截成功后再安排退款或重发，并在系统中记录处理结果。,0.9
想问下满减券不能用怎么办,处理规则：店铺券和平台券能否叠加需以活动规则为准，不支持叠加时仅可选择其中一种使用，必要时联系人工客服协助。,0.9
请问怎么申请退款如何处理,标准流程：当退货物流信息填错时，及时修改正确单号并同步给商家以继续售后流程，必要时联系人工客服协助。,0.9
想问下快递异常怎么处理,当包裹显示签收但用户未收到时，先联系派件员核实签收情况，必要时申请丢件调查或补发，完成后更新工单状态。,0.9
我想知道物流一直不更新怎么办,建议处理：当物流长时间未更新时，先核对承运商节点信息，再联系物流公司或商家发起物流异常核查,0.9
请教一下密码不记得了怎么登录怎么处理,当登录需要二次验证时，校验绑定手机或邮箱验证码，验证通过后允许登录,0.9
快递异常怎么处理,建议处理：当订单已发货但需拦截时，联系商家发起物流拦截申请，拦截成功后再安排退款或重发，必要时联系人工客服协助。,0.9
我想知道企业发票怎么开怎么处理,订单完成后可在发票中心提交开票信息，审核通过后生成电子发票并发送到预留邮箱,0.9
订单想退款怎么操作,建议处理：当售后被拒绝时，可根据拒绝原因补充凭证后再次提交或申请平台介入。,0.9
麻烦问一下快递异常怎么处理,SOP：当物流长时间未更新时，先核对承运商节点信息，再联系物流公司或商家发起物流异常核查。,0.9
商品有问题怎么退货要怎么解决,当售后被拒绝时，可根据拒绝原因补充凭证后再次提交或申请平台介入，并在系统中记录处理结果。,0.9
请问电子发票在哪里下载应该怎么弄,建议处理：当电子发票未收到时，先检查邮箱垃圾箱，再到订单详情页重新下载电子发票，并在系统中记录处理结果。,0.9
支付宝支付失败怎么办,标准流程：当支付被风控拦截时，需完成风险验证或更换支付账户后重新尝试付款，并在系统中记录处理结果。,0.9
订单重复扣款怎么退款应该怎么弄,处理规则：当扣款成功但订单未更新为已支付时，查询支付回调记录并触发补单流程修正订单状态,0.9
我想知道支付宝支付失败怎么办,当支付被风控拦截时，需完成风险验证或更换支付账户后重新尝试付款,0.9
帮我看看银行卡扣款了但订单没生成怎么办,处理规则：当页面显示未支付但支付已成功时，以支付流水为准进行订单状态校正，必要时联系人工客服协助。,0.9
麻烦问一下发票抬头填错了怎么办,当电子发票未收到时，先检查邮箱垃圾箱，再到订单详情页重新下载电子发票,0.9
想问下企业发票怎么开,标准流程：订单完成后可在发票中心提交开票信息，审核通过后生成电子发票并发送到预留邮箱，并在系统中记录处理结果。,0.9
活动价和优惠券能叠加吗,建议处理：当新人券无法使用时，确认账号是否为新用户以及是否符合新人活动规则，完成后更新工单状态。,0.9
麻烦问一下领了优惠券结算时不生效有没有处理办法,SOP：店铺券和平台券能否叠加需以活动规则为准，不支持叠加时仅可选择其中一种使用,0.9
请问发货太慢怎么催,当发货前发现地址填写错误时，可在商家发货前申请修改收货地址，必要时联系人工客服协助。,0.9
麻烦问一下发票一直没开出来怎么办,建议处理：订单完成后可在发票中心提交开票信息，审核通过后生成电子发票并发送到预留邮箱，并在系统中记录处理结果。,0.9
微信支付后状态一直未更新怎么办,SOP：当支付失败时，先确认支付渠道余额和限额，再更换支付方式重新付款，必要时联系人工客服协助。,0.9
帮我看看退款一直没到账怎么处理,建议处理：当商品存在质量问题时，上传问题图片后发起退货退款申请，并按要求寄回商品，完成后更新工单状态。,0.9
请教一下支付成功但页面显示未支付怎么办,标准流程：当支付失败时，先确认支付渠道余额和限额，再更换支付方式重新付款，完成后更新工单状态。,0.9
请教一下支付宝支付失败怎么办,当支付被风控拦截时，需完成风险验证或更换支付账户后重新尝试付款。,0.9
请问订单想退款怎么操作,建议处理：当售后被拒绝时，可根据拒绝原因补充凭证后再次提交或申请平台介入，必要时联系人工客服协助。,0.9
我想知道发票邮箱填错了怎么改应该怎么弄,标准流程：当退款发生后，如已开具发票需按规则申请红字发票或作废处理，必要时联系人工客服协助。,0.9
帮我看看快递异常怎么处理,标准流程：当包裹显示签收但用户未收到时，先联系派件员核实签收情况，必要时申请丢件调查或补发，并在系统中记录处理结果。,0.9
想问下支付成功但页面显示未支付怎么办,当出现重复扣款时，核对支付流水后发起原路退款，仅保留一笔有效订单,0.9
物流一直不更新怎么办,建议处理：当订单已发货但需拦截时，联系商家发起物流拦截申请，拦截成功后再安排退款或重发，并在系统中记录处理结果。,0.9
订单支付失败怎么办,SOP：当页面显示未支付但支付已成功时，以支付流水为准进行订单状态校正。,0.9
帮我看看快递异常怎么处理,当包裹显示签收但用户未收到时，先联系派件员核实签收情况，必要时申请丢件调查或补发，完成后更新工单状态。,0.9
帮我看看登录时一直提示密码不对怎么办,处理规则：当用户忘记密码时，点击忘记密码按钮并完成身份校验后重置密码，恢复账号访问，必要时联系人工客服协助。,0.9
帮我看看售后申请被拒绝怎么办,标准流程：当售后被拒绝时，可根据拒绝原因补充凭证后再次提交或申请平台介入,0.9
咨询一下领了优惠券结算时不生效有没有处理办法,标准流程：当优惠券无法使用时，先核对有效期、适用商品范围和订单金额是否满足使用条件,0.9
麻烦问一下退款后发票怎么处理,企业发票需填写公司名称、税号等开票信息，审核通过后方可开具。,0.9
请问满减券不能用怎么办,处理规则：当优惠券无法使用时，先核对有效期、适用商品范围和订单金额是否满足使用条件，必要时联系人工客服协助。,0.9
退款一直没到账怎么处理,处理规则：当退款迟迟未到账时，先核对退款状态和原支付渠道到账周期，超时后联系客服处理，并在系统中记录处理结果。,0.9
想问下领了优惠券结算时不生效该怎么办,当优惠券无法使用时，先核对有效期、适用商品范围和订单金额是否满足使用条件,0.9
帮我看看怎么申请发票,SOP：当退款发生后，如已开具发票需按规则申请红字发票或作废处理，完成后更新工单状态。,0.9
请问地址填错了还能改吗,处理规则：当发货超时未出库时，提醒商家尽快发货，超出承诺时效可申请补偿或取消订单，必要时联系人工客服协助。,0.9
请教一下下单付款时提示风控拦截怎么办,标准流程：当支付被风控拦截时，需完成风险验证或更换支付账户后重新尝试付款，并在系统中记录处理结果。,0.9
想问下商品坏了怎么走售后要怎么解决,SOP：当商品存在质量问题时，上传问题图片后发起退货退款申请，并按要求寄回商品,0.9
账号登不上去提示密码错误怎么办,标准流程：当登录需要二次验证时，校验绑定手机或邮箱验证码，验证通过后允许登录。,0.9
请问登录时一直提示密码不对怎么办,标准流程：当用户忘记密码时，点击忘记密码按钮并完成身份校验后重置密码，恢复账号访问，必要时联系人工客服协助。,0.9
退款一直没到账怎么处理,建议处理：当退款迟迟未到账时，先核对退款状态和原支付渠道到账周期，超时后联系客服处理，必要时联系人工客服协助。,0.9
物流一直不更新怎么办,当包裹显示签收但用户未收到时，先联系派件员核实签收情况，必要时申请丢件调查或补发,0.9
支付页面卡住了怎么处理,处理规则：当支付失败时，先确认支付渠道余额和限额，再更换支付方式重新付款，并在系统中记录处理结果。,0.9
我想知道密码不记得了怎么登录如何处理,SOP：当登录需要二次验证时，校验绑定手机或邮箱验证码，验证通过后允许登录。,0.9
银行卡扣款了但订单没生成怎么办,标准流程：当扣款成功但订单未更新为已支付时，查询支付回调记录并触发补单流程修正订单状态。,0.9
我想知道怎么查物流要怎么解决,当包裹显示签收但用户未收到时，先联系派件员核实签收情况，必要时申请丢件调查或补发，完成后更新工单状态。,0.9
想问下微信支付后状态一直未更新怎么办,SOP：当支付失败时，先确认支付渠道余额和限额，再更换支付方式重新付款，必要时联系人工客服协助。,0.9
快递异常怎么处理,标准流程：当订单已发货但需拦截时，联系商家发起物流拦截申请，拦截成功后再安排退款或重发，并在系统中记录处理结果。,0.9
帮我看看活动价和优惠券能叠加吗该怎么办,SOP：当新人券无法使用时，确认账号是否为新用户以及是否符合新人活动规则，必要时联系人工客服协助。,0.9
请教一下支付宝支付失败怎么办,建议处理：当扣款成功但订单未更新为已支付时，查询支付回调记录并触发补单流程修正订单状态。,0.9
我想知道怎么查物流,标准流程：当包裹显示签收但用户未收到时，先联系派件员核实签收情况，必要时申请丢件调查或补发，并在系统中记录处理结果。,0.9
请问商品坏了怎么走售后怎么处理,建议处理：当售后被拒绝时，可根据拒绝原因补充凭证后再次提交或申请平台介入，完成后更新工单状态。,0.9
我想知道活动价和优惠券能叠加吗,标准流程：当满减券不生效时，检查结算商品是否参与活动以及是否已达到最低使用门槛，必要时联系人工客服协助。,0.9
想问下订单想退款怎么操作,当售后被拒绝时，可根据拒绝原因补充凭证后再次提交或申请平台介入,0.9
请教一下活动价和优惠券能叠加吗,标准流程：当满减券不生效时，检查结算商品是否参与活动以及是否已达到最低使用门槛，必要时联系人工客服协助。,0.9
咨询一下企业发票怎么开应该怎么弄,标准流程：订单完成后可在发票中心提交开票信息，审核通过后生成电子发票并发送到预留邮箱，并在系统中记录处理结果。,0.9
我想知道商品有问题怎么退货要怎么解决,建议处理：当售后被拒绝时，可根据拒绝原因补充凭证后再次提交或申请平台介入。,0.9
想问下下单付款时提示风控拦截怎么办,当支付失败时，先确认支付渠道余额和限额，再更换支付方式重新付款,0.9
支付页面卡住了怎么处理,建议处理：当扣款成功但订单未更新为已支付时，查询支付回调记录并触发补单流程修正订单状态,0.9
我想知道订单重复扣款怎么退款,标准流程：当页面显示未支付但支付已成功时，以支付流水为准进行订单状态校正,0.9
请问活动价和优惠券能叠加吗要怎么解决,当优惠券无法使用时，先核对有效期、适用商品范围和订单金额是否满足使用条件，必要时联系人工客服协助。,0.9
我想知道商品有问题怎么退货要怎么解决,当售后被拒绝时，可根据拒绝原因补充凭证后再次提交或申请平台介入,0.9
我想知道物流一直不更新怎么办,SOP：当包裹显示签收但用户未收到时，先联系派件员核实签收情况，必要时申请丢件调查或补发，并在系统中记录处理结果。,0.9
帮我看看快递显示签收但我没收到怎么办,处理规则：当订单已发货但需拦截时，联系商家发起物流拦截申请，拦截成功后再安排退款或重发，必要时联系人工客服协助。,0.9
优惠券为什么用不了,SOP：店铺券和平台券能否叠加需以活动规则为准，不支持叠加时仅可选择其中一种使用，必要时联系人工客服协助。,0.9
咨询一下满减券不能用怎么办,当优惠券无法使用时，先核对有效期、适用商品范围和订单金额是否满足使用条件,0.9
麻烦问一下发票一直没开出来怎么办,当电子发票未收到时，先检查邮箱垃圾箱，再到订单详情页重新下载电子发票,0.9
微信支付后状态一直未更新怎么办,建议处理：当支付失败时，先确认支付渠道余额和限额，再更换支付方式重新付款，并在系统中记录处理结果。,0.9
麻烦问一下物流一直不更新怎么办,当物流长时间未更新时，先核对承运商节点信息，再联系物流公司或商家发起物流异常核查,0.9
发票抬头填错了怎么办,处理规则：当电子发票未收到时，先检查邮箱垃圾箱，再到订单详情页重新下载电子发票，必要时联系人工客服协助。,0.9
发票一直没开出来怎么办,处理规则：当电子发票未收到时，先检查邮箱垃圾箱，再到订单详情页重新下载电子发票，完成后更新工单状态。,0.9
想问下密码不记得了怎么登录,建议处理：当用户收不到短信验证码时，先检查手机号绑定状态，再切换邮箱验证或联系客服处理。,0.9
下单付款时提示风控拦截怎么办,SOP：当支付失败时，先确认支付渠道余额和限额，再更换支付方式重新付款,0.9
地址填错了还能改吗,标准流程：当发货超时未出库时，提醒商家尽快发货，超出承诺时效可申请补偿或取消订单，并在系统中记录处理结果。,0.9
我想知道退款审核要多久该怎么办,当售后被拒绝时，可根据拒绝原因补充凭证后再次提交或申请平台介入，必要时联系人工客服协助。,0.9
我想知道退货物流填错了怎么办,SOP：当退款迟迟未到账时，先核对退款状态和原支付渠道到账周期，超时后联系客服处理，并在系统中记录处理结果。,0.9
请问快递异常怎么处理,标准流程：当订单已发货但需拦截时，联系商家发起物流拦截申请，拦截成功后再安排退款或重发，并在系统中记录处理结果。,0.9
我想知道支付页面卡住了怎么处理,建议处理：当扣款成功但订单未更新为已支付时，查询支付回调记录并触发补单流程修正订单状态，并在系统中记录处理结果。,0.9
银行卡扣款了但订单没生成怎么办,标准流程：当扣款成功但订单未更新为已支付时，查询支付回调记录并触发补单流程修正订单状态，必要时联系人工客服协助。,0.9
商品坏了怎么走售后如何处理,SOP：当商品存在质量问题时，上传问题图片后发起退货退款申请，并按要求寄回商品。,0.9
优惠券为什么用不了,店铺券和平台券能否叠加需以活动规则为准，不支持叠加时仅可选择其中一种使用,0.9
请问电子发票在哪里下载应该怎么弄,当电子发票未收到时，先检查邮箱垃圾箱，再到订单详情页重新下载电子发票,0.9
帮我看看活动价和优惠券能叠加吗该怎么办,标准流程：当新人券无法使用时，确认账号是否为新用户以及是否符合新人活动规则，完成后更新工单状态。,0.9
麻烦问一下发票抬头填错了怎么办,处理规则：当电子发票未收到时，先检查邮箱垃圾箱，再到订单详情页重新下载电子发票，必要时联系人工客服协助。,0.9
麻烦问一下优惠券为什么用不了要怎么解决,标准流程：店铺券和平台券能否叠加需以活动规则为准，不支持叠加时仅可选择其中一种使用，必要时联系人工客服协助。,0.9
麻烦问一下快递异常怎么处理,当物流长时间未更新时，先核对承运商节点信息，再联系物流公司或商家发起物流异常核查。,0.9
我想知道物流一直不更新怎么办,建议处理：当物流长时间未更新时，先核对承运商节点信息，再联系物流公司或商家发起物流异常核查，必要时联系人工客服协助。,0.9
请问银行卡扣款了但订单没生成怎么办,SOP：当扣款成功但订单未更新为已支付时，查询支付回调记录并触发补单流程修正订单状态,0.9
麻烦问一下领了优惠券结算时不生效有没有处理办法,处理规则：店铺券和平台券能否叠加需以活动规则为准，不支持叠加时仅可选择其中一种使用，必要时联系人工客服协助。,0.9
我想知道退款审核要多久该怎么办,建议处理：当售后被拒绝时，可根据拒绝原因补充凭证后再次提交或申请平台介入，并在系统中记录处理结果。,0.9
想问下优惠券为什么用不了有没有处理办法,处理规则：当满减券不生效时，检查结算商品是否参与活动以及是否已达到最低使用门槛，完成后更新工单状态。,0.9
请教一下验证码登录失败怎么办,当系统提示密码错误时，引导用户确认账号信息后使用找回密码流程重置密码。,0.9
物流一直不更新怎么办,建议处理：当物流长时间未更新时，先核对承运商节点信息，再联系物流公司或商家发起物流异常核查，必要时联系人工客服协助。,0.9
我想知道发票邮箱填错了怎么改应该怎么弄,标准流程：当退款发生后，如已开具发票需按规则申请红字发票或作废处理，并在系统中记录处理结果。,0.9
麻烦问一下什么时候发货,当发货超时未出库时，提醒商家尽快发货，超出承诺时效可申请补偿或取消订单,0.9
帮我看看支付宝支付失败怎么办,建议处理：当扣款成功但订单未更新为已支付时，查询支付回调记录并触发补单流程修正订单状态。,0.9
麻烦问一下发票金额和订单不一致怎么办,建议处理：当电子发票未收到时，先检查邮箱垃圾箱，再到订单详情页重新下载电子发票。,0.9
帮我看看商品坏了怎么走售后要怎么解决,当售后被拒绝时，可根据拒绝原因补充凭证后再次提交或申请平台介入,0.9
售后申请被拒绝怎么办,当售后被拒绝时，可根据拒绝原因补充凭证后再次提交或申请平台介入,0.9
麻烦问一下退款一直没到账怎么处理,SOP：当退款迟迟未到账时，先核对退款状态和原支付渠道到账周期，超时后联系客服处理，完成后更新工单状态。,0.9
商品坏了怎么走售后,处理规则：当售后被拒绝时，可根据拒绝原因补充凭证后再次提交或申请平台介入。,0.9
麻烦问一下支付页面卡住了怎么处理,处理规则：当支付失败时，先确认支付渠道余额和限额，再更换支付方式重新付款，并在系统中记录处理结果。,0.9
帮我看看物流一直不更新怎么办,当包裹显示签收但用户未收到时，先联系派件员核实签收情况，必要时申请丢件调查或补发,0.9
麻烦问一下发票金额和订单不一致怎么办,标准流程：当退款发生后，如已开具发票需按规则申请红字发票或作废处理，并在系统中记录处理结果。,0.9
麻烦问一下商家拒绝退款怎么办,处理规则：当用户申请退款时，在订单详情页提交退款原因并等待商家审核，审核通过后原路退款，完成后更新工单状态。,0.9
优惠券为什么用不了,当满减券不生效时，检查结算商品是否参与活动以及是否已达到最低使用门槛,0.9
想问下支付成功但页面显示未支付怎么办,建议处理：当支付失败时，先确认支付渠道余额和限额，再更换支付方式重新付款，完成后更新工单状态。,0.9
想问下优惠券为什么用不了,SOP：当满减券不生效时，检查结算商品是否参与活动以及是否已达到最低使用门槛，完成后更新工单状态。,0.9
想问下订单想退款怎么操作,标准流程：当售后被拒绝时，可根据拒绝原因补充凭证后再次提交或申请平台介入，并在系统中记录处理结果。,0.9
请问支付成功但页面显示未支付怎么办,当支付失败时，先确认支付渠道余额和限额，再更换支付方式重新付款，并在系统中记录处理结果。,0.9
请问发票一直没开出来怎么办,建议处理：当发票抬头填写错误时，在未开票前可修改抬头信息，已开票需申请红冲后重新开具，并在系统中记录处理结果。,0.9
发票一直没开出来怎么办,建议处理：当发票抬头填写错误时，在未开票前可修改抬头信息，已开票需申请红冲后重新开具，并在系统中记录处理结果。,0.9
想问下快递异常怎么处理,SOP：当物流长时间未更新时，先核对承运商节点信息，再联系物流公司或商家发起物流异常核查。,0.9
想问下银行卡扣款了但订单没生成怎么办,SOP：当扣款成功但订单未更新为已支付时，查询支付回调记录并触发补单流程修正订单状态,0.9
想问下发票金额和订单不一致怎么办,当退款发生后，如已开具发票需按规则申请红字发票或作废处理,0.9
请教一下退款一直没到账怎么处理,处理规则：当商品存在质量问题时，上传问题图片后发起退货退款申请，并按要求寄回商品，必要时联系人工客服协助。,0.9
请问发货太慢怎么催,标准流程：当发货前发现地址填写错误时，可在商家发货前申请修改收货地址。,0.9
想问下密码不记得了怎么登录要怎么解决,标准流程：当登录需要二次验证时，校验绑定手机或邮箱验证码，验证通过后允许登录，并在系统中记录处理结果。,0.9
什么时候发货,标准流程：当发货前发现地址填写错误时，可在商家发货前申请修改收货地址。,0.9
想问下下单付款时提示风控拦截怎么办,建议处理：当支付失败时，先确认支付渠道余额和限额，再更换支付方式重新付款，必要时联系人工客服协助。,0.9
支付宝支付失败怎么办,SOP：当扣款成功但订单未更新为已支付时，查询支付回调记录并触发补单流程修正订单状态。,0.9
麻烦问一下付款后订单一直没成功怎么处理,处理规则：当支付被风控拦截时，需完成风险验证或更换支付账户后重新尝试付款，完成后更新工单状态。,0.9
帮我看看收到货不满意可以退吗怎么处理,当商品存在质量问题时，上传问题图片后发起退货退款申请，并按要求寄回商品，完成后更新工单状态。,0.9
想问下怎么申请发票,处理规则：当退款发生后，如已开具发票需按规则申请红字发票或作废处理,0.9
请问发货太慢怎么催有没有处理办法,当发货前发现地址填写错误时，可在商家发货前申请修改收货地址，必要时联系人工客服协助。,0.9
想问下发票一直没开出来怎么办,建议处理：订单完成后可在发票中心提交开票信息，审核通过后生成电子发票并发送到预留邮箱,0.9
请问密码不记得了怎么登录要怎么解决,建议处理：当用户收不到短信验证码时，先检查手机号绑定状态，再切换邮箱验证或联系客服处理。,0.9
想问下退款一直没到账怎么处理,建议处理：当商品存在质量问题时，上传问题图片后发起退货退款申请，并按要求寄回商品，完成后更新工单状态。,0.9
想问下怎么查物流如何处理,当包裹显示签收但用户未收到时，先联系派件员核实签收情况，必要时申请丢件调查或补发，完成后更新工单状态。,0.9
请教一下支付成功但页面显示未支付怎么办,建议处理：当支付失败时，先确认支付渠道余额和限额，再更换支付方式重新付款，完成后更新工单状态。,0.9
麻烦问一下下单付款时提示风控拦截怎么办,建议处理：当出现重复扣款时，核对支付流水后发起原路退款，仅保留一笔有效订单，并在系统中记录处理结果。,0.9
帮我看看退款审核要多久有没有处理办法,建议处理：当售后被拒绝时，可根据拒绝原因补充凭证后再次提交或申请平台介入，并在系统中记录处理结果。,0.9
请问银行卡扣款了但订单没生成怎么办,建议处理：当扣款成功但订单未更新为已支付时，查询支付回调记录并触发补单流程修正订单状态，必要时联系人工客服协助。,0.9
麻烦问一下什么时候发货,处理规则：当发货超时未出库时，提醒商家尽快发货，超出承诺时效可申请补偿或取消订单，并在系统中记录处理结果。,0.9
发票金额和订单不一致怎么办,当电子发票未收到时，先检查邮箱垃圾箱，再到订单详情页重新下载电子发票,0.9
物流一直不更新怎么办,建议处理：当包裹显示签收但用户未收到时，先联系派件员核实签收情况，必要时申请丢件调查或补发，并在系统中记录处理结果。,0.9
登录时一直提示密码不对怎么办,当用户忘记密码时，点击忘记密码按钮并完成身份校验后重置密码，恢复账号访问,0.9
帮我看看满减券不能用怎么办,处理规则：店铺券和平台券能否叠加需以活动规则为准，不支持叠加时仅可选择其中一种使用，必要时联系人工客服协助。,0.9
想问下支付成功但页面显示未支付怎么办,建议处理：当出现重复扣款时，核对支付流水后发起原路退款，仅保留一笔有效订单，必要时联系人工客服协助。,0.9
请教一下验证码登录失败怎么办,当系统提示密码错误时，引导用户确认账号信息后使用找回密码流程重置密码,0.9
麻烦问一下支付页面卡住了怎么处理,标准流程：当扣款成功但订单未更新为已支付时，查询支付回调记录并触发补单流程修正订单状态，必要时联系人工客服协助。,0.9
咨询一下退款一直没到账怎么处理,建议处理：当售后被拒绝时，可根据拒绝原因补充凭证后再次提交或申请平台介入，并在系统中记录处理结果。,0.9
帮我看看密码不记得了怎么登录要怎么解决,建议处理：当用户忘记密码时，点击忘记密码按钮并完成身份校验后重置密码，恢复账号访问，并在系统中记录处理结果。,0.9
我想知道账号登不上去提示密码错误怎么办,当登录需要二次验证时，校验绑定手机或邮箱验证码，验证通过后允许登录,0.9
麻烦问一下账号登不上去提示密码错误怎么办,SOP：当登录需要二次验证时，校验绑定手机或邮箱验证码，验证通过后允许登录，完成后更新工单状态。,0.9
帮我看看支付宝支付失败怎么办,当扣款成功但订单未更新为已支付时，查询支付回调记录并触发补单流程修正订单状态,0.9
请问物流一直不更新怎么办,标准流程：当订单已发货但需拦截时，联系商家发起物流拦截申请，拦截成功后再安排退款或重发，并在系统中记录处理结果。,0.9
帮我看看退款审核要多久如何处理,建议处理：当退货物流信息填错时，及时修改正确单号并同步给商家以继续售后流程，必要时联系人工客服协助。,0.9
帮我看看物流一直不更新怎么办,标准流程：当订单已发货但需拦截时，联系商家发起物流拦截申请，拦截成功后再安排退款或重发，并在系统中记录处理结果。,0.9
麻烦问一下发票一直没开出来怎么办,建议处理：订单完成后可在发票中心提交开票信息，审核通过后生成电子发票并发送到预留邮箱,0.9
想问下订单想退款怎么操作,标准流程：当用户申请退款时，在订单详情页提交退款原因并等待商家审核，审核通过后原路退款，必要时联系人工客服协助。,0.9
想问下快递异常怎么处理,当包裹显示签收但用户未收到时，先联系派件员核实签收情况，必要时申请丢件调查或补发,0.9
请问包裹丢了怎么处理,建议处理：当发货超时未出库时，提醒商家尽快发货，超出承诺时效可申请补偿或取消订单，必要时联系人工客服协助。,0.9
咨询一下什么时候发货该怎么办,当发货前发现地址填写错误时，可在商家发货前申请修改收货地址,0.9
密码不记得了怎么登录该怎么办,建议处理：当用户忘记密码时，点击忘记密码按钮并完成身份校验后重置密码，恢复账号访问。,0.9
帮我看看怎么申请发票,标准流程：当退款发生后，如已开具发票需按规则申请红字发票或作废处理,0.9
我想知道退货物流填错了怎么办,建议处理：当退款迟迟未到账时，先核对退款状态和原支付渠道到账周期，超时后联系客服处理。,0.9
麻烦问一下领了优惠券结算时不生效如何处理,标准流程：当优惠券无法使用时，先核对有效期、适用商品范围和订单金额是否满足使用条件,0.9
我想知道物流一直不更新怎么办,标准流程：当包裹显示签收但用户未收到时，先联系派件员核实签收情况，必要时申请丢件调查或补发，并在系统中记录处理结果。,0.9
咨询一下发票邮箱填错了怎么改该怎么办,当退款发生后，如已开具发票需按规则申请红字发票或作废处理,0.9
咨询一下发票一直没开出来怎么办,建议处理：订单完成后可在发票中心提交开票信息，审核通过后生成电子发票并发送到预留邮箱,0.9
帮我看看订单支付失败怎么办,SOP：当页面显示未支付但支付已成功时，以支付流水为准进行订单状态校正，完成后更新工单状态。,0.9
订单完成后怎么补开发票有没有处理办法,建议处理：企业发票需填写公司名称、税号等开票信息，审核通过后方可开具。,0.9
我想知道电子发票在哪里下载该怎么办,当电子发票未收到时，先检查邮箱垃圾箱，再到订单详情页重新下载电子发票，完成后更新工单状态。,0.9
电子发票在哪里下载,建议处理：企业发票需填写公司名称、税号等开票信息，审核通过后方可开具,0.9
请问快递异常怎么处理,建议处理：当订单已发货但需拦截时，联系商家发起物流拦截申请，拦截成功后再安排退款或重发，必要时联系人工客服协助。,0.9
发货太慢怎么催,当发货前发现地址填写错误时，可在商家发货前申请修改收货地址，必要时联系人工客服协助。,0.9
下单付款时提示风控拦截怎么办,当出现重复扣款时，核对支付流水后发起原路退款，仅保留一笔有效订单,0.9
请教一下密码不记得了怎么登录怎么处理,处理规则：当登录需要二次验证时，校验绑定手机或邮箱验证码，验证通过后允许登录，并在系统中记录处理结果。,0.9
请问商家拒绝退款怎么办,当用户申请退款时，在订单详情页提交退款原因并等待商家审核，审核通过后原路退款,0.9
下单付款时提示风控拦截怎么办,当支付失败时，先确认支付渠道余额和限额，再更换支付方式重新付款，并在系统中记录处理结果。,0.9
想问下商家拒绝退款怎么办,标准流程：当用户申请退款时，在订单详情页提交退款原因并等待商家审核，审核通过后原路退款,0.9
麻烦问一下发票一直没开出来怎么办,SOP：当电子发票未收到时，先检查邮箱垃圾箱，再到订单详情页重新下载电子发票。,0.9
我想知道活动价和优惠券能叠加吗如何处理,建议处理：当新人券无法使用时，确认账号是否为新用户以及是否符合新人活动规则，完成后更新工单状态。,0.9
麻烦问一下银行卡扣款了但订单没生成怎么办,标准流程：当页面显示未支付但支付已成功时，以支付流水为准进行订单状态校正，必要时联系人工客服协助。,0.9
请教一下快递显示签收但我没收到怎么办,处理规则：当订单已发货但需拦截时，联系商家发起物流拦截申请，拦截成功后再安排退款或重发,0.9
帮我看看商品坏了怎么走售后要怎么解决,建议处理：当售后被拒绝时，可根据拒绝原因补充凭证后再次提交或申请平台介入，完成后更新工单状态。,0.9
电子发票在哪里下载怎么处理,SOP：企业发票需填写公司名称、税号等开票信息，审核通过后方可开具,0.9
请问退款后发票怎么处理,处理规则：当退款发生后，如已开具发票需按规则申请红字发票或作废处理，完成后更新工单状态。,0.9
请问验证码登录失败怎么办,处理规则：当系统提示密码错误时，引导用户确认账号信息后使用找回密码流程重置密码，完成后更新工单状态。,0.9
咨询一下发票金额和订单不一致怎么办,当电子发票未收到时，先检查邮箱垃圾箱，再到订单详情页重新下载电子发票,0.9
请问活动价和优惠券能叠加吗要怎么解决,当优惠券无法使用时，先核对有效期、适用商品范围和订单金额是否满足使用条件,0.9
请教一下支付宝支付失败怎么办,当支付被风控拦截时，需完成风险验证或更换支付账户后重新尝试付款,0.9
退款后发票怎么处理,企业发票需填写公司名称、税号等开票信息，审核通过后方可开具。,0.9
帮我看看新人券不能使用怎么处理,店铺券和平台券能否叠加需以活动规则为准，不支持叠加时仅可选择其中一种使用,0.9
帮我看看优惠券为什么用不了,标准流程：店铺券和平台券能否叠加需以活动规则为准，不支持叠加时仅可选择其中一种使用，必要时联系人工客服协助。,0.9
我想知道密码不记得了怎么登录如何处理,标准流程：当用户收不到短信验证码时，先检查手机号绑定状态，再切换邮箱验证或联系客服处理。,0.9
领了优惠券结算时不生效,店铺券和平台券能否叠加需以活动规则为准，不支持叠加时仅可选择其中一种使用,0.9
活动价和优惠券能叠加吗,SOP：当新人券无法使用时，确认账号是否为新用户以及是否符合新人活动规则,0.9
我想知道退款一直没到账怎么处理,当售后被拒绝时，可根据拒绝原因补充凭证后再次提交或申请平台介入,0.9
麻烦问一下订单重复扣款怎么退款怎么处理,建议处理：当页面显示未支付但支付已成功时，以支付流水为准进行订单状态校正。,0.9
请教一下地址填错了还能改吗,SOP：当发货超时未出库时，提醒商家尽快发货，超出承诺时效可申请补偿或取消订单。,0.9
想问下电子发票在哪里下载怎么处理,当电子发票未收到时，先检查邮箱垃圾箱，再到订单详情页重新下载电子发票，完成后更新工单状态。,0.9
想问下活动价和优惠券能叠加吗,标准流程：当满减券不生效时，检查结算商品是否参与活动以及是否已达到最低使用门槛。,0.9
下单付款时提示风控拦截怎么办,建议处理：当出现重复扣款时，核对支付流水后发起原路退款，仅保留一笔有效订单，并在系统中记录处理结果。,0.9
付款后订单一直没成功怎么处理,建议处理：当支付被风控拦截时，需完成风险验证或更换支付账户后重新尝试付款。,0.9
我想知道密码不记得了怎么登录如何处理,标准流程：当登录需要二次验证时，校验绑定手机或邮箱验证码，验证通过后允许登录，并在系统中记录处理结果。,0.9
帮我看看支付页面卡住了怎么处理,处理规则：当支付失败时，先确认支付渠道余额和限额，再更换支付方式重新付款，并在系统中记录处理结果。,0.9
订单重复扣款怎么退款应该怎么弄,建议处理：当扣款成功但订单未更新为已支付时，查询支付回调记录并触发补单流程修正订单状态，完成后更新工单状态。,0.9
咨询一下订单想退款怎么操作,当用户申请退款时，在订单详情页提交退款原因并等待商家审核，审核通过后原路退款,0.9
地址填错了还能改吗,当发货超时未出库时，提醒商家尽快发货，超出承诺时效可申请补偿或取消订单,0.9
咨询一下领了优惠券结算时不生效有没有处理办法,SOP：当优惠券无法使用时，先核对有效期、适用商品范围和订单金额是否满足使用条件，完成后更新工单状态。,0.9
连续输错密码后无法登录怎么办,当系统提示密码错误时，引导用户确认账号信息后使用找回密码流程重置密码,0.9
麻烦问一下退货物流填错了怎么办,建议处理：当退款迟迟未到账时，先核对退款状态和原支付渠道到账周期，超时后联系客服处理，必要时联系人工客服协助。,0.9
请教一下怎么申请退款有没有处理办法,标准流程：当退货物流信息填错时，及时修改正确单号并同步给商家以继续售后流程，必要时联系人工客服协助。,0.9
帮我看看下单付款时提示风控拦截怎么办,建议处理：当出现重复扣款时，核对支付流水后发起原路退款，仅保留一笔有效订单，并在系统中记录处理结果。,0.9
帮我看看新人券不能使用怎么处理,处理规则：店铺券和平台券能否叠加需以活动规则为准，不支持叠加时仅可选择其中一种使用，完成后更新工单状态。,0.9
付款后订单一直没成功怎么处理,建议处理：当支付被风控拦截时，需完成风险验证或更换支付账户后重新尝试付款,0.9
订单想退款怎么操作,标准流程：当用户申请退款时，在订单详情页提交退款原因并等待商家审核，审核通过后原路退款，必要时联系人工客服协助。,0.9
请问退款后发票怎么处理,处理规则：当退款发生后，如已开具发票需按规则申请红字发票或作废处理。,0.9
登录时一直提示密码不对怎么办,SOP：当用户忘记密码时，点击忘记密码按钮并完成身份校验后重置密码，恢复账号访问,0.9
麻烦问一下验证码登录失败怎么办,处理规则：当系统提示密码错误时，引导用户确认账号信息后使用找回密码流程重置密码，完成后更新工单状态。,0.9
请问订单重复扣款怎么退款该怎么办,建议处理：当页面显示未支付但支付已成功时，以支付流水为准进行订单状态校正。,0.9
什么时候发货怎么处理,当发货超时未出库时，提醒商家尽快发货，超出承诺时效可申请补偿或取消订单,0.9
麻烦问一下支付页面卡住了怎么处理,建议处理：当扣款成功但订单未更新为已支付时，查询支付回调记录并触发补单流程修正订单状态,0.9
我想知道电子发票在哪里下载该怎么办,建议处理：当电子发票未收到时，先检查邮箱垃圾箱，再到订单详情页重新下载电子发票，必要时联系人工客服协助。,0.9
请教一下地址填错了还能改吗,当发货超时未出库时，提醒商家尽快发货，超出承诺时效可申请补偿或取消订单,0.9
想问下领了优惠券结算时不生效要怎么解决,SOP：店铺券和平台券能否叠加需以活动规则为准，不支持叠加时仅可选择其中一种使用,0.9
帮我看看下单付款时提示风控拦截怎么办,当出现重复扣款时，核对支付流水后发起原路退款，仅保留一笔有效订单。,0.9
请问验证码登录失败怎么办,当系统提示密码错误时，引导用户确认账号信息后使用找回密码流程重置密码。,0.9
麻烦问一下账号登不上去提示密码错误怎么办,当登录需要二次验证时，校验绑定手机或邮箱验证码，验证通过后允许登录,0.9
咨询一下付款后订单一直没成功怎么处理,建议处理：当支付被风控拦截时，需完成风险验证或更换支付账户后重新尝试付款。,0.9
帮我看看包裹丢了怎么处理,当发货超时未出库时，提醒商家尽快发货，超出承诺时效可申请补偿或取消订单,0.9
请问地址填错了还能改吗,当发货超时未出库时，提醒商家尽快发货，超出承诺时效可申请补偿或取消订单,0.9
帮我看看退款审核要多久该怎么办,当退货物流信息填错时，及时修改正确单号并同步给商家以继续售后流程,0.9
我想知道满减券不能用怎么办,处理规则：当优惠券无法使用时，先核对有效期、适用商品范围和订单金额是否满足使用条件,0.9
麻烦问一下下单付款时提示风控拦截怎么办,SOP：当出现重复扣款时，核对支付流水后发起原路退款，仅保留一笔有效订单，完成后更新工单状态。,0.9
支付页面卡住了怎么处理,处理规则：当支付失败时，先确认支付渠道余额和限额，再更换支付方式重新付款。,0.9
想问下发票金额和订单不一致怎么办,处理规则：当退款发生后，如已开具发票需按规则申请红字发票或作废处理，完成后更新工单状态。,0.9
咨询一下企业发票怎么开应该怎么弄,订单完成后可在发票中心提交开票信息，审核通过后生成电子发票并发送到预留邮箱,0.9
发货太慢怎么催,当发货前发现地址填写错误时，可在商家发货前申请修改收货地址,0.9
帮我看看连续输错密码后无法登录怎么办,标准流程：当系统提示密码错误时，引导用户确认账号信息后使用找回密码流程重置密码,0.9
想问下发票一直没开出来怎么办,标准流程：当发票抬头填写错误时，在未开票前可修改抬头信息，已开票需申请红冲后重新开具。,0.9
请问订单想退款怎么操作,标准流程：当售后被拒绝时，可根据拒绝原因补充凭证后再次提交或申请平台介入，并在系统中记录处理结果。,0.9
请教一下退款一直没到账怎么处理,建议处理：当退款迟迟未到账时，先核对退款状态和原支付渠道到账周期，超时后联系客服处理，必要时联系人工客服协助。,0.9
电子发票在哪里下载,SOP：企业发票需填写公司名称、税号等开票信息，审核通过后方可开具,0.9
什么时候发货,建议处理：当发货前发现地址填写错误时，可在商家发货前申请修改收货地址，完成后更新工单状态。,0.9
订单完成后怎么补开发票,企业发票需填写公司名称、税号等开票信息，审核通过后方可开具,0.9
请问订单完成后怎么补开发票怎么处理,企业发票需填写公司名称、税号等开票信息，审核通过后方可开具,0.9
咨询一下商品坏了怎么走售后该怎么办,SOP：当商品存在质量问题时，上传问题图片后发起退货退款申请，并按要求寄回商品。,0.9
怎么申请退款要怎么解决,标准流程：当退货物流信息填错时，及时修改正确单号并同步给商家以继续售后流程，必要时联系人工客服协助。,0.9
麻烦问一下账号被锁了怎么恢复登录,当用户需要修改头像时，可在个人资料页上传新的头像图片，并在系统中记录处理结果。,0.3
请问支付时报错了怎么办,若订单已取消，需重新下单后再进行支付，必要时联系人工客服协助。,0.3
帮我看看下单付款时提示风控拦截怎么办,建议处理：如需开具发票，可在订单完成后提交发票申请，完成后更新工单状态。,0.3
想问下快递异常怎么处理,SOP：支付失败时请确认支付方式余额和网络状态，必要时联系人工客服协助。,0.3
快递停滞几天了怎么办,如订单已退款成功，相关物流单号将不再继续更新,0.3
帮我看看快递异常怎么处理,建议处理：如需申请发票，可在订单完成后进入发票中心提交信息，并在系统中记录处理结果。,0.3
我想知道账号登不上去提示密码错误怎么办,标准流程：管理员可以在后台查询用户最近七天的登录日志，并在系统中记录处理结果。,0.3
咨询一下退款一直没到账怎么处理,会员用户可享受部分商品的运费减免权益,0.3
怎么申请退款要怎么解决,处理规则：商家可在后台查看售后工单处理时长统计，并在系统中记录处理结果。,0.3
麻烦问一下账号被锁了怎么恢复登录,SOP：首次登录时建议完成手机号绑定，便于后续接收安全验证信息,0.3
请问优惠券为什么用不了有没有处理办法,标准流程：支付成功后订单状态将在短时间内更新为待发货。,0.3
咨询一下企业发票怎么开该怎么办,如需退款，请在订单详情页提交售后申请,0.3
请教一下怎么查物流该怎么办,处理规则：退货退款时需要在售后页面填写退货物流单号。,0.3
登录时一直提示密码不对怎么办,建议处理：为提升账号安全性，建议用户定期修改密码并开启二次验证，必要时联系人工客服协助。,0.3
支付成功但页面显示未支付怎么办,建议处理：下单前可先确认收货地址和联系人信息是否填写完整，必要时联系人工客服协助。,0.3
怎么申请退款要怎么解决,标准流程：商家可在后台查看售后工单处理时长统计，必要时联系人工客服协助。,0.3
请问优惠券过期了还能恢复吗有没有处理办法,用户可在个人中心修改昵称、头像和收货地址，必要时联系人工客服协助。,0.3
快递显示签收但我没收到怎么办,处理规则：退货退款时需要在售后页面填写退货物流单号，完成后更新工单状态。,0.3
账号被锁了怎么恢复登录,处理规则：首次登录时建议完成手机号绑定，便于后续接收安全验证信息。,0.3
请问为什么提示不满足优惠条件,商品签收后七天内可按规则申请退货退款,0.3
帮我看看退货物流填错了怎么办,处理规则：订单支付成功后可在订单详情页查看电子发票入口，并在系统中记录处理结果。,0.3
连续输错密码后无法登录怎么办,建议处理：当账号被冻结时，提交身份验证材料申请解冻后再登录,0.3
请教一下什么时候发货如何处理,SOP：退货退款时需要在售后页面填写退货物流单号，并在系统中记录处理结果。,0.3
我想知道账号登不上去提示密码错误怎么办,处理规则：管理员可以在后台查询用户最近七天的登录日志,0.3
请问什么时候发货,退货退款时需要在售后页面填写退货物流单号,0.3
发票一直没开出来怎么办,处理规则：优惠券不可兑换成现金或开具发票金额，并在系统中记录处理结果。,0.3
退款后发票怎么处理,建议处理：如需退款，请在订单详情页提交售后申请，并在系统中记录处理结果。,0.3
请教一下账号被锁了怎么恢复登录,SOP：当用户需要修改头像时，可在个人资料页上传新的头像图片,0.3
帮我看看退款审核要多久怎么处理,标准流程：商品加入购物车后可等待后续活动降价，必要时联系人工客服协助。,0.3
想问下快递停滞几天了怎么办,处理规则：如订单已退款成功，相关物流单号将不再继续更新。,0.3
咨询一下下单付款时提示风控拦截怎么办,建议处理：若订单已取消，需重新下单后再进行支付。,0.3
咨询一下订单已发货还能拦截吗要怎么解决,如订单已退款成功，相关物流单号将不再继续更新,0.3
发票金额和订单不一致怎么办,会员权益可在个人中心查看有效期和使用说明,0.3
想问下连续输错密码后无法登录怎么办,建议处理：当账号被冻结时，提交身份验证材料申请解冻后再登录，并在系统中记录处理结果。,0.3
密码不记得了怎么登录,首次登录时建议完成手机号绑定，便于后续接收安全验证信息，必要时联系人工客服协助。,0.3
请教一下优惠券过期了还能恢复吗有没有处理办法,用户可在个人中心修改昵称、头像和收货地址，必要时联系人工客服协助。,0.3
咨询一下快递停滞几天了怎么办,标准流程：支付失败时请确认支付方式余额和网络状态，必要时联系人工客服协助。,0.3
想问下支付成功但页面显示未支付怎么办,标准流程：使用优惠券前请确认订单金额是否满足使用门槛,0.3
我想知道支付页面卡住了怎么处理,SOP：使用优惠券前请确认订单金额是否满足使用门槛，并在系统中记录处理结果。,0.3
咨询一下登录时一直提示密码不对怎么办,处理规则：当账号被冻结时，提交身份验证材料申请解冻后再登录，完成后更新工单状态。,0.3
收到货不满意可以退吗,SOP：商品加入购物车后可等待后续活动降价,0.3
帮我看看支付页面卡住了怎么处理,SOP：下单前可先确认收货地址和联系人信息是否填写完整,0.3
帮我看看快递异常怎么处理,标准流程：如需申请发票，可在订单完成后进入发票中心提交信息，完成后更新工单状态。,0.3
麻烦问一下店铺券和平台券怎么一起用有没有处理办法,建议处理：商家可在后台配置营销活动起止时间,0.3
想问下怎么查物流该怎么办,处理规则：退货退款时需要在售后页面填写退货物流单号。,0.3
麻烦问一下用户无法登录系统怎么处理,处理规则：当用户需要修改头像时，可在个人资料页上传新的头像图片，必要时联系人工客服协助。,0.3
想问下发票一直没开出来怎么办,建议处理：优惠券不可兑换成现金或开具发票金额，完成后更新工单状态。,0.3
支付页面卡住了怎么处理,使用优惠券前请确认订单金额是否满足使用门槛，并在系统中记录处理结果。,0.3
想问下验证码登录失败怎么办,处理规则：当账号被冻结时，提交身份验证材料申请解冻后再登录，完成后更新工单状态。,0.3
企业发票怎么开,处理规则：如需退款，请在订单详情页提交售后申请，完成后更新工单状态。,0.3
请问什么时候发货,建议处理：退货退款时需要在售后页面填写退货物流单号,0.3
帮我看看电子发票在哪里下载,会员权益可在个人中心查看有效期和使用说明,0.3
付款后订单一直没成功怎么处理,处理规则：商家可在后台查看每日订单成交统计数据，必要时联系人工客服协助。,0.3
请教一下发票金额和订单不一致怎么办,处理规则：会员权益可在个人中心查看有效期和使用说明,0.3
帮我看看连续输错密码后无法登录怎么办,SOP：为提升账号安全性，建议用户定期修改密码并开启二次验证，完成后更新工单状态。,0.3
订单已发货还能拦截吗,SOP：如需申请发票，可在订单完成后进入发票中心提交信息,0.3
请教一下发票金额和订单不一致怎么办,标准流程：会员权益可在个人中心查看有效期和使用说明,0.3
想问下账号登不上去提示密码错误怎么办,管理员可以在后台查询用户最近七天的登录日志，并在系统中记录处理结果。,0.3
请教一下优惠券被回收了怎么办,标准流程：支付成功后订单状态将在短时间内更新为待发货，完成后更新工单状态。,0.3
我想知道怎么查物流应该怎么弄,标准流程：退货退款时需要在售后页面填写退货物流单号。,0.3
想问下退款一直没到账怎么处理,会员用户可享受部分商品的运费减免权益,0.3
请教一下包裹丢了怎么处理,标准流程：退货退款时需要在售后页面填写退货物流单号，必要时联系人工客服协助。,0.3
帮我看看地址填错了还能改吗,如订单已退款成功，相关物流单号将不再继续更新，并在系统中记录处理结果。,0.3
麻烦问一下店铺券和平台券怎么一起用有没有处理办法,标准流程：商家可在后台配置营销活动起止时间。,0.3
请教一下下单付款时提示风控拦截怎么办,建议处理：若订单已取消，需重新下单后再进行支付，完成后更新工单状态。,0.3
请问用户无法登录系统怎么处理,SOP：当用户需要修改头像时，可在个人资料页上传新的头像图片。,0.3
账号被锁了怎么恢复登录,处理规则：当用户需要修改头像时，可在个人资料页上传新的头像图片，完成后更新工单状态。,0.3
想问下优惠券过期了还能恢复吗,用户可在个人中心修改昵称、头像和收货地址，完成后更新工单状态。,0.3
麻烦问一下快递异常怎么处理,处理规则：如需申请发票，可在订单完成后进入发票中心提交信息，并在系统中记录处理结果。,0.3
咨询一下支付成功但页面显示未支付怎么办,处理规则：使用优惠券前请确认订单金额是否满足使用门槛,0.3
帮我看看支付成功但页面显示未支付怎么办,处理规则：下单前可先确认收货地址和联系人信息是否填写完整。,0.3
地址填错了还能改吗,如订单已退款成功，相关物流单号将不再继续更新，并在系统中记录处理结果。,0.3
我想知道怎么查物流应该怎么弄,退货退款时需要在售后页面填写退货物流单号,0.3
请教一下退款审核要多久要怎么解决,SOP：商品加入购物车后可等待后续活动降价。,0.3
支付时报错了怎么办,处理规则：若订单已取消，需重新下单后再进行支付，完成后更新工单状态。,0.3
快递停滞几天了怎么办,SOP：支付失败时请确认支付方式余额和网络状态,0.3
帮我看看发票金额和订单不一致怎么办,标准流程：如需退款，请在订单详情页提交售后申请，完成后更新工单状态。,0.3
想问下包裹丢了怎么处理,SOP：如订单已退款成功，相关物流单号将不再继续更新，必要时联系人工客服协助。,0.3
麻烦问一下店铺券和平台券怎么一起用应该怎么弄,建议处理：商家可在后台配置营销活动起止时间,0.3
咨询一下手机号换了收不到验证码怎么办,登录成功后可在设置页面查看最近登录设备记录,0.3
请教一下银行卡扣款了但订单没生成怎么办,下单前可先确认收货地址和联系人信息是否填写完整,0.3
想问下银行卡扣款了但订单没生成怎么办,下单前可先确认收货地址和联系人信息是否填写完整。,0.3
请问付款后订单一直没成功怎么处理,处理规则：商家可在后台查看每日订单成交统计数据，必要时联系人工客服协助。,0.3
帮我看看订单已发货还能拦截吗怎么处理,标准流程：如需申请发票，可在订单完成后进入发票中心提交信息，并在系统中记录处理结果。,0.3
请教一下下单付款时提示风控拦截怎么办,SOP：若订单已取消，需重新下单后再进行支付，并在系统中记录处理结果。,0.3
请教一下订单已发货还能拦截吗要怎么解决,SOP：如订单已退款成功，相关物流单号将不再继续更新,0.3
快递异常怎么处理,标准流程：支付失败时请确认支付方式余额和网络状态，完成后更新工单状态。,0.3
包裹丢了怎么处理,SOP：首次注册成功后建议完善个人资料和收货地址，必要时联系人工客服协助。,0.3
支付成功但页面显示未支付怎么办,使用优惠券前请确认订单金额是否满足使用门槛,0.3
请问优惠券被回收了怎么办,支付成功后订单状态将在短时间内更新为待发货，必要时联系人工客服协助。,0.3
咨询一下活动价和优惠券能叠加吗有没有处理办法,订单完成后如需开票，可在发票中心申请电子发票，并在系统中记录处理结果。,0.3
咨询一下为什么提示不满足优惠条件怎么处理,SOP：商品签收后七天内可按规则申请退货退款，完成后更新工单状态。,0.3
发票一直没开出来怎么办,SOP：会员权益可在个人中心查看有效期和使用说明。,0.3
想问下订单已发货还能拦截吗要怎么解决,标准流程：如需申请发票，可在订单完成后进入发票中心提交信息，并在系统中记录处理结果。,0.3
请问用户忘记密码登录不了怎么办,建议处理：当账号被冻结时，提交身份验证材料申请解冻后再登录，必要时联系人工客服协助。,0.3
密码不记得了怎么登录,首次登录时建议完成手机号绑定，便于后续接收安全验证信息,0.3
请教一下支付页面卡住了怎么处理,使用优惠券前请确认订单金额是否满足使用门槛，并在系统中记录处理结果。,0.3
麻烦问一下账号被锁了怎么恢复登录,当用户需要修改头像时，可在个人资料页上传新的头像图片,0.3
我想知道支付页面卡住了怎么处理,SOP：下单前可先确认收货地址和联系人信息是否填写完整,0.3
优惠券被回收了怎么办,SOP：商品签收后七天内可按规则申请退货退款，完成后更新工单状态。,0.3
微信支付后状态一直未更新怎么办,订单提交成功后可在订单详情页查看物流信息，完成后更新工单状态。,0.3
请问快递异常怎么处理,SOP：支付失败时请确认支付方式余额和网络状态。,0.3
请问支付时报错了怎么办,处理规则：若订单已取消，需重新下单后再进行支付。,0.3
请教一下包裹丢了怎么处理,SOP：退货退款时需要在售后页面填写退货物流单号,0.3
请问企业发票怎么开,建议处理：如需退款，请在订单详情页提交售后申请,0.3
咨询一下企业发票怎么开该怎么办,建议处理：如需退款，请在订单详情页提交售后申请,0.3
活动价和优惠券能叠加吗,建议处理：订单完成后如需开票，可在发票中心申请电子发票，并在系统中记录处理结果。,0.3
请问优惠券为什么用不了有没有处理办法,SOP：支付成功后订单状态将在短时间内更新为待发货，并在系统中记录处理结果。,0.3
地址填错了还能改吗,首次注册成功后建议完善个人资料和收货地址,0.3
请教一下银行卡扣款了但订单没生成怎么办,下单前可先确认收货地址和联系人信息是否填写完整。,0.3
请问订单已发货还能拦截吗,处理规则：首次注册成功后建议完善个人资料和收货地址。,0.3
电子发票在哪里下载要怎么解决,会员权益可在个人中心查看有效期和使用说明，并在系统中记录处理结果。,0.3
咨询一下快递异常怎么处理,标准流程：如需申请发票，可在订单完成后进入发票中心提交信息，完成后更新工单状态。,0.3
帮我看看活动价和优惠券能叠加吗怎么处理,商品签收后七天内可按规则申请退货退款,0.3
咨询一下登录时一直提示密码不对怎么办,建议处理：当账号被冻结时，提交身份验证材料申请解冻后再登录，并在系统中记录处理结果。,0.3
请问付款后订单一直没成功怎么处理,商家可在后台查看每日订单成交统计数据,0.3
咨询一下微信支付后状态一直未更新怎么办,建议处理：下单前可先确认收货地址和联系人信息是否填写完整，完成后更新工单状态。,0.3
咨询一下包裹丢了怎么处理,SOP：首次注册成功后建议完善个人资料和收货地址，并在系统中记录处理结果。,0.3
帮我看看连续输错密码后无法登录怎么办,建议处理：为提升账号安全性，建议用户定期修改密码并开启二次验证，完成后更新工单状态。,0.3
想问下验证码登录失败怎么办,当账号被冻结时，提交身份验证材料申请解冻后再登录,0.3
包裹丢了怎么处理,建议处理：退货退款时需要在售后页面填写退货物流单号。,0.3
请问怎么申请退款要怎么解决,处理规则：商家可在后台查看售后工单处理时长统计，并在系统中记录处理结果。,0.3
订单已发货还能拦截吗,处理规则：首次注册成功后建议完善个人资料和收货地址。,0.3
麻烦问一下包裹丢了怎么处理,首次注册成功后建议完善个人资料和收货地址,0.3
请教一下优惠券被回收了怎么办,商品签收后七天内可按规则申请退货退款,0.3
麻烦问一下快递停滞几天了怎么办,支付失败时请确认支付方式余额和网络状态,0.3
想问下支付成功但页面显示未支付怎么办,建议处理：下单前可先确认收货地址和联系人信息是否填写完整，必要时联系人工客服协助。,0.3
咨询一下退款一直没到账怎么处理,SOP：会员用户可享受部分商品的运费减免权益，完成后更新工单状态。,0.3
请问优惠券被回收了怎么办,标准流程：支付成功后订单状态将在短时间内更新为待发货，完成后更新工单状态。,0.3
咨询一下退款后发票怎么处理,如需退款，请在订单详情页提交售后申请,0.3
请问店铺券和平台券怎么一起用怎么处理,建议处理：商家可在后台配置营销活动起止时间,0.3
帮我看看电子发票在哪里下载有没有处理办法,建议处理：会员权益可在个人中心查看有效期和使用说明，完成后更新工单状态。,0.3
我想知道连续输错密码后无法登录怎么办,建议处理：为提升账号安全性，建议用户定期修改密码并开启二次验证，并在系统中记录处理结果。,0.3
帮我看看活动价和优惠券能叠加吗如何处理,处理规则：商品签收后七天内可按规则申请退货退款,0.3
我想知道登录时一直提示密码不对怎么办,处理规则：当账号被冻结时，提交身份验证材料申请解冻后再登录，完成后更新工单状态。,0.3
想问下怎么查物流该怎么办,标准流程：退货退款时需要在售后页面填写退货物流单号。,0.3
连续输错密码后无法登录怎么办,建议处理：为提升账号安全性，建议用户定期修改密码并开启二次验证，完成后更新工单状态。,0.3
支付页面卡住了怎么处理,下单前可先确认收货地址和联系人信息是否填写完整。,0.3
优惠券为什么用不了应该怎么弄,支付成功后订单状态将在短时间内更新为待发货,0.3
咨询一下快递异常怎么处理,处理规则：如需申请发票，可在订单完成后进入发票中心提交信息，并在系统中记录处理结果。,0.3
我想知道发票金额和订单不一致怎么办,处理规则：会员权益可在个人中心查看有效期和使用说明,0.3
帮我看看电子发票在哪里下载有没有处理办法,会员权益可在个人中心查看有效期和使用说明,0.3
咨询一下活动价和优惠券能叠加吗有没有处理办法,处理规则：订单完成后如需开票，可在发票中心申请电子发票,0.3
咨询一下地址填错了还能改吗,处理规则：首次注册成功后建议完善个人资料和收货地址。,0.3
请问账号登不上去提示密码错误怎么办,为提升账号安全性，建议用户定期修改密码并开启二次验证,0.3
请教一下用户无法登录系统怎么处理,处理规则：当用户需要修改头像时，可在个人资料页上传新的头像图片，必要时联系人工客服协助。,0.3
支付时报错了怎么办,若订单已取消，需重新下单后再进行支付，必要时联系人工客服协助。,0.3
想问下订单已发货还能拦截吗要怎么解决,处理规则：首次注册成功后建议完善个人资料和收货地址。,0.3
帮我看看地址填错了还能改吗,如订单已退款成功，相关物流单号将不再继续更新,0.3
验证码登录失败怎么办,当账号被冻结时，提交身份验证材料申请解冻后再登录,0.3
我想知道连续输错密码后无法登录怎么办,处理规则：为提升账号安全性，建议用户定期修改密码并开启二次验证,0.3
想问下订单已发货还能拦截吗该怎么办,SOP：如订单已退款成功，相关物流单号将不再继续更新,0.3
帮我看看优惠券被回收了怎么办,标准流程：支付成功后订单状态将在短时间内更新为待发货，完成后更新工单状态。,0.3
请问快递显示签收但我没收到怎么办,退货退款时需要在售后页面填写退货物流单号。,0.3
帮我看看电子发票在哪里下载,处理规则：会员权益可在个人中心查看有效期和使用说明,0.3
订单已发货还能拦截吗,标准流程：如需申请发票，可在订单完成后进入发票中心提交信息，并在系统中记录处理结果。,0.3
请教一下退款后发票怎么处理,建议处理：如需退款，请在订单详情页提交售后申请，并在系统中记录处理结果。,0.3
请教一下微信支付后状态一直未更新怎么办,处理规则：订单提交成功后可在订单详情页查看物流信息,0.3
咨询一下支付时报错了怎么办,处理规则：若订单已取消，需重新下单后再进行支付，完成后更新工单状态。,0.3
我想知道支付页面卡住了怎么处理,使用优惠券前请确认订单金额是否满足使用门槛，并在系统中记录处理结果。,0.3
优惠券被回收了怎么办,建议处理：商品签收后七天内可按规则申请退货退款，必要时联系人工客服协助。,0.3
想问下支付页面卡住了怎么处理,SOP：若订单已取消，需重新下单后再进行支付，并在系统中记录处理结果。,0.3
发票一直没开出来怎么办,优惠券不可兑换成现金或开具发票金额，完成后更新工单状态。,0.3
帮我看看发票金额和订单不一致怎么办,处理规则：如需退款，请在订单详情页提交售后申请，完成后更新工单状态。,0.3
想问下微信支付后状态一直未更新怎么办,订单提交成功后可在订单详情页查看物流信息。,0.3
请教一下账号登不上去提示密码错误怎么办,为提升账号安全性，建议用户定期修改密码并开启二次验证,0.3
想问下支付页面卡住了怎么处理,处理规则：若订单已取消，需重新下单后再进行支付，必要时联系人工客服协助。,0.3
发票金额和订单不一致怎么办,标准流程：如需退款，请在订单详情页提交售后申请，完成后更新工单状态。,0.3
请问发票金额和订单不一致怎么办,优惠券不可兑换成现金或开具发票金额,0.3
快递停滞几天了怎么办,SOP：支付失败时请确认支付方式余额和网络状态，完成后更新工单状态。,0.3
退款后发票怎么处理,标准流程：如需退款，请在订单详情页提交售后申请。,0.3
帮我看看活动价和优惠券能叠加吗如何处理,SOP：商品签收后七天内可按规则申请退货退款，必要时联系人工客服协助。,0.3
帮我看看活动价和优惠券能叠加吗该怎么办,商品签收后七天内可按规则申请退货退款,0.3
想问下手机号换了收不到验证码怎么办,标准流程：登录成功后可在设置页面查看最近登录设备记录，完成后更新工单状态。,0.3
我想知道优惠券为什么用不了要怎么解决,SOP：支付成功后订单状态将在短时间内更新为待发货，并在系统中记录处理结果。,0.3
帮我看看退货物流填错了怎么办,订单支付成功后可在订单详情页查看电子发票入口，必要时联系人工客服协助。,0.3
请问优惠券过期了还能恢复吗有没有处理办法,用户可在个人中心修改昵称、头像和收货地址，完成后更新工单状态。,0.3
咨询一下支付时报错了怎么办,SOP：若订单已取消，需重新下单后再进行支付。,0.3
支付页面卡住了怎么处理,使用优惠券前请确认订单金额是否满足使用门槛,0.3
包裹丢了怎么处理,首次注册成功后建议完善个人资料和收货地址,0.3
请教一下快递停滞几天了怎么办,如订单已退款成功，相关物流单号将不再继续更新，并在系统中记录处理结果。,0.3
帮我看看为什么提示不满足优惠条件应该怎么弄,商品签收后七天内可按规则申请退货退款，并在系统中记录处理结果。,0.3
我想知道密码不记得了怎么登录要怎么解决,首次登录时建议完成手机号绑定，便于后续接收安全验证信息,0.3
我想知道支付页面卡住了怎么处理,建议处理：下单前可先确认收货地址和联系人信息是否填写完整，完成后更新工单状态。,0.3
下单付款时提示风控拦截怎么办,若订单已取消，需重新下单后再进行支付，并在系统中记录处理结果。,0.3
帮我看看付款后订单一直没成功怎么处理,若订单已取消，需重新下单后再进行支付，并在系统中记录处理结果。,0.3
咨询一下连续输错密码后无法登录怎么办,处理规则：当账号被冻结时，提交身份验证材料申请解冻后再登录，必要时联系人工客服协助。,0.3
请问用户忘记密码登录不了怎么办,SOP：当账号被冻结时，提交身份验证材料申请解冻后再登录，并在系统中记录处理结果。,0.3
请问怎么申请退款要怎么解决,标准流程：商家可在后台查看售后工单处理时长统计，必要时联系人工客服协助。,0.3
麻烦问一下退货物流填错了怎么办,建议处理：订单支付成功后可在订单详情页查看电子发票入口，完成后更新工单状态。,0.3
想问下优惠券过期了还能恢复吗,建议处理：用户可在个人中心修改昵称、头像和收货地址,0.3
想问下订单已发货还能拦截吗要怎么解决,首次注册成功后建议完善个人资料和收货地址,0.3
我想知道账号被锁了怎么恢复登录,处理规则：首次登录时建议完成手机号绑定，便于后续接收安全验证信息。,0.3
验证码登录失败怎么办,处理规则：当账号被冻结时，提交身份验证材料申请解冻后再登录，完成后更新工单状态。,0.3
帮我看看优惠券被回收了怎么办,商品签收后七天内可按规则申请退货退款,0.3
发票金额和订单不一致怎么办,处理规则：如需退款，请在订单详情页提交售后申请，完成后更新工单状态。,0.3
帮我看看订单已发货还能拦截吗怎么处理,如需申请发票，可在订单完成后进入发票中心提交信息,0.3
咨询一下微信支付后状态一直未更新怎么办,建议处理：下单前可先确认收货地址和联系人信息是否填写完整，并在系统中记录处理结果。,0.3
请教一下优惠券被回收了怎么办,标准流程：商品签收后七天内可按规则申请退货退款，完成后更新工单状态。,0.3
企业发票怎么开,建议处理：如需退款，请在订单详情页提交售后申请,0.3
帮我看看活动价和优惠券能叠加吗要怎么解决,处理规则：订单完成后如需开票，可在发票中心申请电子发票,0.3
我想知道密码不记得了怎么登录要怎么解决,首次登录时建议完成手机号绑定，便于后续接收安全验证信息，必要时联系人工客服协助。,0.3
请教一下怎么查物流该怎么办,退货退款时需要在售后页面填写退货物流单号,0.3
请问店铺券和平台券怎么一起用怎么处理,商家可在后台配置营销活动起止时间,0.3
我想知道什么时候发货要怎么解决,建议处理：退货退款时需要在售后页面填写退货物流单号,0.3
想问下微信支付后状态一直未更新怎么办,订单提交成功后可在订单详情页查看物流信息,0.3
账号登不上去提示密码错误怎么办,管理员可以在后台查询用户最近七天的登录日志,0.3
微信支付后状态一直未更新怎么办,订单提交成功后可在订单详情页查看物流信息。,0.3
支付页面卡住了怎么处理,若订单已取消，需重新下单后再进行支付,0.3
麻烦问一下包裹丢了怎么处理,标准流程：退货退款时需要在售后页面填写退货物流单号，必要时联系人工客服协助。,0.3
我想知道微信支付后状态一直未更新怎么办,下单前可先确认收货地址和联系人信息是否填写完整，完成后更新工单状态。,0.3
请教一下退款审核要多久要怎么解决,商品加入购物车后可等待后续活动降价,0.3
麻烦问一下包裹丢了怎么处理,SOP：首次注册成功后建议完善个人资料和收货地址，并在系统中记录处理结果。,0.3
请问快递显示签收但我没收到怎么办,建议处理：退货退款时需要在售后页面填写退货物流单号，并在系统中记录处理结果。,0.3
请问手机号换了收不到验证码怎么办,SOP：登录成功后可在设置页面查看最近登录设备记录,0.3
想问下支付时优惠券失效了怎么办,处理规则：支付成功后订单状态将在短时间内更新为待发货，并在系统中记录处理结果。,0.3
请问账号登不上去提示密码错误怎么办,处理规则：为提升账号安全性，建议用户定期修改密码并开启二次验证，必要时联系人工客服协助。,0.3
请教一下快递显示签收但我没收到怎么办,建议处理：退货退款时需要在售后页面填写退货物流单号，并在系统中记录处理结果。,0.3
请教一下支付页面卡住了怎么处理,标准流程：若订单已取消，需重新下单后再进行支付，必要时联系人工客服协助。,0.3
请问企业发票怎么开,如需退款，请在订单详情页提交售后申请,0.3
想问下退款一直没到账怎么处理,处理规则：会员用户可享受部分商品的运费减免权益,0.3
快递停滞几天了怎么办,如订单已退款成功，相关物流单号将不再继续更新，并在系统中记录处理结果。,0.3
帮我看看退款一直没到账怎么处理,SOP：会员用户可享受部分商品的运费减免权益，完成后更新工单状态。,0.3
想问下发票一直没开出来怎么办,处理规则：优惠券不可兑换成现金或开具发票金额，并在系统中记录处理结果。,0.3
我想知道账号被锁了怎么恢复登录,SOP：首次登录时建议完成手机号绑定，便于后续接收安全验证信息,0.3
想问下收到货不满意可以退吗,商品加入购物车后可等待后续活动降价,0.3
帮我看看活动价和优惠券能叠加吗该怎么办,标准流程：商品签收后七天内可按规则申请退货退款，必要时联系人工客服协助。,0.3
请教一下支付页面卡住了怎么处理,处理规则：若订单已取消，需重新下单后再进行支付，必要时联系人工客服协助。,0.3
请教一下什么时候发货如何处理,SOP：退货退款时需要在售后页面填写退货物流单号，必要时联系人工客服协助。,0.3
支付时优惠券失效了怎么办,支付成功后订单状态将在短时间内更新为待发货，并在系统中记录处理结果。,0.3
我想知道微信支付后状态一直未更新怎么办,建议处理：下单前可先确认收货地址和联系人信息是否填写完整，并在系统中记录处理结果。,0.3
帮我看看支付页面卡住了怎么处理,建议处理：下单前可先确认收货地址和联系人信息是否填写完整，完成后更新工单状态。,0.3
咨询一下验证码登录失败怎么办,处理规则：当账号被冻结时，提交身份验证材料申请解冻后再登录,0.3
下单付款时提示风控拦截怎么办,SOP：如需开具发票，可在订单完成后提交发票申请,0.3
想问下密码不记得了怎么登录要怎么解决,处理规则：首次登录时建议完成手机号绑定，便于后续接收安全验证信息，必要时联系人工客服协助。,0.3
麻烦问一下包裹丢了怎么处理,退货退款时需要在售后页面填写退货物流单号，并在系统中记录处理结果。,0.3
收到货不满意可以退吗,商品加入购物车后可等待后续活动降价,0.3
发票金额和订单不一致怎么办,SOP：优惠券不可兑换成现金或开具发票金额，并在系统中记录处理结果。,0.3
想问下银行卡扣款了但订单没生成怎么办,标准流程：下单前可先确认收货地址和联系人信息是否填写完整，并在系统中记录处理结果。,0.3
连续输错密码后无法登录怎么办,处理规则：当账号被冻结时，提交身份验证材料申请解冻后再登录，必要时联系人工客服协助。,0.3
发票金额和订单不一致怎么办,标准流程：优惠券不可兑换成现金或开具发票金额，并在系统中记录处理结果。,0.3
账号登不上去提示密码错误怎么办,标准流程：管理员可以在后台查询用户最近七天的登录日志，并在系统中记录处理结果。,0.3
想问下发票金额和订单不一致怎么办,处理规则：如需退款，请在订单详情页提交售后申请，完成后更新工单状态。,0.3
咨询一下验证码登录失败怎么办,处理规则：当账号被冻结时，提交身份验证材料申请解冻后再登录，完成后更新工单状态。,0.3
帮我看看支付成功但页面显示未支付怎么办,建议处理：下单前可先确认收货地址和联系人信息是否填写完整，必要时联系人工客服协助。,0.3
请教一下付款后订单一直没成功怎么处理,若订单已取消，需重新下单后再进行支付，并在系统中记录处理结果。,0.3
怎么申请退款,商家可在后台查看售后工单处理时长统计,0.3
支付成功但页面显示未支付怎么办,标准流程：使用优惠券前请确认订单金额是否满足使用门槛,0.3
想问下快递停滞几天了怎么办,如订单已退款成功，相关物流单号将不再继续更新,0.3
账号被锁了怎么恢复登录,SOP：首次登录时建议完成手机号绑定，便于后续接收安全验证信息,0.3
请教一下优惠券过期了还能恢复吗有没有处理办法,建议处理：用户可在个人中心修改昵称、头像和收货地址,0.3
麻烦问一下发票一直没开出来怎么办,标准流程：会员权益可在个人中心查看有效期和使用说明。,0.3
请教一下发票一直没开出来怎么办,建议处理：优惠券不可兑换成现金或开具发票金额，完成后更新工单状态。,0.3
连续输错密码后无法登录怎么办,建议处理：为提升账号安全性，建议用户定期修改密码并开启二次验证，并在系统中记录处理结果。,0.3
订单已发货还能拦截吗,处理规则：首次注册成功后建议完善个人资料和收货地址,0.3
地址填错了还能改吗,处理规则：如订单已退款成功，相关物流单号将不再继续更新,0.3
咨询一下退款后发票怎么处理,标准流程：如需退款，请在订单详情页提交售后申请，必要时联系人工客服协助。,0.3
发票金额和订单不一致怎么办,标准流程：会员权益可在个人中心查看有效期和使用说明，必要时联系人工客服协助。,0.3
请教一下付款后订单一直没成功怎么处理,商家可在后台查看每日订单成交统计数据,0.3
麻烦问一下下单付款时提示风控拦截怎么办,SOP：如需开具发票，可在订单完成后提交发票申请,0.3
麻烦问一下用户忘记密码登录不了怎么办,当账号被冻结时，提交身份验证材料申请解冻后再登录,0.3
我想知道登录时一直提示密码不对怎么办,当账号被冻结时，提交身份验证材料申请解冻后再登录,0.3
支付时优惠券失效了怎么办,处理规则：支付成功后订单状态将在短时间内更新为待发货，并在系统中记录处理结果。,0.3
想问下账号登不上去提示密码错误怎么办,处理规则：管理员可以在后台查询用户最近七天的登录日志,0.3
我想知道什么时候发货要怎么解决,SOP：退货退款时需要在售后页面填写退货物流单号，必要时联系人工客服协助。,0.3
支付页面卡住了怎么处理,建议处理：下单前可先确认收货地址和联系人信息是否填写完整，并在系统中记录处理结果。,0.3
我想知道发票金额和订单不一致怎么办,标准流程：会员权益可在个人中心查看有效期和使用说明。,0.3
活动价和优惠券能叠加吗,建议处理：订单完成后如需开票，可在发票中心申请电子发票，完成后更新工单状态。,0.3
帮我看看优惠券被回收了怎么办,支付成功后订单状态将在短时间内更新为待发货,0.3
咨询一下快递停滞几天了怎么办,建议处理：支付失败时请确认支付方式余额和网络状态，并在系统中记录处理结果。,0.3
请教一下快递显示签收但我没收到怎么办,退货退款时需要在售后页面填写退货物流单号。,0.3
电子发票在哪里下载要怎么解决,处理规则：会员权益可在个人中心查看有效期和使用说明,0.3
帮我看看优惠券被回收了怎么办,建议处理：商品签收后七天内可按规则申请退货退款，必要时联系人工客服协助。,0.3
请问用户无法登录系统怎么处理,处理规则：当用户需要修改头像时，可在个人资料页上传新的头像图片，必要时联系人工客服协助。,0.3
咨询一下连续输错密码后无法登录怎么办,建议处理：当账号被冻结时，提交身份验证材料申请解冻后再登录，并在系统中记录处理结果。,0.3
请问订单已发货还能拦截吗,标准流程：首次注册成功后建议完善个人资料和收货地址，并在系统中记录处理结果。,0.3
帮我看看活动价和优惠券能叠加吗怎么处理,SOP：商品签收后七天内可按规则申请退货退款，必要时联系人工客服协助。,0.3
麻烦问一下发票一直没开出来怎么办,标准流程：会员权益可在个人中心查看有效期和使用说明，必要时联系人工客服协助。,0.3
咨询一下下单付款时提示风控拦截怎么办,SOP：若订单已取消，需重新下单后再进行支付，并在系统中记录处理结果。,0.3
咨询一下发票金额和订单不一致怎么办,标准流程：优惠券不可兑换成现金或开具发票金额，并在系统中记录处理结果。,0.3
想问下密码不记得了怎么登录要怎么解决,首次登录时建议完成手机号绑定，便于后续接收安全验证信息，必要时联系人工客服协助。,0.3
帮我看看退款一直没到账怎么处理,处理规则：会员用户可享受部分商品的运费减免权益,0.3
麻烦问一下用户忘记密码登录不了怎么办,SOP：当账号被冻结时，提交身份验证材料申请解冻后再登录，并在系统中记录处理结果。,0.3
我想知道登录时一直提示密码不对怎么办,SOP：为提升账号安全性，建议用户定期修改密码并开启二次验证,0.3
怎么申请退款,SOP：商家可在后台查看售后工单处理时长统计，并在系统中记录处理结果。,0.3
快递异常怎么处理,SOP：支付失败时请确认支付方式余额和网络状态。,0.3
快递显示签收但我没收到怎么办,退货退款时需要在售后页面填写退货物流单号，并在系统中记录处理结果。,0.3
想问下手机号换了收不到验证码怎么办,SOP：登录成功后可在设置页面查看最近登录设备记录,0.3
请问包裹丢了怎么处理,如订单已退款成功，相关物流单号将不再继续更新,0.3
我想知道地址填错了还能改吗,处理规则：首次注册成功后建议完善个人资料和收货地址，并在系统中记录处理结果。,0.3
退货物流填错了怎么办,处理规则：订单支付成功后可在订单详情页查看电子发票入口，并在系统中记录处理结果。,0.3
咨询一下支付时优惠券失效了怎么办,处理规则：支付成功后订单状态将在短时间内更新为待发货,0.3
想问下支付成功但页面显示未支付怎么办,使用优惠券前请确认订单金额是否满足使用门槛,0.3
请问手机号换了收不到验证码怎么办,标准流程：登录成功后可在设置页面查看最近登录设备记录，完成后更新工单状态。,0.3
咨询一下退款审核要多久怎么处理,处理规则：商品加入购物车后可等待后续活动降价，并在系统中记录处理结果。,0.3
麻烦问一下快递停滞几天了怎么办,标准流程：支付失败时请确认支付方式余额和网络状态，必要时联系人工客服协助。,0.3
咨询一下退款审核要多久怎么处理,标准流程：商品加入购物车后可等待后续活动降价，必要时联系人工客服协助。,0.3
用户忘记密码登录不了怎么办,SOP：当账号被冻结时，提交身份验证材料申请解冻后再登录，并在系统中记录处理结果。,0.3
咨询一下为什么提示不满足优惠条件怎么处理,建议处理：商品签收后七天内可按规则申请退货退款。,0.3
麻烦问一下收到货不满意可以退吗,商品加入购物车后可等待后续活动降价,0.3
请问快递异常怎么处理,支付失败时请确认支付方式余额和网络状态,0.3
麻烦问一下店铺券和平台券怎么一起用应该怎么弄,商家可在后台配置营销活动起止时间,0.3
想问下包裹丢了怎么处理,SOP：如订单已退款成功，相关物流单号将不再继续更新。,0.3
我想知道银行卡扣款了但订单没生成怎么办,下单前可先确认收货地址和联系人信息是否填写完整，必要时联系人工客服协助。,0.3
请教一下用户无法登录系统怎么处理,当用户需要修改头像时，可在个人资料页上传新的头像图片,0.3
发票一直没开出来怎么办,会员权益可在个人中心查看有效期和使用说明,0.3
想问下支付成功但页面显示未支付怎么办,处理规则：下单前可先确认收货地址和联系人信息是否填写完整。,0.3
请问地址填错了还能改吗,处理规则：如订单已退款成功，相关物流单号将不再继续更新,0.3
下单付款时提示风控拦截怎么办,如需开具发票，可在订单完成后提交发票申请,0.3
请问地址填错了还能改吗,SOP：如订单已退款成功，相关物流单号将不再继续更新,0.3
请教一下付款后订单一直没成功怎么处理,SOP：商家可在后台查看每日订单成交统计数据。,0.3
麻烦问一下下单付款时提示风控拦截怎么办,建议处理：如需开具发票，可在订单完成后提交发票申请，完成后更新工单状态。,0.3
请教一下发票一直没开出来怎么办,优惠券不可兑换成现金或开具发票金额，完成后更新工单状态。,0.3
我想知道优惠券为什么用不了要怎么解决,标准流程：支付成功后订单状态将在短时间内更新为待发货。,0.3
麻烦问一下退货物流填错了怎么办,处理规则：订单支付成功后可在订单详情页查看电子发票入口，并在系统中记录处理结果。,0.3
想问下连续输错密码后无法登录怎么办,建议处理：当账号被冻结时，提交身份验证材料申请解冻后再登录,0.3
麻烦问一下账号被锁了怎么恢复登录,首次登录时建议完成手机号绑定，便于后续接收安全验证信息,0.3
咨询一下支付时优惠券失效了怎么办,标准流程：支付成功后订单状态将在短时间内更新为待发货,0.3
咨询一下地址填错了还能改吗,首次注册成功后建议完善个人资料和收货地址,0.3
帮我看看下单付款时提示风控拦截怎么办,如需开具发票，可在订单完成后提交发票申请，完成后更新工单状态。,0.3
麻烦问一下包裹丢了怎么处理,SOP：如订单已退款成功，相关物流单号将不再继续更新。,0.3
用户忘记密码登录不了怎么办,SOP：当账号被冻结时，提交身份验证材料申请解冻后再登录。,0.3
为什么提示不满足优惠条件,标准流程：订单退款后已使用的优惠券是否返还需按活动规则判断，完成后更新工单状态。,0.6
怎么申请发票应该怎么弄,退款完成后可能需要红冲已开具发票。,0.6
快递停滞几天了怎么办,如快递异常退回仓库，需确认是否重新发货或直接退款，完成后更新工单状态。,0.6
请教一下满减券不能用怎么办,处理规则：部分优惠券仅限特定类目、商家或支付方式使用，需查看券面说明，完成后更新工单状态。,0.6
帮我看看连续输错密码后无法登录怎么办,处理规则：当账号存在安全风险时，需先完成安全验证，验证通过后才能继续登录。,0.6
想问下退款后发票怎么处理,发票审核失败通常与抬头、税号或邮箱格式错误有关，修改后可重新提交。,0.6
请教一下物流一直不更新怎么办,SOP：订单详情页可查看物流单号并跳转到承运商页面查询，必要时联系人工客服协助。,0.6
商品坏了怎么走售后,若退款原路失败，系统会提示用户补充退款账户信息，完成后更新工单状态。,0.6
想问下商品有问题怎么退货如何处理,标准流程：签收后七天内可申请无理由退货，超出时限需按商品规则处理，并在系统中记录处理结果。,0.6
咨询一下验证码登录失败怎么办,标准流程：当用户登录失败时，检查网络状态、客户端版本和缓存，再重新尝试登录，完成后更新工单状态。,0.6
店铺券和平台券怎么一起用,若优惠券被系统回收，可能与订单取消、退款或违规活动有关，必要时联系人工客服协助。,0.6
请教一下退款一直没到账怎么处理,商家审核通过后需在规定时间内寄回商品，否则退款申请可能关闭，并在系统中记录处理结果。,0.6
麻烦问一下退款审核要多久该怎么办,标准流程：如订单尚未发货，可直接取消订单并原路退款，必要时联系人工客服协助。,0.6
退款一直没到账怎么处理,建议处理：商家审核通过后需在规定时间内寄回商品，否则退款申请可能关闭，并在系统中记录处理结果。,0.6
帮我看看为什么提示不满足优惠条件有没有处理办法,建议处理：订单退款后已使用的优惠券是否返还需按活动规则判断。,0.6
怎么申请退款怎么处理,标准流程：如订单尚未发货，可直接取消订单并原路退款,0.6
帮我看看手机号换了收不到验证码怎么办,处理规则：当账号存在安全风险时，需先完成安全验证，验证通过后才能继续登录，必要时联系人工客服协助。,0.6
想问下支付宝支付失败怎么办,当支付失败后订单仍保留时，需在有效期内重新支付，否则订单将自动取消,0.6
请问登录提示需要身份验证怎么处理,SOP：如绑定手机号已失效，可走账户资料核验流程重新绑定新手机号，完成后更新工单状态。,0.6
想问下支付宝支付失败怎么办,处理规则：当支付失败后订单仍保留时，需在有效期内重新支付，否则订单将自动取消，完成后更新工单状态。,0.6
请教一下退款后发票怎么处理,部分订单需在交易完成后才能进入开票流程，未完成订单暂不支持申请发票,0.6
请教一下店铺券和平台券怎么一起用该怎么办,SOP：订单退款后已使用的优惠券是否返还需按活动规则判断，并在系统中记录处理结果。,0.6
咨询一下地址填错了还能改吗,标准流程：物流停滞受天气、节假日或中转异常影响时，可等待一到两天后再观察节点更新，完成后更新工单状态。,0.6
想问下企业发票怎么开怎么处理,处理规则：部分订单需在交易完成后才能进入开票流程，未完成订单暂不支持申请发票,0.6
想问下账号登不上去提示密码错误怎么办,标准流程：当用户登录失败时，检查网络状态、客户端版本和缓存，再重新尝试登录,0.6
想问下企业发票怎么开如何处理,建议处理：如发票下载链接失效，可在发票记录页重新生成下载链接，完成后更新工单状态。,0.6
怎么申请发票应该怎么弄,处理规则：退款完成后可能需要红冲已开具发票，并在系统中记录处理结果。,0.6
咨询一下退货物流填错了怎么办,SOP：如订单尚未发货，可直接取消订单并原路退款，并在系统中记录处理结果。,0.6
请教一下账号登不上去提示密码错误怎么办,标准流程：当用户登录失败时，检查网络状态、客户端版本和缓存，再重新尝试登录,0.6
想问下商品有问题怎么退货如何处理,签收后七天内可申请无理由退货，超出时限需按商品规则处理,0.6
想问下支付时优惠券失效了怎么办,标准流程：部分优惠券仅限特定类目、商家或支付方式使用，需查看券面说明,0.6
请问满减券不能用怎么办,SOP：部分优惠券仅限特定类目、商家或支付方式使用，需查看券面说明，并在系统中记录处理结果。,0.6
麻烦问一下用户无法登录系统怎么处理,SOP：当用户登录失败时，检查网络状态、客户端版本和缓存，再重新尝试登录,0.6
我想知道连续输错密码后无法登录怎么办,当密码重置仍失败时，可提交人工审核工单，由客服核验身份后恢复账号访问,0.6
帮我看看满减券不能用怎么办,建议处理：订单退款后已使用的优惠券是否返还需按活动规则判断，必要时联系人工客服协助。,0.6
我想知道支付时优惠券失效了怎么办,部分优惠券仅限特定类目、商家或支付方式使用，需查看券面说明,0.6
支付宝支付失败怎么办,建议处理：当支付页面长时间无响应时，建议刷新页面或重新进入订单详情页查看最新支付状态，并在系统中记录处理结果。,0.6
想问下登录提示需要身份验证怎么处理,当密码重置仍失败时，可提交人工审核工单，由客服核验身份后恢复账号访问，完成后更新工单状态。,0.6
咨询一下退款后发票怎么处理,建议处理：发票审核失败通常与抬头、税号或邮箱格式错误有关，修改后可重新提交，必要时联系人工客服协助。,0.6
咨询一下支付宝支付失败怎么办,SOP：当支付失败后订单仍保留时，需在有效期内重新支付，否则订单将自动取消，完成后更新工单状态。,0.6
麻烦问一下售后申请被拒绝怎么办,建议处理：若退款原路失败，系统会提示用户补充退款账户信息。,0.6
登录提示需要身份验证怎么处理,建议处理：当密码重置仍失败时，可提交人工审核工单，由客服核验身份后恢复账号访问。,0.6
请教一下退货物流填错了怎么办,若退款原路失败，系统会提示用户补充退款账户信息。,0.6
请问怎么申请发票如何处理,纸质发票如需邮寄，请确认邮寄地址和联系人信息无误,0.6
帮我看看优惠券被回收了怎么办,优惠券到账可能存在延迟，可稍后刷新页面再次查看,0.6
帮我看看连续输错密码后无法登录怎么办,标准流程：当账号存在安全风险时，需先完成安全验证，验证通过后才能继续登录,0.6
咨询一下商品有问题怎么退货,建议处理：若退款原路失败，系统会提示用户补充退款账户信息。,0.6
请教一下满减券不能用怎么办,部分优惠券仅限特定类目、商家或支付方式使用，需查看券面说明，必要时联系人工客服协助。,0.6
想问下快递显示签收但我没收到怎么办,物流停滞受天气、节假日或中转异常影响时，可等待一到两天后再观察节点更新,0.6
麻烦问一下连续输错密码后无法登录怎么办,当账号存在安全风险时，需先完成安全验证，验证通过后才能继续登录，完成后更新工单状态。,0.6
想问下退款一直没到账怎么处理,平台介入后会根据聊天记录、物流记录和凭证材料综合判定,0.6
想问下企业发票怎么开怎么处理,部分订单需在交易完成后才能进入开票流程，未完成订单暂不支持申请发票。,0.6
为什么提示不满足优惠条件,订单退款后已使用的优惠券是否返还需按活动规则判断，并在系统中记录处理结果。,0.6
请教一下登录提示需要身份验证怎么处理,建议处理：当密码重置仍失败时，可提交人工审核工单，由客服核验身份后恢复账号访问。,0.6
退货物流填错了怎么办,处理规则：如订单尚未发货，可直接取消订单并原路退款。,0.6
想问下登录提示需要身份验证怎么处理,当密码重置仍失败时，可提交人工审核工单，由客服核验身份后恢复账号访问。,0.6
帮我看看手机号换了收不到验证码怎么办,标准流程：当账号存在安全风险时，需先完成安全验证，验证通过后才能继续登录，完成后更新工单状态。,0.6
想问下支付成功但页面显示未支付怎么办,当支付页面长时间无响应时，建议刷新页面或重新进入订单详情页查看最新支付状态，完成后更新工单状态。,0.6
想问下售后申请被拒绝怎么办,建议处理：若商品已使用或影响二次销售，平台可能不支持无理由退货。,0.6
企业发票怎么开,处理规则：部分订单需在交易完成后才能进入开票流程，未完成订单暂不支持申请发票,0.6
咨询一下退款后发票怎么处理,标准流程：发票审核失败通常与抬头、税号或邮箱格式错误有关，修改后可重新提交，完成后更新工单状态。,0.6
优惠券为什么用不了,处理规则：优惠券到账可能存在延迟，可稍后刷新页面再次查看，并在系统中记录处理结果。,0.6
咨询一下快递显示签收但我没收到怎么办,处理规则：若用户急需商品，可优先与商家协商更换配送方式,0.6
咨询一下优惠券为什么用不了该怎么办,标准流程：优惠券到账可能存在延迟，可稍后刷新页面再次查看。,0.6
咨询一下退款后发票怎么处理,SOP：部分订单需在交易完成后才能进入开票流程，未完成订单暂不支持申请发票。,0.6
咨询一下支付页面卡住了怎么处理,标准流程：当支付失败后订单仍保留时，需在有效期内重新支付，否则订单将自动取消,0.6
咨询一下账号登不上去提示密码错误怎么办,建议处理：当用户登录失败时，检查网络状态、客户端版本和缓存，再重新尝试登录。,0.6
帮我看看为什么提示不满足优惠条件,标准流程：订单退款后已使用的优惠券是否返还需按活动规则判断，完成后更新工单状态。,0.6
麻烦问一下商品坏了怎么走售后要怎么解决,建议处理：若退款原路失败，系统会提示用户补充退款账户信息,0.6
想问下支付时优惠券失效了怎么办,部分优惠券仅限特定类目、商家或支付方式使用，需查看券面说明,0.6
想问下支付页面卡住了怎么处理,标准流程：当支付失败后订单仍保留时，需在有效期内重新支付，否则订单将自动取消。,0.6
帮我看看退款后发票怎么处理,SOP：部分订单需在交易完成后才能进入开票流程，未完成订单暂不支持申请发票。,0.6
请教一下怎么查物流如何处理,SOP：订单详情页可查看物流单号并跳转到承运商页面查询，完成后更新工单状态。,0.6
帮我看看满减券不能用怎么办,建议处理：订单退款后已使用的优惠券是否返还需按活动规则判断,0.6
请问满减券不能用怎么办,部分优惠券仅限特定类目、商家或支付方式使用，需查看券面说明,0.6
咨询一下企业发票怎么开有没有处理办法,建议处理：如发票下载链接失效，可在发票记录页重新生成下载链接，完成后更新工单状态。,0.6
请教一下支付成功但页面显示未支付怎么办,当支付页面长时间无响应时，建议刷新页面或重新进入订单详情页查看最新支付状态，完成后更新工单状态。,0.6
帮我看看售后申请被拒绝怎么办,若退款原路失败，系统会提示用户补充退款账户信息,0.6
支付页面卡住了怎么处理,当支付失败后订单仍保留时，需在有效期内重新支付，否则订单将自动取消,0.6
咨询一下登录时一直提示密码不对怎么办,标准流程：如绑定手机号已失效，可走账户资料核验流程重新绑定新手机号。,0.6
我想知道发票抬头填错了怎么办,处理规则：发票审核失败通常与抬头、税号或邮箱格式错误有关，修改后可重新提交，必要时联系人工客服协助。,0.6
麻烦问一下支付时报错了怎么办,标准流程：如支付成功但未收到通知，可在消息中心或订单列表中手动刷新状态,0.6
我想知道手机号换了收不到验证码怎么办,当账号存在安全风险时，需先完成安全验证，验证通过后才能继续登录,0.6
请问优惠券过期了还能恢复吗应该怎么弄,SOP：订单退款后已使用的优惠券是否返还需按活动规则判断，完成后更新工单状态。,0.6
麻烦问一下快递停滞几天了怎么办,建议处理：如快递异常退回仓库，需确认是否重新发货或直接退款，并在系统中记录处理结果。,0.6
想问下支付页面卡住了怎么处理,标准流程：当支付失败后订单仍保留时，需在有效期内重新支付，否则订单将自动取消，并在系统中记录处理结果。,0.6
登录时一直提示密码不对怎么办,SOP：如绑定手机号已失效，可走账户资料核验流程重新绑定新手机号,0.6
麻烦问一下物流一直不更新怎么办,标准流程：订单详情页可查看物流单号并跳转到承运商页面查询,0.6
请问商品坏了怎么走售后要怎么解决,若退款原路失败，系统会提示用户补充退款账户信息,0.6
请问商品坏了怎么走售后要怎么解决,建议处理：若退款原路失败，系统会提示用户补充退款账户信息,0.6
帮我看看发票抬头填错了怎么办,处理规则：发票审核失败通常与抬头、税号或邮箱格式错误有关，修改后可重新提交。,0.6
咨询一下账号登不上去提示密码错误怎么办,标准流程：当用户登录失败时，检查网络状态、客户端版本和缓存，再重新尝试登录,0.6
优惠券过期了还能恢复吗,订单退款后已使用的优惠券是否返还需按活动规则判断，并在系统中记录处理结果。,0.6
帮我看看优惠券被回收了怎么办,SOP：优惠券到账可能存在延迟，可稍后刷新页面再次查看。,0.6
请问用户无法登录系统怎么处理,若邮箱未激活导致验证失败，需先完成邮箱激活后再尝试登录,0.6
帮我看看优惠券过期了还能恢复吗如何处理,优惠券到账可能存在延迟，可稍后刷新页面再次查看，完成后更新工单状态。,0.6
请教一下物流一直不更新怎么办,若用户急需商品，可优先与商家协商更换配送方式,0.6
店铺券和平台券怎么一起用,订单退款后已使用的优惠券是否返还需按活动规则判断，必要时联系人工客服协助。,0.6
我想知道发票抬头填错了怎么办,SOP：发票审核失败通常与抬头、税号或邮箱格式错误有关，修改后可重新提交，完成后更新工单状态。,0.6
帮我看看售后申请被拒绝怎么办,若商品已使用或影响二次销售，平台可能不支持无理由退货，完成后更新工单状态。,0.6
请教一下退款后发票怎么处理,处理规则：部分订单需在交易完成后才能进入开票流程，未完成订单暂不支持申请发票，完成后更新工单状态。,0.6
咨询一下优惠券过期了还能恢复吗怎么处理,优惠券到账可能存在延迟，可稍后刷新页面再次查看，完成后更新工单状态。,0.6
帮我看看快递显示签收但我没收到怎么办,若用户急需商品，可优先与商家协商更换配送方式,0.6
请问用户无法登录系统怎么处理,标准流程：若邮箱未激活导致验证失败，需先完成邮箱激活后再尝试登录。,0.6
支付时优惠券失效了怎么办,标准流程：部分优惠券仅限特定类目、商家或支付方式使用，需查看券面说明,0.6
帮我看看店铺券和平台券怎么一起用如何处理,若优惠券被系统回收，可能与订单取消、退款或违规活动有关,0.6
咨询一下优惠券过期了还能恢复吗怎么处理,优惠券到账可能存在延迟，可稍后刷新页面再次查看，并在系统中记录处理结果。,0.6
手机号换了收不到验证码怎么办,标准流程：当账号存在安全风险时，需先完成安全验证，验证通过后才能继续登录,0.6
咨询一下支付宝支付失败怎么办,SOP：当支付页面长时间无响应时，建议刷新页面或重新进入订单详情页查看最新支付状态,0.6
我想知道支付时优惠券失效了怎么办,SOP：部分优惠券仅限特定类目、商家或支付方式使用，需查看券面说明，完成后更新工单状态。,0.6
想问下连续输错密码后无法登录怎么办,当账号存在安全风险时，需先完成安全验证，验证通过后才能继续登录,0.6
麻烦问一下企业发票怎么开要怎么解决,SOP：退款完成后可能需要红冲已开具发票。,0.6
想问下退款一直没到账怎么处理,平台介入后会根据聊天记录、物流记录和凭证材料综合判定，并在系统中记录处理结果。,0.6
售后申请被拒绝怎么办,SOP：如订单尚未发货，可直接取消订单并原路退款。,0.6
咨询一下验证码登录失败怎么办,处理规则：当用户登录失败时，检查网络状态、客户端版本和缓存，再重新尝试登录，完成后更新工单状态。,0.6
支付时报错了怎么办,处理规则：如支付成功但未收到通知，可在消息中心或订单列表中手动刷新状态,0.6
我想知道满减券不能用怎么办,建议处理：订单退款后已使用的优惠券是否返还需按活动规则判断，必要时联系人工客服协助。,0.6
我想知道物流一直不更新怎么办,订单详情页可查看物流单号并跳转到承运商页面查询,0.6
我想知道支付宝支付失败怎么办,SOP：当支付页面长时间无响应时，建议刷新页面或重新进入订单详情页查看最新支付状态,0.6
请教一下店铺券和平台券怎么一起用该怎么办,订单退款后已使用的优惠券是否返还需按活动规则判断，必要时联系人工客服协助。,0.6
我想知道订单支付失败怎么办,当支付页面长时间无响应时，建议刷新页面或重新进入订单详情页查看最新支付状态,0.6
请教一下退款一直没到账怎么处理,处理规则：平台介入后会根据聊天记录、物流记录和凭证材料综合判定，完成后更新工单状态。,0.6
麻烦问一下店铺券和平台券怎么一起用有没有处理办法,标准流程：若优惠券被系统回收，可能与订单取消、退款或违规活动有关,0.6
我想知道退款审核要多久有没有处理办法,如订单尚未发货，可直接取消订单并原路退款，完成后更新工单状态。,0.6
麻烦问一下退货物流填错了怎么办,处理规则：若退款原路失败，系统会提示用户补充退款账户信息，并在系统中记录处理结果。,0.6
我想知道物流一直不更新怎么办,标准流程：订单详情页可查看物流单号并跳转到承运商页面查询,0.6
支付时优惠券失效了怎么办,SOP：部分优惠券仅限特定类目、商家或支付方式使用，需查看券面说明，完成后更新工单状态。,0.6
请教一下用户无法登录系统怎么处理,标准流程：若邮箱未激活导致验证失败，需先完成邮箱激活后再尝试登录。,0.6
支付页面卡住了怎么处理,当支付失败后订单仍保留时，需在有效期内重新支付，否则订单将自动取消，完成后更新工单状态。,0.6
咨询一下企业发票怎么开有没有处理办法,SOP：如发票下载链接失效，可在发票记录页重新生成下载链接，并在系统中记录处理结果。,0.6
怎么申请退款怎么处理,如订单尚未发货，可直接取消订单并原路退款,0.6
售后申请被拒绝怎么办,处理规则：如订单尚未发货，可直接取消订单并原路退款,0.6
想问下企业发票怎么开如何处理,处理规则：如发票下载链接失效，可在发票记录页重新生成下载链接,0.6
优惠券过期了还能恢复吗,优惠券到账可能存在延迟，可稍后刷新页面再次查看,0.6
想问下连续输错密码后无法登录怎么办,处理规则：当账号存在安全风险时，需先完成安全验证，验证通过后才能继续登录。,0.6
请教一下商品有问题怎么退货,标准流程：若退款原路失败，系统会提示用户补充退款账户信息，必要时联系人工客服协助。,0.6
咨询一下退货物流填错了怎么办,处理规则：如订单尚未发货，可直接取消订单并原路退款。,0.6
请教一下登录提示需要身份验证怎么处理,当密码重置仍失败时，可提交人工审核工单，由客服核验身份后恢复账号访问,0.6
请问商品有问题怎么退货有没有处理办法,标准流程：签收后七天内可申请无理由退货，超出时限需按商品规则处理，并在系统中记录处理结果。,0.6
帮我看看退款后发票怎么处理,处理规则：部分订单需在交易完成后才能进入开票流程，未完成订单暂不支持申请发票，完成后更新工单状态。,0.6
帮我看看售后申请被拒绝怎么办,处理规则：若商品已使用或影响二次销售，平台可能不支持无理由退货，完成后更新工单状态。,0.6
满减券不能用怎么办,标准流程：订单退款后已使用的优惠券是否返还需按活动规则判断，必要时联系人工客服协助。,0.6
订单支付失败怎么办,建议处理：当支付页面长时间无响应时，建议刷新页面或重新进入订单详情页查看最新支付状态,0.6
请教一下优惠券为什么用不了有没有处理办法,处理规则：优惠券到账可能存在延迟，可稍后刷新页面再次查看，并在系统中记录处理结果。,0.6
企业发票怎么开应该怎么弄,建议处理：退款完成后可能需要红冲已开具发票,0.6
麻烦问一下连续输错密码后无法登录怎么办,SOP：当账号存在安全风险时，需先完成安全验证，验证通过后才能继续登录，完成后更新工单状态。,0.6
企业发票怎么开,SOP：部分订单需在交易完成后才能进入开票流程，未完成订单暂不支持申请发票，完成后更新工单状态。,0.6
我想知道售后申请被拒绝怎么办,处理规则：若商品已使用或影响二次销售，平台可能不支持无理由退货，完成后更新工单状态。,0.6
帮我看看优惠券过期了还能恢复吗如何处理,标准流程：优惠券到账可能存在延迟，可稍后刷新页面再次查看，并在系统中记录处理结果。,0.6
麻烦问一下怎么查物流,SOP：订单详情页可查看物流单号并跳转到承运商页面查询，完成后更新工单状态。,0.6
请问快递停滞几天了怎么办,如快递异常退回仓库，需确认是否重新发货或直接退款,0.6
请问售后申请被拒绝怎么办,建议处理：若退款原路失败，系统会提示用户补充退款账户信息，并在系统中记录处理结果。,0.6
帮我看看登录时一直提示密码不对怎么办,标准流程：如绑定手机号已失效，可走账户资料核验流程重新绑定新手机号，必要时联系人工客服协助。,0.6
商品有问题怎么退货,若退款原路失败，系统会提示用户补充退款账户信息,0.6
请教一下快递显示签收但我没收到怎么办,物流停滞受天气、节假日或中转异常影响时，可等待一到两天后再观察节点更新，并在系统中记录处理结果。,0.6
请问商品有问题怎么退货要怎么解决,建议处理：签收后七天内可申请无理由退货，超出时限需按商品规则处理。,0.6
我想知道支付宝支付失败怎么办,处理规则：当支付页面长时间无响应时，建议刷新页面或重新进入订单详情页查看最新支付状态，并在系统中记录处理结果。,0.6
咨询一下手机号换了收不到验证码怎么办,建议处理：当密码重置仍失败时，可提交人工审核工单，由客服核验身份后恢复账号访问,0.6
我想知道手机号换了收不到验证码怎么办,SOP：当账号存在安全风险时，需先完成安全验证，验证通过后才能继续登录，并在系统中记录处理结果。,0.6
请问登录提示需要身份验证怎么处理,如绑定手机号已失效，可走账户资料核验流程重新绑定新手机号,0.6
请教一下快递显示签收但我没收到怎么办,建议处理：物流停滞受天气、节假日或中转异常影响时，可等待一到两天后再观察节点更新，完成后更新工单状态。,0.6
咨询一下登录时一直提示密码不对怎么办,如绑定手机号已失效，可走账户资料核验流程重新绑定新手机号,0.6
请教一下退款一直没到账怎么处理,商家审核通过后需在规定时间内寄回商品，否则退款申请可能关闭,0.6
怎么申请发票,处理规则：退款完成后可能需要红冲已开具发票。,0.6
我想知道手机号换了收不到验证码怎么办,SOP：当密码重置仍失败时，可提交人工审核工单，由客服核验身份后恢复账号访问，必要时联系人工客服协助。,0.6
麻烦问一下验证码登录失败怎么办,标准流程：当用户登录失败时，检查网络状态、客户端版本和缓存，再重新尝试登录。,0.6
请问快递停滞几天了怎么办,标准流程：如快递异常退回仓库，需确认是否重新发货或直接退款，完成后更新工单状态。,0.6
我想知道怎么查物流要怎么解决,处理规则：订单详情页可查看物流单号并跳转到承运商页面查询。,0.6
满减券不能用怎么办,部分优惠券仅限特定类目、商家或支付方式使用，需查看券面说明，必要时联系人工客服协助。,0.6
店铺券和平台券怎么一起用,SOP：若优惠券被系统回收，可能与订单取消、退款或违规活动有关,0.6
订单完成后怎么补开发票应该怎么弄,退款完成后可能需要红冲已开具发票,0.6
请教一下发票抬头填错了怎么办,SOP：发票审核失败通常与抬头、税号或邮箱格式错误有关，修改后可重新提交，并在系统中记录处理结果。,0.6
退款一直没到账怎么处理,平台介入后会根据聊天记录、物流记录和凭证材料综合判定,0.6
咨询一下商品有问题怎么退货,若退款原路失败，系统会提示用户补充退款账户信息。,0.6
支付时优惠券失效了怎么办,标准流程：订单退款后已使用的优惠券是否返还需按活动规则判断，并在系统中记录处理结果。,0.6
请问物流一直不更新怎么办,若用户急需商品，可优先与商家协商更换配送方式,0.6
请教一下物流一直不更新怎么办,标准流程：订单详情页可查看物流单号并跳转到承运商页面查询，完成后更新工单状态。,0.6
帮我看看手机号换了收不到验证码怎么办,SOP：当密码重置仍失败时，可提交人工审核工单，由客服核验身份后恢复账号访问。,0.6
麻烦问一下退货物流填错了怎么办,如订单尚未发货，可直接取消订单并原路退款，完成后更新工单状态。,0.6
请问地址填错了还能改吗,SOP：物流停滞受天气、节假日或中转异常影响时，可等待一到两天后再观察节点更新，并在系统中记录处理结果。,0.6
麻烦问一下支付时报错了怎么办,处理规则：如支付成功但未收到通知，可在消息中心或订单列表中手动刷新状态，并在系统中记录处理结果。,0.6
帮我看看验证码登录失败怎么办,当用户登录失败时，检查网络状态、客户端版本和缓存，再重新尝试登录,0.6
企业发票怎么开应该怎么弄,SOP：退款完成后可能需要红冲已开具发票。,0.6
请问商品有问题怎么退货有没有处理办法,签收后七天内可申请无理由退货，超出时限需按商品规则处理,0.6
麻烦问一下怎么查物流,订单详情页可查看物流单号并跳转到承运商页面查询,0.6
手机号换了收不到验证码怎么办,当账号存在安全风险时，需先完成安全验证，验证通过后才能继续登录,0.6
帮我看看用户无法登录系统怎么处理,当用户登录失败时，检查网络状态、客户端版本和缓存，再重新尝试登录,0.6
想问下登录提示需要身份验证怎么处理,处理规则：如绑定手机号已失效，可走账户资料核验流程重新绑定新手机号。,0.6
请教一下优惠券被回收了怎么办,处理规则：优惠券到账可能存在延迟，可稍后刷新页面再次查看，完成后更新工单状态。,0.6
咨询一下支付页面卡住了怎么处理,当支付失败后订单仍保留时，需在有效期内重新支付，否则订单将自动取消，完成后更新工单状态。,0.6
请教一下支付成功但页面显示未支付怎么办,当支付页面长时间无响应时，建议刷新页面或重新进入订单详情页查看最新支付状态,0.6
帮我看看手机号换了收不到验证码怎么办,建议处理：当密码重置仍失败时，可提交人工审核工单，由客服核验身份后恢复账号访问,0.6
请问订单完成后怎么补开发票,SOP：退款完成后可能需要红冲已开具发票，完成后更新工单状态。,0.6
帮我看看用户无法登录系统怎么处理,SOP：当用户登录失败时，检查网络状态、客户端版本和缓存，再重新尝试登录，并在系统中记录处理结果。,0.6
帮我看看售后申请被拒绝怎么办,标准流程：若退款原路失败，系统会提示用户补充退款账户信息。,0.6
请问怎么申请发票如何处理,建议处理：纸质发票如需邮寄，请确认邮寄地址和联系人信息无误，必要时联系人工客服协助。,0.6
支付成功但页面显示未支付怎么办,当支付页面长时间无响应时，建议刷新页面或重新进入订单详情页查看最新支付状态，完成后更新工单状态。,0.6
想问下退款一直没到账怎么处理,商家审核通过后需在规定时间内寄回商品，否则退款申请可能关闭,0.6
麻烦问一下支付宝支付失败怎么办,当支付失败后订单仍保留时，需在有效期内重新支付，否则订单将自动取消,0.6
帮我看看优惠券过期了还能恢复吗要怎么解决,订单退款后已使用的优惠券是否返还需按活动规则判断，并在系统中记录处理结果。,0.6
退货物流填错了怎么办,如订单尚未发货，可直接取消订单并原路退款,0.6
麻烦问一下快递停滞几天了怎么办,标准流程：如快递异常退回仓库，需确认是否重新发货或直接退款，完成后更新工单状态。,0.6
请教一下优惠券为什么用不了有没有处理办法,建议处理：优惠券到账可能存在延迟，可稍后刷新页面再次查看，必要时联系人工客服协助。,0.6
企业发票怎么开有没有处理办法,建议处理：退款完成后可能需要红冲已开具发票,0.6
优惠券为什么用不了,建议处理：优惠券到账可能存在延迟，可稍后刷新页面再次查看，必要时联系人工客服协助。,0.6
想问下支付时报错了怎么办,标准流程：如支付成功但未收到通知，可在消息中心或订单列表中手动刷新状态,0.6
请问支付时优惠券失效了怎么办,订单退款后已使用的优惠券是否返还需按活动规则判断,0.6
请教一下物流一直不更新怎么办,处理规则：若用户急需商品，可优先与商家协商更换配送方式，必要时联系人工客服协助。,0.6
请教一下账号登不上去提示密码错误怎么办,处理规则：当用户登录失败时，检查网络状态、客户端版本和缓存，再重新尝试登录，必要时联系人工客服协助。,0.6
帮我看看为什么提示不满足优惠条件有没有处理办法,订单退款后已使用的优惠券是否返还需按活动规则判断，完成后更新工单状态。,0.6
怎么申请退款,处理规则：如订单尚未发货，可直接取消订单并原路退款，并在系统中记录处理结果。,0.6
请问快递显示签收但我没收到怎么办,SOP：物流停滞受天气、节假日或中转异常影响时，可等待一到两天后再观察节点更新,0.6
我想知道怎么申请发票应该怎么弄,建议处理：纸质发票如需邮寄，请确认邮寄地址和联系人信息无误，必要时联系人工客服协助。,0.6
想问下退款后发票怎么处理,发票审核失败通常与抬头、税号或邮箱格式错误有关，修改后可重新提交,0.6
支付时报错了怎么办,如支付成功但未收到通知，可在消息中心或订单列表中手动刷新状态,0.6
登录提示需要身份验证怎么处理,处理规则：如绑定手机号已失效，可走账户资料核验流程重新绑定新手机号。,0.6
请教一下用户无法登录系统怎么处理,若邮箱未激活导致验证失败，需先完成邮箱激活后再尝试登录,0.6
登录提示需要身份验证怎么处理,当密码重置仍失败时，可提交人工审核工单，由客服核验身份后恢复账号访问。,0.6
我想知道店铺券和平台券怎么一起用怎么处理,处理规则：订单退款后已使用的优惠券是否返还需按活动规则判断。,0.6
请问商品有问题怎么退货要怎么解决,标准流程：签收后七天内可申请无理由退货，超出时限需按商品规则处理，并在系统中记录处理结果。,0.6
地址填错了还能改吗,SOP：物流停滞受天气、节假日或中转异常影响时，可等待一到两天后再观察节点更新，必要时联系人工客服协助。,0.6
咨询一下优惠券被回收了怎么办,SOP：优惠券到账可能存在延迟，可稍后刷新页面再次查看。,0.6
想问下怎么申请发票该怎么办,处理规则：退款完成后可能需要红冲已开具发票，并在系统中记录处理结果。,0.6
想问下支付成功但页面显示未支付怎么办,当支付页面长时间无响应时，建议刷新页面或重新进入订单详情页查看最新支付状态，并在系统中记录处理结果。,0.6
请问怎么申请发票有没有处理办法,纸质发票如需邮寄，请确认邮寄地址和联系人信息无误,0.6
请教一下连续输错密码后无法登录怎么办,当密码重置仍失败时，可提交人工审核工单，由客服核验身份后恢复账号访问,0.6
麻烦问一下企业发票怎么开要怎么解决,部分订单需在交易完成后才能进入开票流程，未完成订单暂不支持申请发票,0.6
麻烦问一下售后申请被拒绝怎么办,若退款原路失败，系统会提示用户补充退款账户信息,0.6
麻烦问一下商品坏了怎么走售后要怎么解决,若退款原路失败，系统会提示用户补充退款账户信息。,0.6
支付时优惠券失效了怎么办,处理规则：订单退款后已使用的优惠券是否返还需按活动规则判断，并在系统中记录处理结果。,0.6
请教一下退款一直没到账怎么处理,标准流程：平台介入后会根据聊天记录、物流记录和凭证材料综合判定,0.6
咨询一下企业发票怎么开应该怎么弄,标准流程：如发票下载链接失效，可在发票记录页重新生成下载链接。,0.6
企业发票怎么开有没有处理办法,SOP：退款完成后可能需要红冲已开具发票。,0.6
咨询一下优惠券被回收了怎么办,处理规则：优惠券到账可能存在延迟，可稍后刷新页面再次查看，完成后更新工单状态。,0.6
咨询一下物流一直不更新怎么办,若用户急需商品，可优先与商家协商更换配送方式,0.6
我想知道怎么申请发票应该怎么弄,纸质发票如需邮寄，请确认邮寄地址和联系人信息无误,0.6
麻烦问一下支付宝支付失败怎么办,建议处理：当支付失败后订单仍保留时，需在有效期内重新支付，否则订单将自动取消,0.6
咨询一下退款后发票怎么处理,SOP：部分订单需在交易完成后才能进入开票流程，未完成订单暂不支持申请发票，并在系统中记录处理结果。,0.6
麻烦问一下店铺券和平台券怎么一起用有没有处理办法,若优惠券被系统回收，可能与订单取消、退款或违规活动有关，完成后更新工单状态。,0.6
店铺券和平台券怎么一起用,SOP：订单退款后已使用的优惠券是否返还需按活动规则判断，完成后更新工单状态。,0.6
想问下售后申请被拒绝怎么办,如订单尚未发货，可直接取消订单并原路退款，并在系统中记录处理结果。,0.6
请问售后申请被拒绝怎么办,建议处理：若退款原路失败，系统会提示用户补充退款账户信息。,0.6
麻烦问一下连续输错密码后无法登录怎么办,当密码重置仍失败时，可提交人工审核工单，由客服核验身份后恢复账号访问,0.6
请问订单完成后怎么补开发票,建议处理：退款完成后可能需要红冲已开具发票,0.6
我想知道订单支付失败怎么办,SOP：当支付页面长时间无响应时，建议刷新页面或重新进入订单详情页查看最新支付状态，完成后更新工单状态。,0.6
麻烦问一下用户无法登录系统怎么处理,当用户登录失败时，检查网络状态、客户端版本和缓存，再重新尝试登录,0.6
请问物流一直不更新怎么办,建议处理：若用户急需商品，可优先与商家协商更换配送方式。,0.6
麻烦问一下验证码登录失败怎么办,处理规则：当用户登录失败时，检查网络状态、客户端版本和缓存，再重新尝试登录，完成后更新工单状态。,0.6
咨询一下优惠券为什么用不了该怎么办,优惠券到账可能存在延迟，可稍后刷新页面再次查看,0.6
想问下快递显示签收但我没收到怎么办,建议处理：物流停滞受天气、节假日或中转异常影响时，可等待一到两天后再观察节点更新，完成后更新工单状态。,0.6
咨询一下支付宝支付失败怎么办,建议处理：当支付失败后订单仍保留时，需在有效期内重新支付，否则订单将自动取消，必要时联系人工客服协助。,0.6
麻烦问一下企业发票怎么开要怎么解决,建议处理：退款完成后可能需要红冲已开具发票，必要时联系人工客服协助。,0.6
想问下售后申请被拒绝怎么办,如订单尚未发货，可直接取消订单并原路退款。,0.6
优惠券过期了还能恢复吗,标准流程：优惠券到账可能存在延迟，可稍后刷新页面再次查看，并在系统中记录处理结果。,0.6
想问下登录提示需要身份验证怎么处理,如绑定手机号已失效，可走账户资料核验流程重新绑定新手机号,0.6
麻烦问一下支付时优惠券失效了怎么办,处理规则：订单退款后已使用的优惠券是否返还需按活动规则判断，并在系统中记录处理结果。,0.6
我想知道退款审核要多久怎么处理,标准流程：如订单尚未发货，可直接取消订单并原路退款，必要时联系人工客服协助。,0.6
咨询一下支付宝支付失败怎么办,处理规则：当支付页面长时间无响应时，建议刷新页面或重新进入订单详情页查看最新支付状态，并在系统中记录处理结果。,0.6
想问下退款一直没到账怎么处理,商家审核通过后需在规定时间内寄回商品，否则退款申请可能关闭，必要时联系人工客服协助。,0.6
咨询一下订单支付失败怎么办,处理规则：当支付页面长时间无响应时，建议刷新页面或重新进入订单详情页查看最新支付状态。,0.6
帮我看看登录时一直提示密码不对怎么办,如绑定手机号已失效，可走账户资料核验流程重新绑定新手机号,0.6
麻烦问一下物流一直不更新怎么办,SOP：订单详情页可查看物流单号并跳转到承运商页面查询，必要时联系人工客服协助。,0.6
请问地址填错了还能改吗,SOP：物流停滞受天气、节假日或中转异常影响时，可等待一到两天后再观察节点更新，必要时联系人工客服协助。,0.6
帮我看看店铺券和平台券怎么一起用如何处理,若优惠券被系统回收，可能与订单取消、退款或违规活动有关，完成后更新工单状态。,0.6
想问下售后申请被拒绝怎么办,若商品已使用或影响二次销售，平台可能不支持无理由退货,0.6
订单完成后怎么补开发票,退款完成后可能需要红冲已开具发票,0.6
优惠券过期了还能恢复吗,SOP：订单退款后已使用的优惠券是否返还需按活动规则判断，完成后更新工单状态。,0.6
麻烦问一下企业发票怎么开要怎么解决,SOP：部分订单需在交易完成后才能进入开票流程，未完成订单暂不支持申请发票，完成后更新工单状态。,0.6
请问快递显示签收但我没收到怎么办,建议处理：物流停滞受天气、节假日或中转异常影响时，可等待一到两天后再观察节点更新，完成后更新工单状态。,0.6
用户无法登录系统怎么处理,若邮箱未激活导致验证失败，需先完成邮箱激活后再尝试登录,0.6
帮我看看快递显示签收但我没收到怎么办,处理规则：若用户急需商品，可优先与商家协商更换配送方式，完成后更新工单状态。,0.6
请教一下退货物流填错了怎么办,处理规则：若退款原路失败，系统会提示用户补充退款账户信息，并在系统中记录处理结果。,0.6
用户无法登录系统怎么处理,SOP：若邮箱未激活导致验证失败，需先完成邮箱激活后再尝试登录,0.6
快递显示签收但我没收到怎么办,处理规则：若用户急需商品，可优先与商家协商更换配送方式,0.6
我想知道怎么申请退款有没有处理办法,如订单尚未发货，可直接取消订单并原路退款,0.6
订单完成后怎么补开发票,处理规则：退款完成后可能需要红冲已开具发票，完成后更新工单状态。,0.6
退款后发票怎么处理,建议处理：发票审核失败通常与抬头、税号或邮箱格式错误有关，修改后可重新提交，必要时联系人工客服协助。,0.6
麻烦问一下支付时优惠券失效了怎么办,处理规则：订单退款后已使用的优惠券是否返还需按活动规则判断,0.6
请问优惠券过期了还能恢复吗应该怎么弄,处理规则：订单退款后已使用的优惠券是否返还需按活动规则判断，并在系统中记录处理结果。,0.6
我想知道怎么查物流要怎么解决,SOP：订单详情页可查看物流单号并跳转到承运商页面查询，必要时联系人工客服协助。,0.6
商品有问题怎么退货,建议处理：若退款原路失败，系统会提示用户补充退款账户信息。,0.6
商品坏了怎么走售后,若退款原路失败，系统会提示用户补充退款账户信息,0.6
请教一下商品有问题怎么退货,若退款原路失败，系统会提示用户补充退款账户信息。,0.6
支付宝支付失败怎么办,SOP：当支付页面长时间无响应时，建议刷新页面或重新进入订单详情页查看最新支付状态,0.6
想问下怎么申请发票该怎么办,处理规则：退款完成后可能需要红冲已开具发票。,0.6
退款一直没到账怎么处理,商家审核通过后需在规定时间内寄回商品，否则退款申请可能关闭，必要时联系人工客服协助。,0.6
麻烦问一下下单付款时提示风控拦截怎么办,处理规则：若支付密码连续输错，可先重置支付密码后再尝试完成付款,0.7
帮我看看发票邮箱填错了怎么改有没有处理办法,SOP：若开票金额与订单不一致，需先核对优惠、退款和实付金额后再处理，并在系统中记录处理结果。,0.7
咨询一下发票审核失败怎么办,发票审核失败通常与抬头、税号或邮箱格式错误有关，修改后可重新提交，必要时联系人工客服协助。,0.7
请教一下发票邮箱填错了怎么改要怎么解决,若开票金额与订单不一致，需先核对优惠、退款和实付金额后再处理,0.7
订单重复扣款怎么退款,建议处理：若支付渠道维护中，可引导用户稍后重试或切换到其他支付方式。,0.7
优惠券被回收了怎么办,订单退款后已使用的优惠券是否返还需按活动规则判断,0.7
请问包裹丢了怎么处理,订单详情页可查看物流单号并跳转到承运商页面查询，并在系统中记录处理结果。,0.7
我想知道支付页面卡住了怎么处理,若支付密码连续输错，可先重置支付密码后再尝试完成付款,0.7
麻烦问一下优惠券过期了还能恢复吗怎么处理,若优惠券被系统回收，可能与订单取消、退款或违规活动有关,0.7
请问优惠券被回收了怎么办,建议处理：订单退款后已使用的优惠券是否返还需按活动规则判断，完成后更新工单状态。,0.7
我想知道快递停滞几天了怎么办,处理规则：物流停滞受天气、节假日或中转异常影响时，可等待一到两天后再观察节点更新，完成后更新工单状态。,0.7
优惠券为什么用不了,处理规则：订单退款后已使用的优惠券是否返还需按活动规则判断，并在系统中记录处理结果。,0.7
咨询一下领了优惠券结算时不生效有没有处理办法,部分优惠券仅限特定类目、商家或支付方式使用，需查看券面说明，并在系统中记录处理结果。,0.7
优惠券为什么用不了应该怎么弄,处理规则：活动价格和优惠券是否可叠加需按具体促销规则判断,0.7
退款一直没到账怎么处理,处理规则：如订单尚未发货，可直接取消订单并原路退款,0.7
请问领了优惠券结算时不生效该怎么办,SOP：活动价格和优惠券是否可叠加需按具体促销规则判断。,0.7
想问下支付成功但页面显示未支付怎么办,建议处理：如支付成功但未收到通知，可在消息中心或订单列表中手动刷新状态,0.7
下单付款时提示风控拦截怎么办,处理规则：若支付密码连续输错，可先重置支付密码后再尝试完成付款,0.7
请教一下账号登不上去提示密码错误怎么办,标准流程：当密码重置仍失败时，可提交人工审核工单，由客服核验身份后恢复账号访问，完成后更新工单状态。,0.7
麻烦问一下订单想退款怎么操作,标准流程：如订单尚未发货，可直接取消订单并原路退款，完成后更新工单状态。,0.7
商品坏了怎么走售后,如订单尚未发货，可直接取消订单并原路退款，必要时联系人工客服协助。,0.7
想问下发票抬头填错了怎么办,退款完成后可能需要红冲已开具发票,0.7
什么时候发货如何处理,订单详情页可查看物流单号并跳转到承运商页面查询,0.7
请教一下快递停滞几天了怎么办,建议处理：物流停滞受天气、节假日或中转异常影响时，可等待一到两天后再观察节点更新,0.7
退款后发票怎么处理,处理规则：若开票金额与订单不一致，需先核对优惠、退款和实付金额后再处理,0.7
我想知道发票邮箱填错了怎么改有没有处理办法,处理规则：退款完成后可能需要红冲已开具发票，并在系统中记录处理结果。,0.7
想问下优惠券为什么用不了要怎么解决,处理规则：订单退款后已使用的优惠券是否返还需按活动规则判断，并在系统中记录处理结果。,0.7
请问连续输错密码后无法登录怎么办,当用户登录失败时，检查网络状态、客户端版本和缓存，再重新尝试登录，并在系统中记录处理结果。,0.7
请问为什么提示不满足优惠条件怎么处理,SOP：若购物车内含不参与活动商品，可能导致整单无法使用指定优惠券。,0.7
优惠券为什么用不了,标准流程：订单退款后已使用的优惠券是否返还需按活动规则判断，完成后更新工单状态。,0.7
怎么申请退款,处理规则：平台介入后会根据聊天记录、物流记录和凭证材料综合判定，完成后更新工单状态。,0.7
麻烦问一下账号被锁了怎么恢复登录,当用户登录失败时，检查网络状态、客户端版本和缓存，再重新尝试登录，必要时联系人工客服协助。,0.7
咨询一下退款后发票怎么处理,标准流程：若开票金额与订单不一致，需先核对优惠、退款和实付金额后再处理，必要时联系人工客服协助。,0.7
想问下支付时优惠券失效了怎么办,若购物车内含不参与活动商品，可能导致整单无法使用指定优惠券，并在系统中记录处理结果。,0.7
什么时候发货如何处理,标准流程：订单详情页可查看物流单号并跳转到承运商页面查询，并在系统中记录处理结果。,0.7
商品有问题怎么退货有没有处理办法,如订单尚未发货，可直接取消订单并原路退款，必要时联系人工客服协助。,0.7
想问下发票审核失败怎么办,标准流程：若开票金额与订单不一致，需先核对优惠、退款和实付金额后再处理。,0.7
发票邮箱填错了怎么改,建议处理：若开票金额与订单不一致，需先核对优惠、退款和实付金额后再处理，必要时联系人工客服协助。,0.7
下单付款时提示风控拦截怎么办,若支付密码连续输错，可先重置支付密码后再尝试完成付款。,0.7
麻烦问一下发票审核失败怎么办,SOP：发票审核失败通常与抬头、税号或邮箱格式错误有关，修改后可重新提交。,0.7
麻烦问一下发票一直没开出来怎么办,纸质发票如需邮寄，请确认邮寄地址和联系人信息无误,0.7
付款后订单一直没成功怎么处理,标准流程：若支付渠道维护中，可引导用户稍后重试或切换到其他支付方式，必要时联系人工客服协助。,0.7
怎么申请退款,平台介入后会根据聊天记录、物流记录和凭证材料综合判定,0.7
帮我看看支付时优惠券失效了怎么办,若购物车内含不参与活动商品，可能导致整单无法使用指定优惠券，完成后更新工单状态。,0.7
麻烦问一下商家拒绝退款怎么办,如订单尚未发货，可直接取消订单并原路退款,0.7
请问商家拒绝退款怎么办,标准流程：如订单尚未发货，可直接取消订单并原路退款，必要时联系人工客服协助。,0.7
咨询一下收到货不满意可以退吗,SOP：签收后七天内可申请无理由退货，超出时限需按商品规则处理。,0.7
请问领了优惠券结算时不生效该怎么办,活动价格和优惠券是否可叠加需按具体促销规则判断,0.7
账号被锁了怎么恢复登录,SOP：当用户登录失败时，检查网络状态、客户端版本和缓存，再重新尝试登录,0.7
为什么提示不满足优惠条件,标准流程：若购物车内含不参与活动商品，可能导致整单无法使用指定优惠券。,0.7
帮我看看商品坏了怎么走售后有没有处理办法,标准流程：如订单尚未发货，可直接取消订单并原路退款，并在系统中记录处理结果。,0.7
请问快递显示签收但我没收到怎么办,订单详情页可查看物流单号并跳转到承运商页面查询。,0.7
想问下发票抬头填错了怎么办,建议处理：退款完成后可能需要红冲已开具发票，并在系统中记录处理结果。,0.7
我想知道发票邮箱填错了怎么改有没有处理办法,退款完成后可能需要红冲已开具发票,0.7
为什么提示不满足优惠条件要怎么解决,若优惠券被系统回收，可能与订单取消、退款或违规活动有关，必要时联系人工客服协助。,0.7
账号登不上去提示密码错误怎么办,标准流程：当密码重置仍失败时，可提交人工审核工单，由客服核验身份后恢复账号访问，完成后更新工单状态。,0.7
快递显示签收但我没收到怎么办,标准流程：订单详情页可查看物流单号并跳转到承运商页面查询,0.7
付款后订单一直没成功怎么处理,SOP：若支付渠道维护中，可引导用户稍后重试或切换到其他支付方式,0.7
帮我看看登录时一直提示密码不对怎么办,处理规则：若邮箱未激活导致验证失败，需先完成邮箱激活后再尝试登录,0.7
帮我看看商家拒绝退款怎么办,如订单尚未发货，可直接取消订单并原路退款,0.7
咨询一下订单想退款怎么操作,标准流程：如订单尚未发货，可直接取消订单并原路退款。,0.7
订单想退款怎么操作,如订单尚未发货，可直接取消订单并原路退款,0.7
请教一下付款后订单一直没成功怎么处理,标准流程：若支付渠道维护中，可引导用户稍后重试或切换到其他支付方式，必要时联系人工客服协助。,0.7
请问优惠券被回收了怎么办,SOP：订单退款后已使用的优惠券是否返还需按活动规则判断，必要时联系人工客服协助。,0.7
帮我看看登录时一直提示密码不对怎么办,建议处理：若邮箱未激活导致验证失败，需先完成邮箱激活后再尝试登录，并在系统中记录处理结果。,0.7
帮我看看商家拒绝退款怎么办,标准流程：如订单尚未发货，可直接取消订单并原路退款，必要时联系人工客服协助。,0.7
麻烦问一下商家拒绝退款怎么办,标准流程：如订单尚未发货，可直接取消订单并原路退款，必要时联系人工客服协助。,0.7
帮我看看订单完成后怎么补开发票应该怎么弄,部分订单需在交易完成后才能进入开票流程，未完成订单暂不支持申请发票,0.7
想问下收到货不满意可以退吗该怎么办,签收后七天内可申请无理由退货，超出时限需按商品规则处理,0.7
优惠券为什么用不了应该怎么弄,处理规则：活动价格和优惠券是否可叠加需按具体促销规则判断，完成后更新工单状态。,0.7
发票一直没开出来怎么办,建议处理：纸质发票如需邮寄，请确认邮寄地址和联系人信息无误，并在系统中记录处理结果。,0.7
咨询一下付款后订单一直没成功怎么处理,建议处理：如支付成功但未收到通知，可在消息中心或订单列表中手动刷新状态，并在系统中记录处理结果。,0.7
订单支付失败怎么办,处理规则：若支付渠道维护中，可引导用户稍后重试或切换到其他支付方式。,0.7
咨询一下发货太慢怎么催应该怎么弄,处理规则：如快递异常退回仓库，需确认是否重新发货或直接退款，必要时联系人工客服协助。,0.7
请问订单重复扣款怎么退款,建议处理：若支付渠道维护中，可引导用户稍后重试或切换到其他支付方式，完成后更新工单状态。,0.7
帮我看看发票邮箱填错了怎么改有没有处理办法,建议处理：若开票金额与订单不一致，需先核对优惠、退款和实付金额后再处理，必要时联系人工客服协助。,0.7
麻烦问一下店铺券和平台券怎么一起用有没有处理办法,处理规则：优惠券到账可能存在延迟，可稍后刷新页面再次查看，完成后更新工单状态。,0.7
咨询一下发货太慢怎么催应该怎么弄,标准流程：如快递异常退回仓库，需确认是否重新发货或直接退款，并在系统中记录处理结果。,0.7
麻烦问一下登录时一直提示密码不对怎么办,若邮箱未激活导致验证失败，需先完成邮箱激活后再尝试登录。,0.7
帮我看看付款后订单一直没成功怎么处理,SOP：若支付渠道维护中，可引导用户稍后重试或切换到其他支付方式,0.7
请问订单完成后怎么补开发票,建议处理：部分订单需在交易完成后才能进入开票流程，未完成订单暂不支持申请发票，必要时联系人工客服协助。,0.7
咨询一下快递显示签收但我没收到怎么办,标准流程：订单详情页可查看物流单号并跳转到承运商页面查询，必要时联系人工客服协助。,0.7
请教一下支付成功但页面显示未支付怎么办,SOP：如支付成功但未收到通知，可在消息中心或订单列表中手动刷新状态，并在系统中记录处理结果。,0.7
麻烦问一下优惠券过期了还能恢复吗怎么处理,标准流程：若优惠券被系统回收，可能与订单取消、退款或违规活动有关，必要时联系人工客服协助。,0.7
请教一下收到货不满意可以退吗,处理规则：签收后七天内可申请无理由退货，超出时限需按商品规则处理,0.7
麻烦问一下发票一直没开出来怎么办,建议处理：纸质发票如需邮寄，请确认邮寄地址和联系人信息无误，并在系统中记录处理结果。,0.7
帮我看看发票抬头填错了怎么办,标准流程：纸质发票如需邮寄，请确认邮寄地址和联系人信息无误，必要时联系人工客服协助。,0.7
快递异常怎么处理,建议处理：对于国际物流，清关阶段可能导致物流更新较慢，完成后更新工单状态。,0.7
账号被锁了怎么恢复登录,当用户登录失败时，检查网络状态、客户端版本和缓存，再重新尝试登录,0.7
请教一下支付成功但页面显示未支付怎么办,建议处理：如支付成功但未收到通知，可在消息中心或订单列表中手动刷新状态,0.7
快递显示签收但我没收到怎么办,订单详情页可查看物流单号并跳转到承运商页面查询。,0.7
咨询一下退款审核要多久怎么处理,建议处理：商家审核通过后需在规定时间内寄回商品，否则退款申请可能关闭，必要时联系人工客服协助。,0.7
咨询一下订单想退款怎么操作,SOP：如订单尚未发货，可直接取消订单并原路退款，并在系统中记录处理结果。,0.7
请教一下付款后订单一直没成功怎么处理,标准流程：若支付渠道维护中，可引导用户稍后重试或切换到其他支付方式,0.7
我想知道发票一直没开出来怎么办,标准流程：若开票金额与订单不一致，需先核对优惠、退款和实付金额后再处理。,0.7
帮我看看支付页面卡住了怎么处理,处理规则：若支付密码连续输错，可先重置支付密码后再尝试完成付款，完成后更新工单状态。,0.7
咨询一下收到货不满意可以退吗要怎么解决,SOP：如订单尚未发货，可直接取消订单并原路退款。,0.7
想问下发票抬头填错了怎么办,标准流程：纸质发票如需邮寄，请确认邮寄地址和联系人信息无误，必要时联系人工客服协助。,0.7
优惠券过期了还能恢复吗应该怎么弄,若优惠券被系统回收，可能与订单取消、退款或违规活动有关,0.7
请教一下什么时候发货应该怎么弄,订单详情页可查看物流单号并跳转到承运商页面查询,0.7
请问怎么申请退款怎么处理,处理规则：平台介入后会根据聊天记录、物流记录和凭证材料综合判定，完成后更新工单状态。,0.7
我想知道发票抬头填错了怎么办,建议处理：退款完成后可能需要红冲已开具发票，并在系统中记录处理结果。,0.7
我想知道发票一直没开出来怎么办,处理规则：若开票金额与订单不一致，需先核对优惠、退款和实付金额后再处理。,0.7
请教一下领了优惠券结算时不生效有没有处理办法,SOP：部分优惠券仅限特定类目、商家或支付方式使用，需查看券面说明。,0.7
咨询一下发票审核失败怎么办,标准流程：若开票金额与订单不一致，需先核对优惠、退款和实付金额后再处理，完成后更新工单状态。,0.7
麻烦问一下登录时一直提示密码不对怎么办,若邮箱未激活导致验证失败，需先完成邮箱激活后再尝试登录,0.7
咨询一下发票审核失败怎么办,发票审核失败通常与抬头、税号或邮箱格式错误有关，修改后可重新提交，完成后更新工单状态。,0.7
咨询一下收到货不满意可以退吗要怎么解决,如订单尚未发货，可直接取消订单并原路退款，完成后更新工单状态。,0.7
我想知道优惠券被回收了怎么办,SOP：订单退款后已使用的优惠券是否返还需按活动规则判断，必要时联系人工客服协助。,0.7
帮我看看领了优惠券结算时不生效该怎么办,SOP：活动价格和优惠券是否可叠加需按具体促销规则判断，完成后更新工单状态。,0.7
咨询一下支付时优惠券失效了怎么办,若购物车内含不参与活动商品，可能导致整单无法使用指定优惠券，并在系统中记录处理结果。,0.7
咨询一下下单付款时提示风控拦截怎么办,若支付密码连续输错，可先重置支付密码后再尝试完成付款。,0.7
帮我看看发票一直没开出来怎么办,若开票金额与订单不一致，需先核对优惠、退款和实付金额后再处理,0.7
店铺券和平台券怎么一起用有没有处理办法,标准流程：优惠券到账可能存在延迟，可稍后刷新页面再次查看,0.7
我想知道店铺券和平台券怎么一起用如何处理,标准流程：优惠券到账可能存在延迟，可稍后刷新页面再次查看，必要时联系人工客服协助。,0.7
优惠券为什么用不了有没有处理办法,活动价格和优惠券是否可叠加需按具体促销规则判断,0.7
麻烦问一下下单付款时提示风控拦截怎么办,处理规则：若支付密码连续输错，可先重置支付密码后再尝试完成付款，并在系统中记录处理结果。,0.7
发票抬头填错了怎么办,SOP：退款完成后可能需要红冲已开具发票,0.7
想问下发票审核失败怎么办,标准流程：发票审核失败通常与抬头、税号或邮箱格式错误有关，修改后可重新提交，完成后更新工单状态。,0.7
请问商家拒绝退款怎么办,平台介入后会根据聊天记录、物流记录和凭证材料综合判定,0.7
请问快递显示签收但我没收到怎么办,处理规则：订单详情页可查看物流单号并跳转到承运商页面查询,0.7
咨询一下退款后发票怎么处理,处理规则：若开票金额与订单不一致，需先核对优惠、退款和实付金额后再处理,0.7
请问发票邮箱填错了怎么改要怎么解决,标准流程：退款完成后可能需要红冲已开具发票。,0.7
请问快递异常怎么处理,建议处理：对于国际物流，清关阶段可能导致物流更新较慢，完成后更新工单状态。,0.7
咨询一下退款审核要多久如何处理,商家审核通过后需在规定时间内寄回商品，否则退款申请可能关闭,0.7
麻烦问一下商家拒绝退款怎么办,平台介入后会根据聊天记录、物流记录和凭证材料综合判定。,0.7
帮我看看什么时候发货,标准流程：订单详情页可查看物流单号并跳转到承运商页面查询，并在系统中记录处理结果。,0.7
咨询一下发票抬头填错了怎么办,SOP：纸质发票如需邮寄，请确认邮寄地址和联系人信息无误，必要时联系人工客服协助。,0.7
请教一下支付页面卡住了怎么处理,标准流程：若支付密码连续输错，可先重置支付密码后再尝试完成付款,0.7
帮我看看优惠券过期了还能恢复吗如何处理,标准流程：若优惠券被系统回收，可能与订单取消、退款或违规活动有关，完成后更新工单状态。,0.7
为什么提示不满足优惠条件,标准流程：若购物车内含不参与活动商品，可能导致整单无法使用指定优惠券，并在系统中记录处理结果。,0.7
商品坏了怎么走售后,标准流程：如订单尚未发货，可直接取消订单并原路退款，并在系统中记录处理结果。,0.7
请教一下发票一直没开出来怎么办,建议处理：纸质发票如需邮寄，请确认邮寄地址和联系人信息无误，并在系统中记录处理结果。,0.7
麻烦问一下账号被锁了怎么恢复登录,当用户登录失败时，检查网络状态、客户端版本和缓存，再重新尝试登录,0.7
我想知道订单完成后怎么补开发票要怎么解决,部分订单需在交易完成后才能进入开票流程，未完成订单暂不支持申请发票,0.7
订单想退款怎么操作,建议处理：如订单尚未发货，可直接取消订单并原路退款。,0.7
商家拒绝退款怎么办,平台介入后会根据聊天记录、物流记录和凭证材料综合判定。,0.7
咨询一下收到货不满意可以退吗如何处理,建议处理：如订单尚未发货，可直接取消订单并原路退款，必要时联系人工客服协助。,0.7
想问下发票一直没开出来怎么办,标准流程：若开票金额与订单不一致，需先核对优惠、退款和实付金额后再处理。,0.7
咨询一下发票抬头填错了怎么办,标准流程：纸质发票如需邮寄，请确认邮寄地址和联系人信息无误，必要时联系人工客服协助。,0.7
咨询一下发货太慢怎么催如何处理,如快递异常退回仓库，需确认是否重新发货或直接退款,0.7
咨询一下付款后订单一直没成功怎么处理,SOP：如支付成功但未收到通知，可在消息中心或订单列表中手动刷新状态，并在系统中记录处理结果。,0.7
咨询一下发票审核失败怎么办,处理规则：若开票金额与订单不一致，需先核对优惠、退款和实付金额后再处理,0.7
请问商品有问题怎么退货如何处理,处理规则：如订单尚未发货，可直接取消订单并原路退款，完成后更新工单状态。,0.7
发票邮箱填错了怎么改,处理规则：若开票金额与订单不一致，需先核对优惠、退款和实付金额后再处理，完成后更新工单状态。,0.7
帮我看看优惠券过期了还能恢复吗如何处理,标准流程：若优惠券被系统回收，可能与订单取消、退款或违规活动有关，必要时联系人工客服协助。,0.7
咨询一下为什么提示不满足优惠条件,若购物车内含不参与活动商品，可能导致整单无法使用指定优惠券,0.7
快递异常怎么处理,标准流程：对于国际物流，清关阶段可能导致物流更新较慢，必要时联系人工客服协助。,0.7
我想知道订单完成后怎么补开发票要怎么解决,建议处理：部分订单需在交易完成后才能进入开票流程，未完成订单暂不支持申请发票，必要时联系人工客服协助。,0.7
订单重复扣款怎么退款怎么处理,若支付渠道维护中，可引导用户稍后重试或切换到其他支付方式,0.7
想问下优惠券为什么用不了要怎么解决,标准流程：订单退款后已使用的优惠券是否返还需按活动规则判断，完成后更新工单状态。,0.7
咨询一下连续输错密码后无法登录怎么办,当用户登录失败时，检查网络状态、客户端版本和缓存，再重新尝试登录,0.7
帮我看看快递异常怎么处理,对于国际物流，清关阶段可能导致物流更新较慢，并在系统中记录处理结果。,0.7
请教一下收到货不满意可以退吗,签收后七天内可申请无理由退货，超出时限需按商品规则处理,0.7
咨询一下包裹丢了怎么处理,处理规则：订单详情页可查看物流单号并跳转到承运商页面查询，必要时联系人工客服协助。,0.7
麻烦问一下怎么申请退款要怎么解决,建议处理：平台介入后会根据聊天记录、物流记录和凭证材料综合判定,0.7
请问订单重复扣款怎么退款,处理规则：若支付渠道维护中，可引导用户稍后重试或切换到其他支付方式。,0.7
优惠券被回收了怎么办,建议处理：订单退款后已使用的优惠券是否返还需按活动规则判断，完成后更新工单状态。,0.7
我想知道快递停滞几天了怎么办,建议处理：物流停滞受天气、节假日或中转异常影响时，可等待一到两天后再观察节点更新,0.7
退款审核要多久,商家审核通过后需在规定时间内寄回商品，否则退款申请可能关闭。,0.7
帮我看看付款后订单一直没成功怎么处理,标准流程：若支付渠道维护中，可引导用户稍后重试或切换到其他支付方式，必要时联系人工客服协助。,0.7
麻烦问一下账号登不上去提示密码错误怎么办,标准流程：当密码重置仍失败时，可提交人工审核工单，由客服核验身份后恢复账号访问，完成后更新工单状态。,0.7
请问商家拒绝退款怎么办,如订单尚未发货，可直接取消订单并原路退款,0.7
请问商品有问题怎么退货如何处理,如订单尚未发货，可直接取消订单并原路退款，必要时联系人工客服协助。,0.7
帮我看看为什么提示不满足优惠条件有没有处理办法,若优惠券被系统回收，可能与订单取消、退款或违规活动有关，必要时联系人工客服协助。,0.7
请问连续输错密码后无法登录怎么办,标准流程：当用户登录失败时，检查网络状态、客户端版本和缓存，再重新尝试登录。,0.7
咨询一下退款审核要多久如何处理,建议处理：商家审核通过后需在规定时间内寄回商品，否则退款申请可能关闭，必要时联系人工客服协助。,0.7
店铺券和平台券怎么一起用有没有处理办法,优惠券到账可能存在延迟，可稍后刷新页面再次查看，并在系统中记录处理结果。,0.7
连续输错密码后无法登录怎么办,标准流程：当用户登录失败时，检查网络状态、客户端版本和缓存，再重新尝试登录。,0.7
订单重复扣款怎么退款怎么处理,SOP：若支付渠道维护中，可引导用户稍后重试或切换到其他支付方式，必要时联系人工客服协助。,0.7
订单支付失败怎么办,若支付渠道维护中，可引导用户稍后重试或切换到其他支付方式,0.7
退款一直没到账怎么处理,SOP：如订单尚未发货，可直接取消订单并原路退款。,0.7
想问下发货太慢怎么催怎么处理,SOP：如快递异常退回仓库，需确认是否重新发货或直接退款，必要时联系人工客服协助。,0.7
请教一下快递停滞几天了怎么办,标准流程：物流停滞受天气、节假日或中转异常影响时，可等待一到两天后再观察节点更新，并在系统中记录处理结果。,0.7
发票邮箱填错了怎么改,退款完成后可能需要红冲已开具发票,0.7
请教一下包裹丢了怎么处理,订单详情页可查看物流单号并跳转到承运商页面查询,0.7
请教一下包裹丢了怎么处理,处理规则：订单详情页可查看物流单号并跳转到承运商页面查询，必要时联系人工客服协助。,0.7
咨询一下领了优惠券结算时不生效有没有处理办法,活动价格和优惠券是否可叠加需按具体促销规则判断,0.7
想问下发票审核失败怎么办,标准流程：若开票金额与订单不一致，需先核对优惠、退款和实付金额后再处理，必要时联系人工客服协助。,0.7
发票审核失败怎么办,标准流程：若开票金额与订单不一致，需先核对优惠、退款和实付金额后再处理，必要时联系人工客服协助。,0.7
商品有问题怎么退货,处理规则：如订单尚未发货，可直接取消订单并原路退款，完成后更新工单状态。,0.7
帮我看看快递异常怎么处理,建议处理：对于国际物流，清关阶段可能导致物流更新较慢，完成后更新工单状态。,0.7
咨询一下连续输错密码后无法登录怎么办,当用户登录失败时，检查网络状态、客户端版本和缓存，再重新尝试登录，并在系统中记录处理结果。,0.7
退款审核要多久,商家审核通过后需在规定时间内寄回商品，否则退款申请可能关闭,0.7
麻烦问一下店铺券和平台券怎么一起用有没有处理办法,优惠券到账可能存在延迟，可稍后刷新页面再次查看，并在系统中记录处理结果。,0.7
帮我看看退款一直没到账怎么处理,处理规则：如订单尚未发货，可直接取消订单并原路退款,0.7
请教一下发票邮箱填错了怎么改要怎么解决,处理规则：若开票金额与订单不一致，需先核对优惠、退款和实付金额后再处理，完成后更新工单状态。,0.7
咨询一下优惠券为什么用不了怎么处理,处理规则：订单退款后已使用的优惠券是否返还需按活动规则判断，并在系统中记录处理结果。,0.7
咨询一下商品坏了怎么走售后要怎么解决,标准流程：如订单尚未发货，可直接取消订单并原路退款，并在系统中记录处理结果。,0.7
领了优惠券结算时不生效,建议处理：部分优惠券仅限特定类目、商家或支付方式使用，需查看券面说明，完成后更新工单状态。,0.7
咨询一下下单付款时提示风控拦截怎么办,若支付密码连续输错，可先重置支付密码后再尝试完成付款,0.7
想问下发票审核失败怎么办,发票审核失败通常与抬头、税号或邮箱格式错误有关，修改后可重新提交，完成后更新工单状态。,0.7
商品有问题怎么退货有没有处理办法,处理规则：如订单尚未发货，可直接取消订单并原路退款，完成后更新工单状态。,0.7
请教一下支付页面卡住了怎么处理,标准流程：若支付密码连续输错，可先重置支付密码后再尝试完成付款，完成后更新工单状态。,0.7
请教一下退款后发票怎么处理,若开票金额与订单不一致，需先核对优惠、退款和实付金额后再处理,0.7
请问为什么提示不满足优惠条件怎么处理,标准流程：若购物车内含不参与活动商品，可能导致整单无法使用指定优惠券。,0.7
我想知道优惠券为什么用不了怎么处理,处理规则：活动价格和优惠券是否可叠加需按具体促销规则判断，完成后更新工单状态。,0.7
为什么提示不满足优惠条件要怎么解决,建议处理：若优惠券被系统回收，可能与订单取消、退款或违规活动有关，并在系统中记录处理结果。,0.7
商品有问题怎么退货,如订单尚未发货，可直接取消订单并原路退款,0.7
请教一下账号登不上去提示密码错误怎么办,标准流程：当密码重置仍失败时，可提交人工审核工单，由客服核验身份后恢复账号访问，并在系统中记录处理结果。,0.7
请问订单支付失败怎么办,若支付渠道维护中，可引导用户稍后重试或切换到其他支付方式。,0.7
帮我看看商品有问题怎么退货应该怎么弄,标准流程：商家审核通过后需在规定时间内寄回商品，否则退款申请可能关闭，并在系统中记录处理结果。,0.7
请问怎么申请退款怎么处理,SOP：平台介入后会根据聊天记录、物流记录和凭证材料综合判定，并在系统中记录处理结果。,0.7
想问下发票一直没开出来怎么办,处理规则：若开票金额与订单不一致，需先核对优惠、退款和实付金额后再处理,0.7
想问下收到货不满意可以退吗该怎么办,SOP：签收后七天内可申请无理由退货，超出时限需按商品规则处理。,0.7
订单重复扣款怎么退款,若支付渠道维护中，可引导用户稍后重试或切换到其他支付方式,0.7
账号登不上去提示密码错误怎么办,当密码重置仍失败时，可提交人工审核工单，由客服核验身份后恢复账号访问,0.7
请教一下付款后订单一直没成功怎么处理,处理规则：如支付成功但未收到通知，可在消息中心或订单列表中手动刷新状态,0.7
我想知道店铺券和平台券怎么一起用如何处理,处理规则：优惠券到账可能存在延迟，可稍后刷新页面再次查看，完成后更新工单状态。,0.7
想问下商品有问题怎么退货有没有处理办法,商家审核通过后需在规定时间内寄回商品，否则退款申请可能关闭，完成后更新工单状态。,0.7
帮我看看支付时优惠券失效了怎么办,标准流程：若购物车内含不参与活动商品，可能导致整单无法使用指定优惠券，必要时联系人工客服协助。,0.7
想问下商品有问题怎么退货有没有处理办法,商家审核通过后需在规定时间内寄回商品，否则退款申请可能关闭,0.7
请教一下为什么提示不满足优惠条件应该怎么弄,建议处理：若优惠券被系统回收，可能与订单取消、退款或违规活动有关，并在系统中记录处理结果。,0.7
请问快递异常怎么处理,对于国际物流，清关阶段可能导致物流更新较慢,0.7
麻烦问一下商家拒绝退款怎么办,建议处理：平台介入后会根据聊天记录、物流记录和凭证材料综合判定，完成后更新工单状态。,0.7
请教一下退款后发票怎么处理,标准流程：若开票金额与订单不一致，需先核对优惠、退款和实付金额后再处理，必要时联系人工客服协助。,0.7
帮我看看商品坏了怎么走售后有没有处理办法,如订单尚未发货，可直接取消订单并原路退款，必要时联系人工客服协助。,0.7
请教一下为什么提示不满足优惠条件应该怎么弄,建议处理：若优惠券被系统回收，可能与订单取消、退款或违规活动有关，完成后更新工单状态。,0.7
请问发票邮箱填错了怎么改要怎么解决,处理规则：退款完成后可能需要红冲已开具发票，并在系统中记录处理结果。,0.7
我想知道支付页面卡住了怎么处理,标准流程：若支付密码连续输错，可先重置支付密码后再尝试完成付款，完成后更新工单状态。,0.7
包裹丢了怎么处理,建议处理：如快递异常退回仓库，需确认是否重新发货或直接退款,0.7
咨询一下发货太慢怎么催如何处理,标准流程：如快递异常退回仓库，需确认是否重新发货或直接退款，并在系统中记录处理结果。,0.7
帮我看看为什么提示不满足优惠条件有没有处理办法,建议处理：若优惠券被系统回收，可能与订单取消、退款或违规活动有关，完成后更新工单状态。,0.7
我想知道发票抬头填错了怎么办,SOP：退款完成后可能需要红冲已开具发票,0.7
收到货不满意可以退吗,如订单尚未发货，可直接取消订单并原路退款，必要时联系人工客服协助。,0.7
请问订单完成后怎么补开发票,部分订单需在交易完成后才能进入开票流程，未完成订单暂不支持申请发票,0.7
想问下账号被锁了怎么恢复登录,当用户登录失败时，检查网络状态、客户端版本和缓存，再重新尝试登录，必要时联系人工客服协助。,0.7
咨询一下领了优惠券结算时不生效有没有处理办法,SOP：活动价格和优惠券是否可叠加需按具体促销规则判断。,0.7
请教一下领了优惠券结算时不生效有没有处理办法,部分优惠券仅限特定类目、商家或支付方式使用，需查看券面说明,0.7
帮我看看支付页面卡住了怎么处理,标准流程：若支付密码连续输错，可先重置支付密码后再尝试完成付款，完成后更新工单状态。,0.7
麻烦问一下包裹丢了怎么处理,建议处理：如快递异常退回仓库，需确认是否重新发货或直接退款,0.7
发票邮箱填错了怎么改,标准流程：退款完成后可能需要红冲已开具发票，必要时联系人工客服协助。,0.7
麻烦问一下发票审核失败怎么办,发票审核失败通常与抬头、税号或邮箱格式错误有关，修改后可重新提交，必要时联系人工客服协助。,0.7
咨询一下订单支付失败怎么办,处理规则：若支付渠道维护中，可引导用户稍后重试或切换到其他支付方式。,0.7
咨询一下快递停滞几天了怎么办,标准流程：物流停滞受天气、节假日或中转异常影响时，可等待一到两天后再观察节点更新，并在系统中记录处理结果。,0.7
付款后订单一直没成功怎么处理,建议处理：如支付成功但未收到通知，可在消息中心或订单列表中手动刷新状态，并在系统中记录处理结果。,0.7
咨询一下收到货不满意可以退吗,签收后七天内可申请无理由退货，超出时限需按商品规则处理,0.7
请问商家拒绝退款怎么办,平台介入后会根据聊天记录、物流记录和凭证材料综合判定，并在系统中记录处理结果。,0.7
我想知道优惠券被回收了怎么办,订单退款后已使用的优惠券是否返还需按活动规则判断,0.7
发票抬头填错了怎么办,标准流程：退款完成后可能需要红冲已开具发票,0.7
想问下发货太慢怎么催怎么处理,如快递异常退回仓库，需确认是否重新发货或直接退款,0.7
咨询一下收到货不满意可以退吗如何处理,如订单尚未发货，可直接取消订单并原路退款，必要时联系人工客服协助。,0.7
想问下发票抬头填错了怎么办,建议处理：纸质发票如需邮寄，请确认邮寄地址和联系人信息无误。,0.7
帮我看看订单完成后怎么补开发票应该怎么弄,处理规则：部分订单需在交易完成后才能进入开票流程，未完成订单暂不支持申请发票。,0.7
登录时一直提示密码不对怎么办,处理规则：若邮箱未激活导致验证失败，需先完成邮箱激活后再尝试登录,0.7
请教一下发票一直没开出来怎么办,纸质发票如需邮寄，请确认邮寄地址和联系人信息无误,0.7
咨询一下支付时优惠券失效了怎么办,标准流程：若购物车内含不参与活动商品，可能导致整单无法使用指定优惠券，必要时联系人工客服协助。,0.7
帮我看看退款一直没到账怎么处理,如订单尚未发货，可直接取消订单并原路退款，必要时联系人工客服协助。,0.7
咨询一下退款审核要多久怎么处理,商家审核通过后需在规定时间内寄回商品，否则退款申请可能关闭,0.7
